date,logreturn,garch_volatility,daily_sentiment_mean,daily_sentiment_std,sentiment_rolling_mean,sentiment_rolling,article_count,regime,predicted_regime
1190073600000000000,0.0114039832738268,1.1060678103605825,-0.8839892319928881,-0.38561136275896224,-0.05864365269529411,-0.05864365269529411,-0.2992807120713603,0.9999999999750633,1
1190160000000000000,0.0401301663688831,1.0074071234826896,-0.40156011288297533,0.6045913468032289,-0.22192371906311656,-0.22192371906311656,-0.10661797201873578,0.9999999999973781,1
1190246400000000000,0.0032067258542439,1.334384839408956,-2.074869401284981,-1.2824732326956907,-0.19293665724805054,-0.19293665724805054,0.27870750808651334,0.9999999999999991,1
1190332800000000000,0.018779699477461,1.1910324650652695,-0.8304645067043855,-0.024314210638770945,-1.0506537901096058,-1.0506537901096058,-0.6846061921766095,0.9999999999999818,1
1190592000000000000,0.0193768217342444,1.1489108787638844,-0.8137148469992889,0.6818089863620832,-1.7131513337268807,-1.7131513337268807,-0.877268932229234,0.9999999999999412,1
1190678400000000000,0.0013473547702389,1.1167135930968413,-0.6375494251469821,1.0969792502365294,-1.2524357601511913,-1.2524357601511913,0.47137024813913786,0.9999999999998569,1
1190764800000000000,0.0003340103028599,0.9828229411183939,-1.041776306124684,-0.31431044399357905,-1.3201692074624993,-1.3201692074624993,0.47137024813913786,0.9999999999950868,1
1190851200000000000,0.0120813266734592,0.8557157846733874,-0.35957368122479666,1.5073415360142062,-1.5307576741033593,-1.5307576741033593,-0.10661797201873578,0.9999999998921744,1
1190937600000000000,0.0041509739746342,0.7781864059881112,-0.9901524010184379,0.4937984471791333,-1.2208583984559134,-1.2208583984559134,0.27870750808651334,0.9999999993774367,1
1191196800000000000,0.0094348927932675,0.665567489160189,-0.6447086685315442,-1.4951245654724312,-1.2673534184356614,-1.2673534184356614,-0.877268932229234,0.99999999333598,1
1191369600000000000,0.0275996232647812,0.5821592776072514,-1.9674256625002413,0.2251201206462933,-1.4988971532244055,-1.4988971532244055,-0.4919434521239849,0.9999999663040343,1
1191456000000000000,-0.0004126710017726,0.733675151077184,0.1493353717595397,-0.35764498646531984,-1.1336480983629518,-1.1336480983629518,0.856695728244387,0.9999999983704483,1
1191542400000000000,-0.004386904854019,0.619784423912066,0.7863158772783863,-0.3369575753611399,-0.5765773470670124,-0.5765773470670124,1.242021208349636,0.9999999835353605,1
1191801600000000000,-0.0196190673083014,0.5211097298280475,-0.2546028412642414,-1.269928150403054,0.38405475809823214,0.38405475809823214,0.27870750808651334,0.9999998973309027,1
1191888000000000000,0.0465204433689621,0.5735884619199199,-0.6984345044258531,0.4052373244198419,0.11231235470075478,0.11231235470075478,-0.4919434521239849,0.9999999604231427,1
1191974400000000000,0.0212104477984991,1.155318963075436,-0.5693085666989035,-0.31985262826999855,-0.32221670189691,-0.32221670189691,0.6640329881917624,0.9999999999999503,1
1192060800000000000,0.0152105100274279,1.1434217365150818,-0.04578883013138572,1.099278255514671,-0.5418347835536914,-0.5418347835536914,0.47137024813913786,0.999999999999931,1
1192147200000000000,-0.0176393169980749,1.0709913059790965,-0.8710767382131696,0.7694112613519044,-0.7709657228978565,-0.7709657228978565,0.08604476803388877,0.9999999999995058,1
1192406400000000000,0.043642846374716,1.0428613519769276,-1.4173035427528209,-0.22427328059013563,-1.4312807860318255,-1.4312807860318255,-0.877268932229234,0.9999999999989576,1
1192492800000000000,-0.00041453598166,1.4397772988823259,-0.6816177055523165,1.121457678821238,-1.6350880592199732,-1.6350880592199732,1.0493584682970116,0.9999999999999988,1
1192579200000000000,-0.0193729428614358,1.2897255014881925,-1.5090496503625674,0.17918859242564347,-1.839582577508393,-1.839582577508393,-0.10661797201873578,0.999999999999998,1
1192665600000000000,-0.0381887065941969,1.2617623254267405,-1.62041372680404,0.18429151414333844,-1.7494928192086496,-1.7494928192086496,-0.10661797201873578,0.9999999999999968,1
1192752000000000000,-0.0256868836146662,1.5330111316719528,0.23757158433490436,0.9802879383258626,-1.5888508117814728,-1.5888508117814728,0.27870750808651334,0.9999999999999989,1
1193011200000000000,-0.0060196166645277,1.5595053687745069,-0.0030624599252569587,0.9332953571606145,-1.0946670095186022,-1.0946670095186022,-0.2992807120713603,0.9999999999999989,1
1193097600000000000,0.0543778812181705,1.415150673906705,-1.9758764001887974,1.5086411169787033,-1.2086062799469173,-1.2086062799469173,-1.0699316722818586,0.9999999999999989,1
1193184000000000000,0.0040929890877681,1.9789364649041545,0.21351301544227627,1.9709387853906952,-1.2163179638800663,-1.2163179638800663,-0.2992807120713603,0.9999999999999989,1
1193270400000000000,0.0131587320104256,1.8039212289128919,0.3485721062051019,0.9483369764823826,-0.46667342707444054,-0.46667342707444054,0.27870750808651334,0.9999999999999989,1
1193356800000000000,0.0236630066067942,1.6729159576448909,-2.4669258183755343,0.4930134599450994,-1.2340045874531154,-1.2340045874531154,-0.2992807120713603,0.9999999999999989,1
1193616000000000000,0.0350822667362536,1.6426917532698768,-0.8811294160132953,0.9511143892659424,-1.4107122068266071,-1.4107122068266071,0.08604476803388877,0.9999999999999989,1
1193702400000000000,-0.0063101707349497,1.7737467924853687,-0.8165962025576132,0.7137380136512758,-1.7841928475995914,-1.7841928475995914,1.242021208349636,0.9999999999999989,1
1193788800000000000,0.0054208338104667,1.6188203677510855,-0.5766939440853864,1.3950888731243665,-1.1783018305592607,-1.1783018305592607,-0.6846061921766095,0.9999999999999989,1
1193875200000000000,-0.0058127836159522,1.4650249226037124,-0.20921189438242707,0.8472051672277063,-0.965262198961482,-0.965262198961482,-0.10661797201873578,0.9999999999999989,1
1193961600000000000,0.0111791222552117,1.3250637646327816,-0.32329615139272894,0.1579328767148798,-0.8888326902384002,-0.8888326902384002,-0.877268932229234,0.9999999999999987,1
1194220800000000000,-0.0144488535857637,1.211424267247944,0.17200322477191904,-3.591275224405251,-0.2833459232824578,-0.2833459232824578,-1.4552571523871076,0.9999999999999892,1
1194307200000000000,-0.0104523645324031,1.1404011703035615,1.5690440352552237,-1.5997021011272228,0.40444449242671354,0.40444449242671354,-0.2992807120713603,0.9999999999999252,1
1194393600000000000,-0.0007174269675405,1.043138695230413,0.5770187644942008,-0.12197007092460917,0.6564612423367974,0.6564612423367974,-0.2992807120713603,0.9999999999989655,1
1194480000000000000,-0.0145633387929407,0.9135693209504853,-1.232345781557167,-0.028688735992495818,0.3650763532912099,0.3650763532912099,-0.877268932229234,0.999999999972678,1
1194825600000000000,-0.0144313186704246,0.8663936237800396,-0.7477937948530535,0.21965746460243235,0.1799751378753728,0.1799751378753728,-0.6846061921766095,0.9999999999159607,1
1194912000000000000,0.0138432804610806,0.8216845529259776,-0.7887893265379138,0.3427655326068985,-0.2578181638951464,-0.2578181638951464,-0.10661797201873578,0.9999999997643594,1
1194998400000000000,0.0416967047302312,0.760940083023392,0.06255754599276236,0.04930175928606689,0.15724747158027366,0.15724747158027366,0.08604476803388877,0.9999999990928209,1
1195084800000000000,-0.0043544042958611,1.1747796869179996,-1.6312245856324965,-0.14320866604187688,0.013345118517903173,0.013345118517903173,-0.10661797201873578,0.9999999999999708,1
1195171200000000000,-0.0008884038359657,1.0456417674005098,-0.8606495688957152,1.8956230421492881,-1.260327217954838,-1.260327217954838,-0.10661797201873578,0.9999999999990314,1
1195430400000000000,0.0001353937430652,0.9161109116309518,-1.6924124504963656,-0.2589161592569532,-0.8873226347678752,-0.8873226347678752,-0.10661797201873578,0.9999999999743094,1
1195516800000000000,-0.0216887416651492,0.7924888542052321,-1.2741920429623215,-0.18833692323754114,-1.3158015843593887,-1.3158015843593887,-0.2992807120713603,0.9999999995461358,1
1195603200000000000,-0.0387724587803643,0.8438434004091829,0.1995055840811005,0.019787470169570272,-0.7289831206877065,-0.7289831206877065,-0.2992807120713603,0.9999999998580574,1
1195689600000000000,-0.0075267868063798,1.2067899633384684,-0.5136890773061898,0.39565498000100563,-0.6177691220342685,-0.6177691220342685,0.08604476803388877,0.999999999999988,1
1195776000000000000,0.0160410340096609,1.088504487742476,0.45234938311158,0.5404629020531401,-0.8957277801480814,-0.8957277801480814,-0.2992807120713603,0.9999999999996916,1
1196035200000000000,0.0217110534837252,1.0275638690848485,1.0935793891098005,-0.4197630192488012,0.1581707501090852,0.1581707501090852,-0.4919434521239849,0.9999999999984446,1
1196121600000000000,-0.0058706613018263,1.033987553812749,-1.580095406594669,0.2101832571188718,-0.41225887222042046,-0.41225887222042046,0.47137024813913786,0.9999999999986848,1
1196208000000000000,-0.0142459525912775,0.9180347434900992,0.1932841075741519,0.8944354658158103,-0.18564714916488093,-0.18564714916488093,0.27870750808651334,0.9999999999754814,1
1196294400000000000,0.0030305863619891,0.8674172765357364,0.23465498798092377,-0.4042723180385036,-0.2554264605095413,-0.2554264605095413,-0.10661797201873578,0.9999999999179525,1
1196380800000000000,0.0224886139416321,0.7479261961452738,-0.4643264289942163,1.4485908999328412,-0.1567162768244829,-0.1567162768244829,0.6640329881917624,0.9999999987986056,1
1196640000000000000,0.0175876907757888,0.7943208248802733,-1.377866434873541,-1.1603962535342305,0.89054163769392,0.89054163769392,-0.6846061921766095,0.9999999995642392,1
1196726400000000000,-0.0011344714610707,0.7732635924983203,-0.6692438305243128,-0.4485303483432899,0.6008077791685689,0.6008077791685689,-0.2992807120713603,0.9999999993064388,1
1196812800000000000,0.0138411227301856,0.6580936609145056,0.5690088533338125,-0.3739427879544364,0.9320309342053053,0.9320309342053053,-0.4919434521239849,0.9999999922590723,1
1196899200000000000,0.0024717231296717,0.6096895482471396,-1.6251668912853732,0.8530230538723523,-0.568629270766835,-0.568629270766835,-0.877268932229234,0.9999999799894003,1
1196985600000000000,0.0032860469463574,0.5028406842334794,-0.21649756247244836,0.12955184928684435,-1.0532168049990067,-1.0532168049990067,-0.4919434521239849,0.9999998575439849,1
1197244800000000000,-0.0022957399157566,0.40295467568492277,-0.9148723505109938,-0.9097270721587685,0.06291623605789745,0.06291623605789745,-0.6846061921766095,0.9999992357358859,1
1197331200000000000,0.0226666863225683,0.30955337889612305,-1.3206604327975269,-1.0099778205666214,-0.5427944501371268,-0.5427944501371268,-0.2992807120713603,0.999996937288853,1
1197417600000000000,0.0101252531571182,0.41398632439586464,-0.26411804247646375,-0.46812707850716423,-0.10652666602937749,-0.10652666602937749,1.242021208349636,0.9999993503464047,1
1197504000000000000,-0.0165668673277088,0.3518882619559745,0.6073231266232398,-0.8454126430263017,0.15753911445191945,0.15753911445191945,0.08604476803388877,0.9999983443762692,1
1197590400000000000,-0.0017181689191183,0.37992074502539064,-0.8965260587490141,0.16487890409466327,-0.8830393355591343,-0.8830393355591343,-0.10661797201873578,0.9999988806805646,1
1197849600000000000,-0.0457935499685569,0.28644510129809936,0.4327660467810739,0.3110903714677284,0.07014058047894049,0.07014058047894049,-0.4919434521239849,0.9999957719024395,1
1197936000000000000,-0.0060247238740314,0.9768454864443213,0.9578529125328528,-0.20090569842843758,0.46182862404363767,0.46182862404363767,0.27870750808651334,0.9999999999940794,1
1198022400000000000,0.0015400249065285,0.864771444176831,1.120292013901898,-0.9356491509694236,0.6262546106385531,0.6262546106385531,0.08604476803388877,0.999999999912707,1
1198108800000000000,0.0026654928522308,0.7438712604521013,0.7720220908507488,0.2604251266682287,1.1610875848848548,1.1610875848848548,0.08604476803388877,0.9999999986893199,1
1198454400000000000,0.0372077529408176,0.6302797635040774,2.482485817371738,-3.013373756992372,1.5288887448138244,1.5288887448138244,-1.4552571523871076,0.9999999865876071,1
1198627200000000000,0.0142090922983611,0.9695043646021486,1.3886637396688797,-1.3773203195552497,1.7026249927604302,1.7026249927604302,-1.262594412334483,0.9999999999931241,1
1198713600000000000,0.0017692201533186,0.9011084631251918,-0.3777673542818244,-0.17931923518697407,1.3413708908318493,1.3413708908318493,-0.10661797201873578,0.9999999999631073,1
1198800000000000000,-0.0002959912955522,0.778479406553607,-1.318123605829743,-0.45752483064833804,1.043322270349868,1.043322270349868,0.47137024813913786,0.9999999993814316,1
1199059200000000000,0.0096413342585643,0.662182428461326,-0.7343664476732308,-1.752931270851907,-0.1370319877044749,-0.1370319877044749,-1.0699316722818586,0.9999999928668915,1
1199145600000000000,0.0009362572229952,0.5803013083781823,0.12419084017423931,0.751251589836143,-0.5423435166841949,-0.5423435166841949,-0.877268932229234,0.99999996504121,1
1199232000000000000,0.0056881873117958,0.47387467465241745,-0.4241360498283112,0.5002507070147652,-0.5572064424900802,-0.5572064424900802,0.27870750808651334,0.9999997649278836,1
1199318400000000000,-0.0001375790770708,0.38266226256185404,-0.6599071589929331,-0.17750316345524042,-0.3462231034452909,-0.3462231034452909,0.47137024813913786,0.9999989384052609,1
1199404800000000000,0.0153783093843431,0.28684134436990305,-0.4268266527632856,0.39210943475002946,-0.6689814473133087,-0.6689814473133087,-0.877268932229234,0.9999956183118467,1
1199664000000000000,0.0007647797791931,0.2867617190689199,0.8370858372183447,-0.384074253277377,-0.2582286933024141,-0.2582286933024141,-1.262594412334483,0.9999948294411666,1
1199750400000000000,0.0013925417508606,0.19564917972229168,-0.6631968788322746,-0.06358784297224251,-0.33485675718696306,-0.33485675718696306,-0.10661797201873578,0.9999760657508062,1
1199836800000000000,-0.002523932363377,0.10953666783014507,-1.0299509607627202,-0.17776946137060692,-0.4534698323621785,-0.4534698323621785,0.6640329881917624,0.9999113612023831,1
1199923200000000000,-0.0185137262677974,0.03291685148780964,-2.166730916433294,0.560250276061222,-1.0111751478879352,-1.0111751478879352,0.08604476803388877,0.999824919257831,1
1200009600000000000,0.006983879923677,0.13108806956827765,-0.02600645129442281,0.6062449416375146,-0.9663617646692149,-0.9663617646692149,-0.2992807120713603,0.9998736197213043,1
1200268800000000000,0.0010799970557015,0.06649619081070228,-0.39893756376087103,1.191137712452972,-0.7170988173357058,-0.7170988173357058,-0.2992807120713603,0.9997943424689995,1
1200355200000000000,-0.0215869089446161,-0.012879084956050446,-0.7746474229681337,0.17321238663170924,-0.2708832523921679,-0.2708832523921679,0.27870750808651334,0.9997293784224699,1
1200441600000000000,-0.0230651357398571,0.1500086724357876,-1.4376977972729914,-0.3671439266023951,-0.7233838778422572,-0.7233838778422572,0.47137024813913786,0.9999288069284877,1
1200528000000000000,-0.0038062160005014,0.3138370981627242,-1.2263440667239527,0.6598061977256287,-0.9556227824091827,-0.9556227824091827,-0.4919434521239849,0.9999951250260805,1
1200614400000000000,-0.0357916399254026,0.23018844024560933,-0.4908443102187651,0.8560944476777991,-1.3765451148580643,-1.3765451148580643,-0.10661797201873578,0.9999907471063296,1
1200873600000000000,-0.0910460677054364,0.6656925640345325,-1.7867522608116329,0.8740361430184885,-2.743761004227591,-2.743761004227591,-0.877268932229234,0.9999999928306651,1
1200960000000000000,-0.0612571675405937,2.6546677651865807,-2.1759797738530415,1.245172051049728,-3.0481552704740693,-3.0481552704740693,-0.10661797201873578,1.0000000000000002,1
1201046400000000000,0.0602199414059044,3.1468774934874597,-2.077907019888271,0.6125718922907042,-3.556869070271543,-3.556869070271543,0.6640329881917624,1.0000000000000004,1
1201132800000000000,-0.0332065668141856,3.5036809630060217,-1.6035578391839354,1.0520779893922225,-3.05612287914217,-3.05612287914217,1.0493584682970116,1.0000000000000004,1
1201219200000000000,0.0672052026164198,3.4377439912022414,-1.6676950439894094,0.58321998325894,-2.9739205077145643,-2.9739205077145643,0.08604476803388877,1.0000000000000004,1
1201478400000000000,-0.0205028079034256,3.881160012259882,-1.3187685256554873,-0.03677547479995957,-2.9315201274448692,-2.9315201274448692,-0.10661797201873578,1.0000000000000004,1
1201564800000000000,0.0012694971990299,3.677901576008774,-0.6105239295748197,-1.187132385843159,-2.461168185405123,-2.461168185405123,1.0493584682970116,1.0000000000000004,1
1201651200000000000,-0.0216691814052185,3.4152992080414686,-2.152816116026469,0.21739339503157648,-2.637226297904637,-2.637226297904637,0.47137024813913786,1.0000000000000004,1
1201737600000000000,-0.005851497569508,3.249971375277818,-1.1044901187133287,0.6859767938276093,-2.45669775555012,-2.45669775555012,0.08604476803388877,1.0000000000000004,1
1201824000000000000,0.0343993669802204,3.0162649286506764,-0.9601809941418596,0.748723668420349,-1.9593819696268129,-1.9593819696268129,0.27870750808651334,1.0000000000000004,1
1202083200000000000,0.0271333576161456,2.9897138699386363,-2.1008130773843976,-1.5030791926387594,-1.393201445091201,-1.393201445091201,-0.877268932229234,1.0000000000000004,1
1202169600000000000,0.0037268988322754,2.8880135186498292,-0.4460249712987606,0.36183433562286077,-1.1821383880773901,-1.1821383880773901,1.4346839484022607,1.0000000000000004,1
1202256000000000000,-0.0298640337331243,2.666457559671896,-1.3958894373103243,0.6967020284720626,-1.3217994716487058,-1.3217994716487058,-0.10661797201873578,1.0000000000000004,1
1202342400000000000,-0.0362134882743431,2.6359642405115684,0.4377663252181377,-0.1365170991137683,-1.41758702826447,-1.41758702826447,-0.4919434521239849,1.0000000000000004,1
1202428800000000000,-0.0025161716912677,2.689408143986411,-0.5485398832152177,0.8771242725475688,-1.2884067620543294,-1.2884067620543294,-0.4919434521239849,1.0000000000000004,1
1202688000000000000,-0.0528018517985954,2.4782103931221466,-0.8887823450382577,0.13337977143299962,-1.4846011929016145,-1.4846011929016145,0.27870750808651334,1.0000000000000004,1
1202774400000000000,-0.0038678782652841,2.83036004232662,-0.16250806491236897,-0.546344187931399,-1.6770119048816041,-1.6770119048816041,0.6640329881917624,1.0000000000000004,1
1202860800000000000,0.0186743744882208,2.614077426086827,-1.284749347364383,0.6219325986341884,-1.912994964449663,-1.912994964449663,-0.4919434521239849,1.0000000000000004,1
1202947200000000000,0.0538157074399151,2.46849731773619,-0.6386186149626983,1.0426663662343982,-1.9225547553689648,-1.9225547553689648,0.08604476803388877,1.0000000000000004,1
1203033600000000000,0.0192106552844888,2.812943003648731,-1.074052835237722,-0.23841707646624788,-1.2868714377732997,-1.2868714377732997,-0.877268932229234,1.0000000000000004,1
1203292800000000000,-0.0049150367344183,2.658317665521729,-0.3857537423539883,0.10404213055446661,-1.2221443587466678,-1.2221443587466678,-0.6846061921766095,1.0000000000000004,1
1203379200000000000,0.000738778830493,2.4529362534558086,0.26734271606310483,1.2267111484325306,-0.7246399775958313,-0.7246399775958313,-0.4919434521239849,1.0000000000000004,1
1203465600000000000,-0.0242171072696609,2.2514842689062946,0.4267401126307764,0.15183398522660746,-0.38315209362032276,-0.38315209362032276,-0.4919434521239849,1.0000000000000004,1
1203552000000000000,0.007219963101829,2.194185762270291,0.2899943101576211,-0.3540595588759112,0.05407675827643884,0.05407675827643884,1.0493584682970116,1.0000000000000004,1
1203638400000000000,-0.0157342557562111,2.015013188100841,0.7399899584088062,0.3857690638846126,0.4398742781049135,0.4398742781049135,0.6640329881917624,1.0000000000000004,1
1203897600000000000,0.017447104984219,1.8982535758055021,0.04180256195837496,-2.0831652826615636,0.37999468038807804,0.37999468038807804,-0.877268932229234,1.0000000000000004,1
1203984000000000000,0.0132465436462537,1.7910837776427349,-1.0113122469746656,-2.189050941817371,-0.037123433059365774,-0.037123433059365774,-0.6846061921766095,1.0000000000000004,1
1204070400000000000,-0.0003131205069242,1.6613995279114686,-1.8562065104663141,-1.3364524773665947,-0.8693028817071599,-0.8693028817071599,-0.4919434521239849,1.0000000000000004,1
1204156800000000000,0.0031648664901924,1.5000516660722596,-0.1856884886841694,-1.1199640314141632,-0.7790869401760664,-0.7790869401760664,-0.4919434521239849,1.0000000000000004,1
1204243200000000000,-0.0117238838012955,1.348154943449666,-1.016527481993753,0.6920457349237289,-1.28021096681686,-1.28021096681686,-0.4919434521239849,1.0000000000000002,1
1204502400000000000,-0.0531742216893249,1.2461985883423565,-1.7897695543687049,0.05834040802600064,-0.3500096125923437,-0.3500096125923437,-0.877268932229234,0.9999999999999968,1
1204588800000000000,-0.0180809122367522,1.858248269809306,0.49560887090171163,-0.023454443676039605,-0.1316279654934128,-0.1316279654934128,0.08604476803388877,1.0000000000000004,1
1204675200000000000,0.0116804816597292,1.7718045245486918,0.3491249061427407,0.43843754899438653,0.3061154275928507,0.3061154275928507,-0.4919434521239849,1.0000000000000004,1
1204848000000000000,-0.0309113241372807,1.6342524031769032,0.34792139840641123,0.6803427898848927,-0.42761119212829296,-0.42761119212829296,-0.4919434521239849,1.0000000000000004,1
1205107200000000000,0.0060175285399952,1.724188112508748,1.6938450060311465,-0.6196093868440798,-0.8974556550835634,-0.8974556550835634,-1.262594412334483,1.0000000000000004,1
1205193600000000000,0.0135524458884761,1.5663920135918445,0.8314578505455138,-0.12983909731061083,-0.3838344088428702,-0.3838344088428702,1.4346839484022607,1.0000000000000004,1
1205280000000000000,0.0012528570873274,1.4526965712480393,1.3254316929714687,-0.3464206915866884,-0.07050527996875647,-0.07050527996875647,-0.2992807120713603,1.0000000000000004,1
1205366400000000000,-0.0523308868483626,1.301688434119759,-0.6760954353397918,-0.8407647957431692,-0.06840068343739662,-0.06840068343739662,-0.6846061921766095,0.9999999999999998,1
1205452800000000000,0.0260863316614754,1.8791903950113273,-1.1396356363649076,0.5251003878716571,0.6631898897448023,0.6631898897448023,0.27870750808651334,1.0000000000000004,1
1205712000000000000,-0.0524939050441286,1.8583862494667096,1.1079609911700186,-1.2313647467820967,-0.36970422851104523,-0.36970422851104523,-1.0699316722818586,1.0000000000000004,1
1205798400000000000,0.006617901782132,2.3171889315459713,-0.9302855304186279,-0.3006042775559065,-0.4511817960643545,-0.4511817960643545,-0.2992807120713603,1.0000000000000004,1
1205884800000000000,0.0089932349320706,2.1299601095586476,0.22840209236477044,-0.21718578286842244,-0.012673810835905082,-0.012673810835905082,0.27870750808651334,1.0000000000000004,1
1206316800000000000,0.0078181328117063,1.960046006981143,-2.2833333161052085,0.15977046247827753,-0.9948460135887909,-0.9948460135887909,-1.0699316722818586,1.0000000000000004,1
1206403200000000000,0.05643745381264,1.7951493071763371,0.1426637465509447,-0.1553698020810954,-1.0655475283521056,-1.0655475283521056,-0.4919434521239849,1.0000000000000004,1
1206489600000000000,-0.0100244292144141,2.3217059756166303,-0.15805221481734164,-1.0553364752238452,-1.2158474376149835,-1.2158474376149835,0.6640329881917624,1.0000000000000004,1
1206576000000000000,0.0002898618586406,2.1517122853626756,-0.020452955854311356,-0.14245113398383472,-0.00936160654887599,-0.00936160654887599,0.08604476803388877,1.0000000000000004,1
1206662400000000000,0.0228718814070624,1.9654237344744225,-0.36184744579621697,0.5402062251750251,-0.8484752264414668,-0.8484752264414668,-0.877268932229234,1.0000000000000004,1
1206921600000000000,-0.0428939831250006,1.9021438751238542,0.3266645001055767,0.5443693159085351,0.7712404950208481,0.7712404950208481,-0.6846061921766095,1.0000000000000004,1
1207008000000000000,0.0010660288408502,2.1587245698308357,0.9528022735605686,-0.32563489946628177,1.0832057141088238,1.0832057141088238,0.47137024813913786,1.0000000000000004,1
1207094400000000000,0.0030863256888461,1.9720595534219856,-0.06848509225833342,-0.312686952072495,1.1772394764022274,1.1772394764022274,-0.2992807120713603,1.0000000000000004,1
1207180800000000000,0.0036532199206828,1.7960476691372476,-0.4076333583215862,-1.425903666381095,0.22890123747018967,0.22890123747018967,0.27870750808651334,1.0000000000000004,1
1207267200000000000,-0.0264598487889557,1.6297039556118347,1.0170593695732049,-1.1209247806233769,0.5944038004262477,0.5944038004262477,0.08604476803388877,1.0000000000000004,1
1207526400000000000,0.0242779282304417,1.6565006259724249,-0.15989787271489997,-0.13830449348911783,0.5253021702153308,0.5253021702153308,-0.2992807120713603,1.0000000000000004,1
1207612800000000000,-0.0108862037802006,1.6347868979204279,-0.7685533601352267,0.6560933087582983,0.4096136190151313,0.4096136190151313,-0.4919434521239849,1.0000000000000004,1
1207699200000000000,0.007909756784843,1.509416495869951,0.4177616700318409,0.2506928905126688,0.21751597341733464,0.21751597341733464,-0.4919434521239849,1.0000000000000004,1
1207785600000000000,-0.0029640804138146,1.3692665045949903,-1.255961729298471,-1.1202371360197487,-0.1863824889005627,-0.1863824889005627,-1.0699316722818586,1.0000000000000004,1
1207872000000000000,0.009420897706035,1.2262990971330292,-0.041510320125554744,-1.8250031867733951,-0.5686903027106316,-0.5686903027106316,-0.4919434521239849,0.9999999999999943,1
1208217600000000000,0.0210933273383761,1.1088759703019617,1.7961334563951485,-3.1174834594595984,0.7707418633518177,0.7707418633518177,-1.4552571523871076,0.999999999999824,1
1208304000000000000,0.0015664878263013,1.0999006939281082,0.6186357836293023,0.4286210318020996,0.9823437306356653,0.9823437306356653,0.47137024813913786,0.9999999999997748,1
1208390400000000000,0.0144431245614098,0.9669644742799873,-0.8532978516187655,1.1416969513211956,0.8689435395649555,0.8689435395649555,-0.4919434521239849,0.9999999999926728,1
1208736000000000000,0.0157275784072801,0.9007679916090456,1.3145696792844739,-1.0937482916926837,1.5221652637302299,1.5221652637302299,-1.0699316722818586,0.9999999999628053,1
1208822400000000000,0.0024389143734745,0.8513872798283699,-0.47778655753165494,-0.6321530475053776,1.1707203132840172,1.1707203132840172,0.08604476803388877,0.9999999998807753,1
1208908800000000000,-0.0052620728895007,0.7319328493468584,0.024942674973693905,-0.5431764629004321,1.4522297159666755,1.4522297159666755,0.27870750808651334,0.9999999983095799,1
1208995200000000000,-0.0045795767315603,0.6304680834435084,-0.45570194428518074,0.15800747951820165,1.006055119521192,1.006055119521192,-0.10661797201873578,0.9999999866271934,1
1209081600000000000,0.0221241366001511,0.531940696377335,1.9312987335928202,-1.5518630740116508,0.7600946316570565,0.7600946316570565,0.27870750808651334,0.9999999153731756,1
1209340800000000000,-0.0043230213840824,0.5983474318546438,-3.788276082491404,,-1.3217525630233178,-1.3217525630233178,-1.6479198924397322,0.9999999751300412,1
1209427200000000000,0.0205838195785686,0.500629676572816,1.2113863987564484,-0.6273235866801455,-0.7873875121530947,-0.7873875121530947,-0.10661797201873578,0.9999998528207608,1
1209513600000000000,-0.0057135480647167,0.5477258676197386,1.4853635366686415,-0.09717673774337433,-0.9303266582300467,-0.9303266582300467,4.517287789244254,0.9999999361305492,1
1209686400000000000,0.0119877696889603,0.4589861857815599,0.0119251339239821,1.1193105294063792,-0.24009016566746955,-0.24009016566746955,-0.4919434521239849,0.9999996988163597,1
1209945600000000000,-0.0068999586907004,0.40888904957660505,0.7845995484669173,-0.04029473212428774,-0.19987202647281627,-0.19987202647281627,-1.0699316722818586,0.9999993083926548,1
1210032000000000000,-0.0092098084650326,0.3352249250717,0.4012781906369734,0.9319342753724175,-0.1663159737297829,-0.1663159737297829,0.08604476803388877,0.9999978105894624,1
1210118400000000000,-0.0017801111553528,0.2832675562514315,-0.1733080866184117,0.4903438409273084,-0.22569024728351497,-0.22569024728351497,-0.10661797201873578,0.9999949225929318,1
1210204800000000000,-0.0105313199109332,0.1951232944328151,0.7263380567070236,0.2161593598089725,0.48340851488652853,0.48340851488652853,0.27870750808651334,0.9999830256970775,1
1210291200000000000,-0.0196940269640641,0.16601705033753103,-0.10824305069852613,-1.3939196599877894,0.5335839605375579,0.5335839605375579,-0.877268932229234,0.9999765840627003,1
1210550400000000000,0.0060128351412852,0.26545151270536665,0.8507552016692019,-1.0593480978237524,1.0828108965119299,1.0828108965119299,-1.262594412334483,0.999992302762746,1
1210636800000000000,-0.0110026433319476,0.18762948029649712,0.6352887927181017,0.6180953273439097,1.0536261536719864,1.0536261536719864,-0.4919434521239849,0.9999803055764936,1
1210723200000000000,0.0108231009443863,0.16395418029925224,0.9940452411287611,0.7374999103152066,1.4069513638172728,1.4069513638172728,0.08604476803388877,0.9999700985640002,1
1210809600000000000,0.0204411185620829,0.12584887641232342,0.11075828356417407,0.9913105788661276,1.0997243325600015,1.0997243325600015,-0.10661797201873578,0.9999581277885586,1
1210896000000000000,0.0082645074929554,0.2182097307159153,-2.1241499042752867,-0.6334803144405079,0.1604883707877484,0.1604883707877484,-0.10661797201873578,0.9999824540898388,1
1211241600000000000,-0.0102800860486838,0.15602944757310247,-0.12347356146685393,0.3666589510349662,0.7902557175946752,0.7902557175946752,-0.10661797201873578,0.999963468834709,1
1211328000000000000,0.0024846347197979,0.12762991247598016,0.23136429031118957,0.8714434231602569,1.5452873676386134,1.5452873676386134,0.08604476803388877,0.9999330672255256,1
1211414400000000000,-0.01818028918954,0.04636701028814067,0.7899838603195942,0.6137917276437987,1.5165631693715225,1.5165631693715225,-0.10661797201873578,0.999877425731005,1
1211500800000000000,-0.0158247166363161,0.13687995918704535,0.21445742818076746,0.63136451213406,0.6927091103343432,0.6927091103343432,-0.6846061921766095,0.9999410331125893,1
1211760000000000000,-0.0145600036589672,0.17857720568933422,1.1939212739054081,0.9393145722679099,2.2887960423255813,2.2887960423255813,-1.0699316722818586,0.9999717261449591,1
1211846400000000000,-0.0031330761309393,0.19801526460773014,0.859758986955042,-0.8932774957478943,2.3111616171612845,2.3111616171612845,1.627346688454885,0.9999769155551345,1
1211932800000000000,0.0119758836455057,0.11843775571698772,1.5758820189506846,-0.8231210441622258,2.7475498408203918,2.7475498408203918,-0.4919434521239849,0.9999429365175229,1
1212019200000000000,-0.0170299941012016,0.09521902299736981,0.2245307903902465,0.8349001289780127,2.0288119092573242,2.0288119092573242,-0.877268932229234,0.9999268388678263,1
1212105600000000000,0.0071713566596483,0.16029690962308524,0.37594444197622134,1.0481811851476384,1.3667815610048786,1.3667815610048786,-0.2992807120713603,0.999956204605446,1
1212364800000000000,-0.02716172625202,0.0949614444833556,-0.4870905867579004,1.221708232838881,0.8352715840664142,0.8352715840664142,-0.2992807120713603,0.9999431778923124,1
1212451200000000000,-0.0050130072328518,0.35525499598475185,0.30584817501543676,1.1179620157755001,0.8613368904152022,0.8613368904152022,1.0493584682970116,0.9999976114114302,1
1212537600000000000,-0.0280187773839173,0.2744645752335021,1.071950826305252,0.34245571767997884,1.084433337895247,1.084433337895247,0.47137024813913786,0.9999949575141129,1
1212624000000000000,0.0197252498856163,0.5170360043866498,-0.2305818759292839,-0.5104621605201956,0.6720510367721763,0.6720510367721763,0.08604476803388877,0.9999998849088859,1
1212710400000000000,-0.0105646788519265,0.550062827160797,1.5880555137965704,-0.6774739770696769,0.7315217093084824,0.7315217093084824,1.0493584682970116,0.9999999388770623,1
1212969600000000000,-0.0277930219815051,0.493850786898576,0.028999534176420885,1.0472607626312203,1.3226574118470862,1.3226574118470862,-0.10661797201873578,0.9999998344883905,1
1213056000000000000,-0.011429421544689,0.6916245616867249,1.6350307874038397,-1.459337424794666,1.9206570379060417,1.9206570379060417,0.27870750808651334,0.9999999960721891,1
1213142400000000000,0.0164490511477083,0.6324564120568946,1.3937148381604456,-1.0995101351683583,1.8583634795256994,1.8583634795256994,-0.10661797201873578,0.9999999871442238,1
1213228800000000000,0.0034756929070893,0.6129778959110096,-0.09998357728777568,0.25155153725045853,1.5895056441671431,1.5895056441671431,0.27870750808651334,0.9999999812164239,1
1213315200000000000,-0.004913634876089,0.5076285509890001,1.3626994329917954,-0.040801037962253976,1.3957657237967807,1.3957657237967807,0.6640329881917624,0.9999998691666366,1
1213574400000000000,0.0121898846486777,0.417486221743758,1.0618767072165953,-0.5289644966460364,0.592828605846823,0.592828605846823,0.6640329881917624,0.9999994028299959,1
1213660800000000000,0.0174520715796276,0.37233739704573987,1.7216381447010545,-0.17466201252537772,1.176727466515995,1.176727466515995,0.08604476803388877,0.9999987871300265,1
1213747200000000000,-0.0152893158295348,0.3899982656190729,0.03647198705768891,1.2829098651580508,0.751621262894506,0.751621262894506,0.27870750808651334,0.9999990725021851,1
1213833600000000000,-0.0172014615193041,0.39723349020482007,0.3434631011448525,1.8759071570970784,0.518408959860623,0.518408959860623,-0.2992807120713603,0.9999991759989245,1
1213920000000000000,-0.0354089723956698,0.4290859755082882,0.2643937529874388,1.2375268186671413,1.109648012729327,1.109648012729327,0.47137024813913786,0.9999995068819679,1
1214179200000000000,-0.0188420657033616,0.8059057912001867,-0.12119435333957833,0.2553808347951617,0.026498230397219078,0.026498230397219078,-0.4919434521239849,0.999999999662186,1
1214265600000000000,-0.0178071048017219,0.8168401501608716,1.2732868195684002,-0.8832503233025719,0.3245420027441602,0.3245420027441602,0.856695728244387,0.9999999997370312,1
1214352000000000000,0.0145790424578539,0.8137662901837913,0.053204142866192565,0.07456954390339059,0.25684772173815074,0.25684772173815074,0.08604476803388877,0.9999999997181231,1
1214438400000000000,0.0147520199462928,0.7602568107082956,-1.1562363567489422,1.376537245864192,-0.3396775427213336,-0.3396775427213336,-0.4919434521239849,0.9999999990792603,1
1214524800000000000,-0.0424080570932091,0.7125220159255025,1.7535773508694867,-1.9829946423218208,0.5887078126945368,0.5887078126945368,-0.2992807120713603,0.999999997456501,1
1214784000000000000,-0.0235054245184323,1.1908395987860745,-0.09202713557661849,0.14702185828559958,-0.8487204713971133,-0.8487204713971133,1.627346688454885,0.9999999999999832,1
1214870400000000000,-0.036237961018401,1.2238173555474812,-0.18389208176316393,-0.005103527400725401,-0.9247188050571308,-0.9247188050571308,0.47137024813913786,0.9999999999999942,1
1214956800000000000,0.0492208571741045,1.4633261240208115,0.807125929443603,-0.3886350032879977,-0.2953867169784859,-0.2953867169784859,0.856695728244387,1.0000000000000009,1
1215043200000000000,-0.0418063137782018,1.8973217158700812,0.49601733332115705,-0.12757737427661542,-0.6984824050711178,-0.6984824050711178,0.6640329881917624,1.0000000000000009,1
1215129600000000000,0.0227289666065019,2.134584727923094,1.6368356530020374,0.07108393189329669,0.8648262701534585,0.8648262701534585,0.08604476803388877,1.0000000000000009,1
1215388800000000000,0.0034799935691636,2.0565444235674786,0.1562014580844784,0.0902241232563217,1.7351295143561867,1.7351295143561867,-0.877268932229234,1.0000000000000009,1
1215475200000000000,-0.0103386073849276,1.8767126408373693,1.221288538501652,-0.10618754415410664,1.9676064470086434,1.9676064470086434,0.27870750808651334,1.0000000000000009,1
1215561600000000000,0.0413899707084142,1.733812129110115,1.3405133699286744,-1.0892652579654842,1.8726239150214206,1.8726239150214206,0.27870750808651334,1.0000000000000009,1
1215648000000000000,0.0012260882803983,1.9610972726458198,0.23706428080196626,0.7314075917175706,1.4600105936157404,1.4600105936157404,-0.10661797201873578,1.0000000000000009,1
1215734400000000000,-0.0275738905124523,1.7844023033085166,1.2027029280855257,0.38274742598109757,1.343617266498618,1.343617266498618,0.6640329881917624,1.0000000000000009,1
1215993600000000000,-0.0022995173469942,1.8100632270179269,-0.08691377846475011,0.5022022044739722,-0.30366187268485967,-0.30366187268485967,1.0493584682970116,1.0000000000000009,1
1216080000000000000,-0.0452182774380916,1.64321026466661,1.1332737905252013,-0.368342142953367,-0.016392729299292065,-0.016392729299292065,1.0493584682970116,1.0000000000000009,1
1216166400000000000,-0.0115659801397664,1.9888925863569002,-0.7532288595901205,0.1206220874088369,-0.643343060745454,-0.643343060745454,0.08604476803388877,1.0000000000000009,1
1216252800000000000,0.033620292297464,1.8461244296736732,-0.03808321618986309,-0.02762528058233113,-0.6623836669683507,-0.6623836669683507,0.27870750808651334,1.0000000000000009,1
1216339200000000000,0.0360884866196913,1.9292430060364936,-0.015326282813123277,0.45205610787047307,0.08773396540021101,0.08773396540021101,0.27870750808651334,1.0000000000000009,1
1216598400000000000,0.0162999336994783,2.0399929523504636,1.4865355457004306,-0.7107442494511234,0.6482466845949595,0.6482466845949595,0.08604476803388877,1.0000000000000009,1
1216684800000000000,0.0191920021611929,1.9147970625016495,-0.18918223425855638,0.8005465315315322,0.5998137177316657,0.5998137177316657,0.6640329881917624,1.0000000000000009,1
1216771200000000000,0.0543215849583228,1.8208665321403754,0.8955872535851443,0.7040367617198847,0.8917960594279273,0.8917960594279273,-0.6846061921766095,1.0000000000000009,1
1216857600000000000,-0.0097078883687769,2.29456210310964,0.7958760455984364,-0.0022828539566894595,1.2919515183387964,1.2919515183387964,1.4346839484022607,1.0000000000000009,1
1216944000000000000,-0.027833504484506,2.12465272768456,1.4034494224887093,-1.5384784594569243,1.418781955707838,1.418781955707838,-0.10661797201873578,1.0000000000000009,1
1217203200000000000,0.0046853664326013,2.119974304349295,-1.817284100749919,1.192383168322515,-0.8879978111327435,-0.8879978111327435,-0.6846061921766095,1.0000000000000009,1
1217289600000000000,-0.0333874783622695,1.9387449069083076,-1.610659147458724,-0.10690903284438358,-1.6593836265435231,-1.6593836265435231,1.8200094285075097,1.0000000000000009,1
1217376000000000000,0.0290962286251245,2.029864141944602,-2.2981758472940728,-1.0274088545390467,-2.845894937624406,-2.845894937624406,-0.6846061921766095,1.0000000000000009,1
1217462400000000000,0.00448746271462,2.0314088221262883,-2.3125290119803483,-0.26797832743080313,-3.2120407538967224,-3.2120407538967224,0.6640329881917624,1.0000000000000009,1
1217548800000000000,0.0184306616202462,1.8543639739438114,-0.8370324465091952,-0.37361016161843397,-2.834098212614163,-2.834098212614163,0.6640329881917624,1.0000000000000009,1
1217808000000000000,-0.0041321239039688,1.758272454104157,-0.9754863839456319,-0.23748562721842853,-1.260470967025783,-1.260470967025783,-0.877268932229234,1.0000000000000009,1
1217894400000000000,0.0241633651919517,1.5976954922709572,1.2261937065625512,-0.7262379008230142,-0.12617610292776754,-0.12617610292776754,0.27870750808651334,1.0000000000000009,1
1217980800000000000,0.0032592169311085,1.5799891907019232,-0.2741175507856256,0.8912563899031718,0.05425947395360729,0.05425947395360729,0.47137024813913786,1.0000000000000009,1
1218067200000000000,0.0013936545350367,1.4241314092489572,-1.7381114858499387,-0.7307139676576744,-0.5167851339239526,-0.5167851339239526,0.47137024813913786,1.0000000000000009,1
1218153600000000000,0.0012481353347164,1.2746166695458978,-0.8061270530400195,0.3714734330909934,-0.8121347451198768,-0.8121347451198768,1.4346839484022607,0.9999999999999992,1
1218412800000000000,0.019869702169296,1.1326489383840137,0.023549808977039115,1.417742512985681,-0.9116717125410453,-0.9116717125410453,-0.2992807120713603,0.9999999999999092,1
1218499200000000000,-0.0148596440666858,1.107320112199519,-0.7383453232874002,-0.8558537072323678,-0.5912087337517336,-0.5912087337517336,0.08604476803388877,0.9999999999998166,1
1218585600000000000,-0.0051094548763935,1.047851313188083,0.7973611161674159,0.19021357828635185,-0.07722995111265707,-0.07722995111265707,0.27870750808651334,0.9999999999990881,1
1218672000000000000,-0.0219545321535508,0.92814431442559,-0.5951128674596923,0.3629899017413686,-0.14132721986432437,-0.14132721986432437,1.0493584682970116,0.9999999999808358,1
1219017600000000000,-0.0085339269867482,0.9680704630143805,0.10688629567254425,0.5919600755519269,-0.9125523246199096,-0.9125523246199096,0.27870750808651334,0.9999999999928737,1
1219104000000000000,-0.0056612309761121,0.8694498325990927,0.4666248229191729,-0.18527547833388605,-0.5722251204268872,-0.5722251204268872,1.8200094285075097,0.9999999999217752,1
1219190400000000000,0.010815223816405,0.7618898611280217,-0.16090639854256067,-0.17982992899010747,-0.39734468498495773,-0.39734468498495773,0.47137024813913786,0.999999999111293,1
1219276800000000000,-0.0303255342901458,0.6814333579694388,-0.9833430758608056,0.7881647053281883,-0.1197636842877539,-0.1197636842877539,1.0493584682970116,0.9999999951685826,1
1219363200000000000,0.0101263383565805,0.8969347238682222,-1.3041484128096352,0.2963488959092834,-0.5900782463859616,-0.5900782463859616,0.27870750808651334,0.9999999999592255,1
1219622400000000000,0.0018238685567018,0.8033158184419248,0.7729052290505686,0.8592923465649843,-0.9439092556638684,-0.9439092556638684,-0.877268932229234,0.999999999643483,1
1219708800000000000,0.0004957775964252,0.6857619715742744,0.5052080682639167,-1.0609266031506142,-0.46677214941917955,-0.46677214941917955,-0.4919434521239849,0.9999999955757891,1
1219795200000000000,-0.0105219988621598,0.5738879144741461,1.1085580329581228,-1.848499373756075,0.30659178657674757,0.30659178657674757,0.47137024813913786,0.9999999606380204,1
1219881600000000000,-0.0183638310288204,0.5155822779716471,0.3911440459394058,-0.4334056270590895,1.6459666043065664,1.6459666043065664,0.47137024813913786,0.9999998867396662,1
1219968000000000000,0.0340597419789455,0.5506214261099842,0.6708438949913293,0.06541608860413119,1.1163201950971278,1.1163201950971278,0.27870750808651334,0.9999999395820903,1
1220227200000000000,-0.0026066277115404,0.8366448981662867,-0.5871523875072957,0.6921766325039963,-0.34570632397043083,-0.34570632397043083,-0.2992807120713603,0.9999999998324148,1
1220313600000000000,0.0351004611879867,0.7208111023219597,0.38606516551943737,0.7406540635202513,-0.34733429779995717,-0.34733429779995717,0.08604476803388877,0.9999999978622,1
1220486400000000000,-0.0125675405046414,0.9960608817624999,-0.6007217812227614,-0.6026413160733198,-0.696795782868225,-0.696795782868225,-0.4919434521239849,0.9999999999964939,1
1220572800000000000,-0.0216939542071026,0.924506636063134,0.4914247187701194,-0.43924243879134567,-0.10505342491160315,-0.10505342491160315,0.08604476803388877,0.9999999999790559,1
1220832000000000000,0.0294318678431962,0.9611919686305138,-0.9839936701112354,1.5718820860976195,-0.2894368772550893,-0.2894368772550893,-0.6846061921766095,0.999999999991534,1
1220918400000000000,-0.0030386816756627,1.0898623893660935,0.47694333067348094,0.09415953562206585,0.05599566970209393,0.05599566970209393,-0.6846061921766095,0.9999999999997048,1
1221004800000000000,-0.0154362248012365,0.9616727107599227,0.21371541558920987,-0.010892547926949067,-0.033020696191657664,-0.033020696191657664,-0.10661797201873578,0.9999999999916352,1
1221091200000000000,-0.0253047424512864,0.9193566907960813,0.49415364805493484,0.04862277363775617,-0.09678692952766473,-0.09678692952766473,0.6640329881917624,0.9999999999762583,1
1221177600000000000,-0.0145210732043965,1.0103832312935348,0.5839148951031028,-0.6176575630886564,0.2624309741506629,0.2624309741506629,0.27870750808651334,0.9999999999975735,1
1221436800000000000,-0.0374802893757936,0.9551962156535366,0.904012419579384,-1.5111472333512983,0.964477296782051,0.964477296782051,-0.6846061921766095,0.9999999999901682,1
1221523200000000000,0.0004909300886401,1.2676228068869886,0.3586896619532007,-0.22425317781309392,1.010947041985729,1.010947041985729,1.8200094285075097,0.9999999999999994,1
1221609600000000000,-0.0164914454622957,1.125956694715502,-0.2590242584649703,-0.016195599312577635,0.7695249529814225,0.7695249529814225,2.012672168560134,0.9999999999998912,1
1221696000000000000,0.0074319050330119,1.0809902200763577,0.5325731286644554,-0.28247865181657794,0.7530679693132989,0.7530679693132989,1.627346688454885,0.9999999999996245,1
1221782400000000000,0.0500140687244517,0.9626809582341299,-0.1996309109849094,0.03723821786495573,0.43933150668516474,0.43933150668516474,0.08604476803388877,0.9999999999918435,1
1222041600000000000,-0.0052431412874912,1.5301843917759343,0.6329282059586349,0.37769564660878685,0.020106713240975748,0.020106713240975748,0.47137024813913786,1.0000000000000013,1
1222128000000000000,-0.023031073419284,1.3847790871338879,0.48769375409431187,-0.004274940691506187,0.005721171301762938,0.005721171301762938,1.627346688454885,1.0000000000000013,1
1222214400000000000,0.0082890137695996,1.3916690069494522,0.6578513588612364,-0.5423073043396451,0.2805767652834475,0.2805767652834475,0.47137024813913786,1.0000000000000013,1
1222300800000000000,-0.0122587179156393,1.2595623476547342,0.4936735380045419,-0.07195118504477116,0.2775753244523135,0.2775753244523135,0.856695728244387,0.9999999999999988,1
1222387200000000000,-0.0309567464598392,1.1673175165994607,-0.04527039336529266,-0.29534773706388523,0.7246924598980311,0.7246924598980311,0.856695728244387,0.9999999999999665,1
1222646400000000000,-0.0345138976208045,1.3188346949770713,0.2715607250512171,-0.1637083210685372,0.4720821132423514,0.4720821132423514,-0.10661797201873578,1.0000000000000007,1
1222732800000000000,0.018311569042277,1.5111644509119277,0.35372026760546127,0.1861507361775693,0.3745965620245954,0.3745965620245954,0.856695728244387,1.0000000000000013,1
1222819200000000000,0.0075077173539844,1.4391548506703349,0.31881368699035584,-0.4398453765164652,0.3185473468930958,0.3185473468930958,1.4346839484022607,1.0000000000000013,1
1222992000000000000,-0.0341001241322184,1.3013355427610094,1.0517741402683594,-0.24310340898082505,0.6273097249271595,0.6273097249271595,-0.10661797201873578,1.0000000000000007,1
1223251200000000000,-0.0582188727927145,1.4888259017091883,0.3212087272239869,0.3319716285982042,0.4581868032775721,0.4581868032775721,0.47137024813913786,1.0000000000000013,1
1223337600000000000,0.0011790899859858,2.1656291907706535,-0.5927309582459717,-0.4607732257595634,0.29153006983226726,0.29153006983226726,0.47137024813913786,1.0000000000000013,1
1223424000000000000,-0.0261101719508087,1.9786362376327016,-0.4054731903296293,-0.44891296546192644,-0.17557297674337904,-0.17557297674337904,0.6640329881917624,1.0000000000000013,1
1223596800000000000,-0.0688271919267466,1.966718626987752,-1.1057858043176167,-0.3198957163032049,-0.6394707585526624,-0.6394707585526624,-0.2992807120713603,1.0000000000000013,1
1223856000000000000,0.0622741116895155,2.788480369389234,-1.0410837937475312,-0.05055978709638605,-0.763816275809162,-0.763816275809162,1.0493584682970116,1.0000000000000013,1
1223942400000000000,0.0079750903850958,3.2461418417769843,-1.1544102825651779,0.12368605479179598,-1.054932728624691,-1.054932728624691,2.012672168560134,1.0000000000000013,1
1224028800000000000,-0.0525857445223908,3.0141516982123093,-0.7352069395356879,-0.04637878006478835,-0.9361481454577749,-0.9361481454577749,1.627346688454885,1.0000000000000013,1
1224115200000000000,-0.0209157113922443,3.279173606293506,-0.5080064609183754,-0.34028435346439834,-1.198172281640641,-1.198172281640641,1.4346839484022607,1.0000000000000013,1
1224201600000000000,-0.0614823810853935,3.1172321661085522,-1.7015588421984695,-0.6072188543741889,-1.6367562564706164,-1.6367562564706164,1.4346839484022607,1.0000000000000013,1
1224460800000000000,0.0156365223348502,3.5317623680757753,0.6519707846344325,-0.25683575266158803,-1.6252184402801202,-1.6252184402801202,-0.877268932229234,1.0000000000000013,1
1224547200000000000,0.0352679344856559,3.3129134438516727,-1.570383182202934,-0.9965004670797806,-1.965750478118494,-1.965750478118494,1.0493584682970116,1.0000000000000013,1
1224633600000000000,-0.0539015094140702,3.269811234151033,-1.1557255855217694,0.006132660075131404,-1.7907902145019057,-1.7907902145019057,3.3613113489285062,1.0000000000000013,1
1224720000000000000,-0.04061607280037,3.521395307328588,-1.1343428292722182,-0.08059081792944023,-1.5590401201261765,-1.5590401201261765,3.168648608875882,1.0000000000000013,1
1224806400000000000,-0.1301418172508666,3.5422688033687697,-0.8488313396808521,-0.3704452071069066,-1.2896283667503223,-1.2896283667503223,4.32462504919163,1.0000000000000013,1
1225065600000000000,-0.0234144244219625,5.582783750274972,-0.38320030610039657,-0.3332869699690734,-2.034107887259362,-2.034107887259362,0.08604476803388877,1.0000000000000013,1
1225238400000000000,0.0662344397091618,5.294404049347604,-1.8535112809610628,-0.2530646652330629,-2.2103853730266283,-2.2103853730266283,-1.0699316722818586,1.0000000000000013,1
1225411200000000000,0.0675742832422518,5.461872811749134,-2.143104108826189,0.09245723483840237,-1.7928848862209652,-1.7928848862209652,-0.6846061921766095,1.0000000000000013,1
1225670400000000000,0.0533903091518483,5.62981501125671,-1.4832041691737519,-0.40803658486858024,-2.3585355394843295,-2.3585355394843295,0.47137024813913786,1.0000000000000013,1
1225756800000000000,0.0317682036671121,5.5896801709664725,-0.44105498708654156,-1.6506039293053947,-2.317867852719071,-2.317867852719071,2.012672168560134,1.0000000000000013,1
1225843200000000000,-0.047963876635013,5.3452043154463915,-0.20277554921554508,-0.4604658950433766,-1.695918947738096,-1.695918947738096,1.8200094285075097,1.0000000000000013,1
1225929600000000000,-0.0347545173986808,5.2847626933478695,-0.5179865067006777,-0.7901242298041365,-1.1792119409751993,-1.1792119409751993,4.32462504919163,1.0000000000000013,1
1226016000000000000,0.0273985407808873,5.096433815719549,0.41563876704465536,-0.7911896567483627,-0.7037075576354364,-0.7037075576354364,3.3613113489285062,1.0000000000000013,1
1226275200000000000,0.0572751988878581,4.852977117321298,-0.9444758544959796,-0.8942083537974856,0.14190272484645486,0.14190272484645486,1.8200094285075097,1.0000000000000013,1
1226361600000000000,-0.0688964839154764,4.940105875040689,-0.5058575568918176,-0.6008880627286591,0.14579051334228768,0.14579051334228768,1.8200094285075097,1.0000000000000013,1
1226448000000000000,-0.0311752894442067,5.217420617602891,-0.93698015930987,-1.2164701602257062,-0.2877751608503091,-0.2877751608503091,1.4346839484022607,1.0000000000000013,1
1226620800000000000,-0.0134659040459035,5.004374345273242,-1.2228902885673343,0.03571014933682361,-1.3857901792489387,-1.3857901792489387,-0.4919434521239849,1.0000000000000013,1
1226880000000000000,-0.0038503580772936,4.70175131387148,-1.1088836523160148,0.5540112143731789,-1.2238404181052929,-1.2238404181052929,-0.2992807120713603,1.0000000000000013,1
1226966400000000000,-0.0424672663701845,4.391018348561602,-0.20583421825485526,-0.2798169204958042,-1.0503411125790567,-1.0503411125790567,1.627346688454885,1.0000000000000013,1
1227052800000000000,-0.0181082590574281,4.352178767585271,0.19490508375317422,-0.031192168555843277,-0.5958839151450411,-0.5958839151450411,1.0493584682970116,1.0000000000000013,1
1227139200000000000,-0.031555329302691,4.106543106408598,-0.6164236587221836,-0.1537083553108755,-0.7979857808211858,-0.7979857808211858,1.8200094285075097,1.0000000000000013,1
1227225600000000000,0.0534950289393269,3.9758201475161363,-0.05356833738399671,-0.5776517932082924,-0.5628062425925786,-0.5628062425925786,1.627346688454885,1.0000000000000013,1
1227484800000000000,0.0054797882135782,4.1067766739241405,-0.5574934866198304,0.9922420471513327,-0.35877950346594994,-0.35877950346594994,0.08604476803388877,1.0000000000000013,1
1227571200000000000,-0.020234733933524,3.8261103806523726,-0.641038909747999,0.4668195184460519,-0.3666696251391628,-0.3666696251391628,2.7833231287706326,1.0000000000000013,1
1227657600000000000,0.0363508230583596,3.6245288250375722,-0.18326248584844762,-0.23427149990857726,-0.40824151935283726,-0.40824151935283726,0.6640329881917624,1.0000000000000013,1
1227830400000000000,0.0010350160640398,3.5664055068558693,1.4241768708837095,-1.479243296359019,-0.12458945904535765,-0.12458945904535765,-0.2992807120713603,1.0000000000000013,1
1228089600000000000,-0.0265555123938194,3.309329210823266,-2.0872842809313594,-0.40216367606867937,-0.3141979548929993,-0.3141979548929993,-0.877268932229234,1.0000000000000013,1
1228176000000000000,-0.0093995313516929,3.192066732974241,0.40051486573826106,-0.9235914591140555,-0.03674917159158158,-0.03674917159158158,1.627346688454885,1.0000000000000013,1
1228262400000000000,-0.0005081046940946,2.9718152958392694,-0.7245396403132078,0.34640490292393755,-0.7254943197440311,-0.7254943197440311,1.0493584682970116,1.0000000000000013,1
1228348800000000000,0.0483338663054694,2.744688839219551,-1.776710169366103,-0.8926696694314327,-1.2296892204514127,-1.2296892204514127,1.0493584682970116,1.0000000000000013,1
1228435200000000000,-0.0267535943874983,2.9484464847384335,-1.6106822603784792,-0.3899512047433736,-1.847809703395347,-1.847809703395347,0.47137024813913786,1.0000000000000013,1
1228694400000000000,0.0253178439613942,2.8607482535729534,0.21504166147492906,0.33262128376610517,-1.1054861830301155,-1.1054861830301155,1.242021208349636,1.0000000000000013,1
1228867200000000000,0.0505162324956738,2.751908216515467,-0.41003747442736876,0.11509644785174183,-0.18215567972180768,-0.18215567972180768,-0.4919434521239849,1.0000000000000013,1
1228953600000000000,-0.0027700235862329,2.992089956351589,-0.5671468784142986,0.23421687701617036,-0.30515796745012724,-0.30515796745012724,2.3979976486653833,1.0000000000000013,1
1229040000000000000,0.00041092025315,2.765938496111235,-0.25879649600950055,-0.5441678139113874,-0.34738035274130835,-0.34738035274130835,1.627346688454885,1.0000000000000013,1
1229299200000000000,0.0202800160119561,2.54883534779973,-0.33731874097331166,-0.3147035480914773,-0.8675982223987246,-0.8675982223987246,0.6640329881917624,1.0000000000000013,1
1229385600000000000,0.0201071200387012,2.4195245586276206,0.27738294720812373,-0.2886797012196946,-0.5968943781100858,-0.5968943781100858,1.4346839484022607,1.0000000000000013,1
1229472000000000000,-0.0291543141274454,2.2976805325833936,-0.2503739521361728,0.485164761255992,-0.5941946333100492,-0.5941946333100492,1.0493584682970116,1.0000000000000013,1
1229558400000000000,0.0353812904139116,2.2928034373835273,-0.28118502726392686,0.21820427946354126,-0.39437749763475843,-0.39437749763475843,1.627346688454885,1.0000000000000013,1
1229644800000000000,0.0054575951045838,2.3509340005578676,0.1374463571779791,-0.2185168716645605,-0.1346456583334527,-0.1346456583334527,1.242021208349636,1.0000000000000013,1
1229904000000000000,-0.0124903372652847,2.1593325935635983,0.4036847830961608,-0.6922366076021642,0.39971273346607183,0.39971273346607183,0.856695728244387,1.0000000000000013,1
1229990400000000000,-0.02351997068407,2.011687019394507,0.027505072427834107,-1.5646631903415318,0.4986596198224139,0.4986596198224139,1.8200094285075097,1.0000000000000013,1
1230076800000000000,-0.0176029707782358,1.9670849301714182,-0.2577319934000563,0.4346698106475425,0.3719899683364222,0.3719899683364222,0.856695728244387,1.0000000000000013,1
1230249600000000000,-0.0206446765533106,1.8685927906141895,-0.9252181226021214,-0.011841415439505705,-0.18517633251215818,-0.18517633251215818,0.27870750808651334,1.0000000000000013,1
1230508800000000000,0.0224771167509052,1.8056906848629684,0.2909128127056224,-0.18928634349862555,-0.292424030682138,-0.292424030682138,0.6640329881917624,1.0000000000000013,1
1230595200000000000,0.0194187606584211,1.7513404190531185,-0.8049306794028251,-0.3434059936172576,-0.5953321114629319,-0.5953321114629319,0.856695728244387,1.0000000000000013,1
1230681600000000000,-0.006853469271492,1.6714283939169152,-0.5344421675039362,-0.7619461905408728,-0.47007359472235416,-0.47007359472235416,0.6640329881917624,1.0000000000000013,1
1230854400000000000,0.0291734167880701,1.5240764539796103,-0.3944941285717732,-0.3587788797924919,-0.6435147474472297,-0.6435147474472297,1.4346839484022607,1.0000000000000013,1
1231113600000000000,0.0242221730870353,1.5790689297308234,-1.296758751060039,-0.1163025561944055,-1.2522819864403796,-1.2522819864403796,0.27870750808651334,1.0000000000000013,1
1231200000000000000,-0.0027749634340641,1.5637657967342748,-0.5412182138014562,-0.30506618060451085,-1.2338756682107448,-1.2338756682107448,1.4346839484022607,1.0000000000000013,1
1231286400000000000,-0.0638020986139931,1.41035111683043,0.14431969898433714,0.6005138100808457,-1.0611653978922084,-1.0611653978922084,1.0493584682970116,1.0000000000000013,1
1231459200000000000,-0.0163637797633,2.253731129719336,-0.3872758824481039,-0.3708043333968765,-0.351676200540972,-0.351676200540972,0.6640329881917624,1.0000000000000013,1
1231718400000000000,-0.0353909167714925,2.1257983553232496,0.39112092231646184,-0.47207721358806737,0.1782625324942278,0.1782625324942278,0.08604476803388877,1.0000000000000013,1
1231804800000000000,-0.0102030211546555,2.224965526093242,0.38849972584508247,-0.24123495954249066,-0.0016562949903911025,-0.0016562949903911025,1.0493584682970116,1.0000000000000013,1
1231891200000000000,0.0323849268374807,2.061286533954872,-1.4947351078456432,-0.26435605491511854,-0.3566389854916804,-0.3566389854916804,0.856695728244387,1.0000000000000013,1
1231977600000000000,-0.0353949717604431,2.102754045797322,-0.34283706883047554,-0.08835835283041549,-0.16448458907948826,-0.16448458907948826,0.47137024813913786,1.0000000000000013,1
1232064000000000000,0.0329760440195068,2.204739134948181,-0.9498365751166483,-0.020644190542567543,-0.6326781655442548,-0.6326781655442548,1.8200094285075097,1.0000000000000013,1
1232323200000000000,0.0062559129443241,2.2391426031081045,-1.2352829809833679,0.24337288522624892,-1.0579666454437018,-1.0579666454437018,0.27870750808651334,1.0000000000000013,1
1232409600000000000,-0.0175803255676256,2.0550749030352327,-1.8572798350315791,-0.2851681220656906,-1.5434029986993292,-1.5434029986993292,0.27870750808651334,1.0000000000000013,1
1232496000000000000,-0.032877504046247,1.9501649718789462,-1.2377970819489097,0.3064833380942723,-1.6357052642177166,-1.6357052642177166,1.242021208349636,1.0000000000000013,1
1232582400000000000,0.0028229602242439,2.0323192283326366,-1.3126751621341821,-0.4437825544189146,-1.6888127621106797,-1.6888127621106797,1.242021208349636,1.0000000000000013,1
1232668800000000000,-0.0130742631638255,1.8529849230328932,-1.1275691528257992,0.7620150613014747,-2.1593413943711828,-2.1593413943711828,2.012672168560134,1.0000000000000013,1
1233014400000000000,0.0340589797759928,1.727884047995331,-1.242032046002464,-1.2904344473259868,-1.8803859551803086,-1.8803859551803086,0.856695728244387,1.0000000000000013,1
1233100800000000000,0.0278089389585057,1.8318693310452567,-1.559123554811498,0.008805872481532641,-2.0187155109791393,-2.0187155109791393,2.7833231287706326,1.0000000000000013,1
1233187200000000000,-0.0090069434918188,1.8364770803054062,-1.1808672195215884,-0.29813910362682156,-2.1258805977906086,-2.1258805977906086,1.8200094285075097,1.0000000000000013,1
1233273600000000000,0.0178465267959291,1.6892021047333607,-0.318618818166248,0.8747872249093728,-1.5002850405791253,-1.5002850405791253,1.242021208349636,1.0000000000000013,1
1233532800000000000,-0.0383459568747684,1.5999618310791324,0.017968712406053553,-0.019272394811020964,-1.1192109332363767,-1.1192109332363767,1.0493584682970116,1.0000000000000013,1
1233619200000000000,0.0062156204856254,1.8193459266664311,-1.3171600715510698,0.6197070319125944,-1.16289796224835,-1.16289796224835,1.8200094285075097,1.0000000000000013,1
1233705600000000000,0.0068553402659932,1.657081986249884,-0.9693972428182513,-0.30233402603618537,-1.371497133039701,-1.371497133039701,1.242021208349636,1.0000000000000013,1
1233792000000000000,-0.0082391967578028,1.5052653065958117,0.5816454673068383,0.06395801996202441,-0.9193596811351957,-0.9193596811351957,1.8200094285075097,1.0000000000000013,1
1233878400000000000,0.0224261097945566,1.37324707237626,-0.5513059514776942,-0.8776709107988101,-0.7065496524110361,-0.7065496524110361,2.012672168560134,1.0000000000000013,1
1234137600000000000,0.0266542951627216,1.355656500293565,-0.3821977788910962,0.5272353978460479,-0.8593399138156829,-0.8593399138156829,-0.4919434521239849,1.000000000000001,1
1234224000000000000,0.0049877453428987,1.3937208778657397,0.04029181971134641,0.08943411592265847,-1.032864292798712,-1.032864292798712,1.8200094285075097,1.0000000000000013,1
1234310400000000000,-0.0030033294140615,1.250658261054533,-0.6761992377862887,-0.18402364313146485,-1.0728973285824526,-1.0728973285824526,2.5906603887180077,0.9999999999999981,1
1234396800000000000,-0.0112224257826798,1.1139576503308721,-0.25277278250636703,0.5580822420309228,-0.6906782297618695,-0.6906782297618695,0.6640329881917624,0.9999999999998478,1
1234483200000000000,0.0189343991417388,1.023799106194013,-0.6265668744398161,0.32141497985911677,-0.5973089684075872,-0.5973089684075872,0.6640329881917624,0.9999999999982865,1
1234742400000000000,-0.0344531850229364,0.9975820004734227,-0.2602779337660752,0.6352701965587659,0.46955893518369785,0.46955893518369785,-0.10661797201873578,0.9999999999966278,1
1234828800000000000,-0.0277647306130459,1.2403176148093622,0.26943926457698153,-0.6914268734512016,0.636947705112712,0.636947705112712,0.27870750808651334,0.9999999999999969,1
1234915200000000000,0.0020372312647437,1.3298064764022302,-0.2987811751363248,-0.19582335301216874,0.7420154554895545,0.7420154554895545,2.205334908612759,1.0000000000000009,1
1235001600000000000,0.0047435882003949,1.1854371279921951,-0.08121106080029347,-0.12073722993627228,0.36904110710681465,0.36904110710681465,2.3979976486653833,0.9999999999999806,1
1235088000000000000,-0.019147186713807,1.052719670633745,-0.08186934700239348,-0.9716706650166075,-0.13421352067727402,-0.13421352067727402,0.856695728244387,0.9999999999991988,1
1235433600000000000,-0.0009323166090364,1.0435785949899834,-1.6462432961359201,-1.837002791054539,-0.46478651480139366,-0.46478651480139366,-0.4919434521239849,0.9999999999989795,1
1235520000000000000,0.0104069413763089,0.914199671155267,-0.5008276237287981,-0.6451578404945424,-0.5990785346513674,-0.5990785346513674,1.4346839484022607,0.9999999999730941,1
1235606400000000000,0.0083451374242639,0.8212528176587844,0.2869743331784324,-0.294967049621676,-0.2441907537632571,-0.2441907537632571,1.0493584682970116,0.99999999976204,1
1235692800000000000,-0.0079289697919459,0.7221107838287236,-0.35164935600019537,0.016252964434852153,-0.7773107108894127,-0.7773107108894127,1.8200094285075097,0.9999999979196526,1
1235952000000000000,-0.0327523615071616,0.6350778965460819,-0.49945903651212975,-0.5433144523120809,0.0820554328432169,0.0820554328432169,-0.2992807120713603,0.9999999877901085,1
1236038400000000000,-0.0197099812008656,0.9086269520077657,-0.8803168869549097,0.4724585220752299,-0.29210568155151173,-0.29210568155151173,1.8200094285075097,0.9999999999692114,1
1236124800000000000,0.0086567665910651,0.9204091354118373,-0.4887742779526635,-0.09791216237762954,-0.3360594205363429,-0.3360594205363429,1.0493584682970116,0.9999999999768582,1
1236211200000000000,-0.0262371668509436,0.817020184091185,-0.416539194657997,-0.240842529490612,-0.6113785125502755,-0.6113785125502755,1.8200094285075097,0.9999999997381017,1
1236297600000000000,0.0167220392630463,0.9368110662396034,-0.7569116567617751,-0.42774333380804996,-0.9641826461082527,-0.9641826461082527,1.242021208349636,0.9999999999845052,1
1236556800000000000,-0.0181007394160355,0.8944053292204012,-0.3433631840119233,0.8104398323945827,-0.784006730457718,-0.784006730457718,0.08604476803388877,0.9999999999566858,1
1236816000000000000,0.0170697513732131,0.8875466628397811,-0.28722713121845483,0.10171840284006418,-0.6598585956146623,-0.6598585956146623,-0.10661797201873578,0.9999999999489931,1
1236902400000000000,0.0381555642633151,0.8528135270997995,-0.8695779551713806,0.4654475102053332,-0.8268563543598488,-0.8268563543598488,1.4346839484022607,0.9999999998846575,1
1237161600000000000,0.0211051224878721,1.1675952416220674,0.6194421083728944,-0.2821070090060084,0.0030307081993932927,0.0030307081993932927,0.47137024813913786,0.9999999999999674,1
1237248000000000000,-0.0071549075725514,1.1533228155157642,-0.35204364506330915,0.0746710005755673,-0.01774544314405776,-0.01774544314405776,1.627346688454885,0.9999999999999505,1
1237334400000000000,0.01341842694153,1.0363270563979146,-1.2970925012308037,-0.16671608312476488,-0.1547800718764474,-0.1547800718764474,1.8200094285075097,0.9999999999987655,1
1237420800000000000,0.0044449501489103,0.9567226107676174,-0.6910436277959745,0.6331080389081712,-0.13335904959571,-0.13335904959571,0.6640329881917624,0.9999999999905355,1
1237507200000000000,-3.5571770333755804e-05,0.8353467862789754,-1.1998290506498643,0.4124305138581132,-0.9252583349538227,-0.9252583349538227,0.47137024813913786,0.9999999998274413,1
1237766400000000000,0.0462414067218804,0.7159546253694831,-0.842771502028134,0.003492653765454335,-1.62487394759461,-1.62487394759461,0.27870750808651334,0.9999999976327796,1
1237852800000000000,-0.0004082438738615,1.2518888139512439,-0.04765929002882962,-0.3223756528560311,-1.4186448621264856,-1.4186448621264856,2.205334908612759,0.9999999999999989,1
1237939200000000000,0.0154147103360382,1.1113948440197714,0.4883087058946024,-0.11798233395561349,-0.8775326757705029,-0.8775326757705029,0.08604476803388877,0.999999999999837,1
1238025600000000000,0.0322778493552181,1.0430858807238463,-1.4693626925085272,0.2657540615732759,-0.8439868771386743,-0.8439868771386743,0.08604476803388877,0.9999999999989667,1
1238112000000000000,0.0085286671674112,1.2095740725806676,0.17311298285715554,0.07579309191263929,-0.5334985019366848,-0.5334985019366848,1.627346688454885,0.9999999999999915,1
1238371200000000000,-0.0428862473561046,1.0887933316949758,-1.4920614720704741,-0.7988479012768763,-0.7682227642853383,-0.7682227642853383,0.856695728244387,0.9999999999996966,1
1238457600000000000,0.0142690657155784,1.4926191681839496,0.4079489633494674,-0.2750167312649757,-0.1664731673494486,-0.1664731673494486,2.5906603887180077,1.0000000000000018,1
1238544000000000000,0.0129579851252146,1.3886770668386779,-0.5478402969676724,-0.9579239775209187,-0.3975660411354597,-0.3975660411354597,1.627346688454885,1.0000000000000018,1
1238630400000000000,0.0480686812468591,1.2823253280655917,0.42672461806073186,-0.43079603617998685,-0.1304449709060196,-0.1304449709060196,2.012672168560134,1.0000000000000007,1
1238976000000000000,0.0140857346696783,1.7284395735229632,-0.41246317732763227,0.6368448641986565,0.5346076072398347,0.5346076072398347,0.47137024813913786,1.0000000000000018,1
1239148800000000000,0.0261698997588641,1.6080145095749279,-0.11111120862333283,-0.8565216677504676,0.36978722088299937,0.36978722088299937,-0.10661797201873578,1.0000000000000018,1
1239235200000000000,-0.0002692303213719,1.6138113956106734,-0.6454768855442317,-1.0839897382839623,-0.10928160582572922,-0.10928160582572922,1.242021208349636,1.0000000000000018,1
1239580800000000000,0.0120602676553235,1.4548486971306855,-1.3389091741835255,0.8953876349603068,-1.7917114278439172,-1.7917114278439172,-0.877268932229234,1.0000000000000018,1
1239753600000000000,0.0295794105677314,1.338563042374966,-1.2573685826145269,-0.9708817938626417,-1.9376292148065617,-1.9376292148065617,-0.877268932229234,1.0000000000000016,1
1239840000000000000,-0.0334597185915747,1.421021748389915,-1.9781126513145009,-1.4892684638245504,-2.137422331097678,-2.137422331097678,-0.10661797201873578,1.0000000000000018,1
1239926400000000000,0.0044122438092546,1.5799104379617748,-0.3024600314324037,0.6222679842651093,-1.7610796485227425,-1.7610796485227425,0.6640329881917624,1.0000000000000018,1
1240185600000000000,-0.0021592272494664,1.4259341875367926,0.8869185476689565,-1.8507257568381308,0.052898064124504124,0.052898064124504124,-0.4919434521239849,1.0000000000000018,1
1240272000000000000,-0.0035002552857725,1.2785494881604593,-0.14339604791748117,-0.3621063881098851,0.6409943310073505,0.6409943310073505,3.93929956908638,1.0000000000000004,1
1240358400000000000,-0.0104547219917964,1.1415450039226098,-0.1813465746302745,0.40816450067945875,0.6798157880556659,0.6798157880556659,0.856695728244387,0.9999999999999302,1
1240444800000000000,0.0276594186703339,1.044225013604364,-1.1585996243477037,-0.35211588636673685,-0.12715272968294297,-0.12715272968294297,2.012672168560134,0.9999999999989972,1
1240531200000000000,0.0165259644505703,1.1330989790214328,-1.098632444178397,0.8004234946836079,-0.5324357095684767,-0.5324357095684767,1.627346688454885,0.9999999999999113,1
1240790400000000000,-0.0030931938484899,1.0732661776141352,0.054724984950814314,0.2205101147944527,-1.383489102854262,-1.383489102854262,-0.6846061921766095,0.9999999999995378,1
1240876800000000000,-0.0315144306472324,0.9460796309410475,-0.42547393804127237,0.5898818927320388,-1.1484945110603821,-1.1484945110603821,1.627346688454885,0.9999999999876722,1
1240963200000000000,0.0326520977173238,1.1407980405268068,-0.7269639273931475,0.1508061309608366,-1.0293606530931136,-1.0293606530931136,1.627346688454885,0.9999999999999286,1
1241395200000000000,0.0505301969269556,1.2996149161502337,-1.4391433821834028,0.7226433933364427,-0.6577347882867647,-0.6577347882867647,-0.4919434521239849,1.0000000000000009,1
1241481600000000000,0.0021596537732059,1.79875156686221,0.06258066756451847,0.6126386997822458,-0.5544928560601148,-0.5544928560601148,2.012672168560134,1.0000000000000018,1
1241568000000000000,-0.0101140169444168,1.6306753157725715,-1.434567161872361,-0.43789384218796057,-1.222180076780502,-1.222180076780502,1.627346688454885,1.0000000000000018,1
1241654400000000000,0.0161038523228571,1.501089111825188,-0.6744721827954842,0.0763962492299442,-0.9771148173723169,-0.9771148173723169,2.012672168560134,1.0000000000000018,1
1241740800000000000,-0.017304583283461,1.4106535601085308,-0.5365444184313181,0.4199705482270865,-1.2783564342050822,-1.2783564342050822,2.012672168560134,1.0000000000000018,1
1242000000000000000,-0.0184247970070425,1.3510043746324398,-0.050830518360672684,0.7135170968363038,-0.536281503469509,-0.536281503469509,-0.10661797201873578,1.0000000000000016,1
1242086400000000000,0.0349690802708511,1.3075201110403765,-1.3052438486511793,0.037173857805416335,-0.7384677491591038,-0.7384677491591038,0.47137024813913786,1.0000000000000013,1
1242172800000000000,-0.0125337626763507,1.4829321746697965,-0.338194934230876,0.7217329425837523,-0.6748892155695347,-0.6748892155695347,1.0493584682970116,1.0000000000000018,1
1242259200000000000,-0.0115651541813989,1.3778981125487173,-0.9170764334733248,-0.21719818586576645,-0.8495488500576233,-0.8495488500576233,1.242021208349636,1.0000000000000018,1
1242345600000000000,0.0215283954838211,1.2729247899345828,-0.7524576961466809,-0.4011202403710269,-1.0673325150520987,-1.0673325150520987,3.3613113489285062,1.0000000000000002,1
1242604800000000000,0.1633431549068071,1.2539939779718274,-0.6521323587468333,0.43280167393894653,-1.616407718076723,-1.616407718076723,-0.877268932229234,0.999999999999999,1
1242691200000000000,-0.0010876938163032,5.470069907755,-1.2552021854025481,0.3750166727705286,-1.7247898475447587,-1.7247898475447587,0.27870750808651334,1.0000000000000018,1
1242777600000000000,-0.01121255015798,5.118733154089833,-1.2182751143781314,-0.11967415753694936,-1.8741019997342068,-1.8741019997342068,1.8200094285075097,1.0000000000000018,1
1242864000000000000,-0.0140076582683126,4.8025431440897215,-0.6819789363181573,0.20481119425999095,-1.7634820513521556,-1.7634820513521556,1.0493584682970116,1.0000000000000018,1
1242950400000000000,0.0065330546882318,4.512828039278139,-1.3131912399219268,0.13268438526124887,-1.6305100991130779,-1.6305100991130779,0.6640329881917624,1.0000000000000018,1
1243209600000000000,-0.0002242071102401,4.213288788695195,-0.46290235119388057,0.2523418934915923,-0.7423324160248082,-0.7423324160248082,-0.2992807120713603,1.0000000000000018,1
1243296000000000000,-0.0289333069730497,3.924126250218875,-1.2639263517454573,-0.07138588589148044,-0.9288686374233872,-0.9288686374233872,0.856695728244387,1.0000000000000018,1
1243382400000000000,0.0379777216066721,3.7829941346255374,-0.3174762685812877,-0.47688590892489574,-0.6097042190927403,-0.6097042190927403,2.012672168560134,1.0000000000000018,1
1243468800000000000,0.0141763039271495,3.72933097007457,-0.2738086982798155,-0.07581519901928538,-0.4133415751775906,-0.4133415751775906,1.242021208349636,1.0000000000000018,1
1243555200000000000,0.0254622126641473,3.492769367623447,-0.7773116943225911,-0.9262908656509263,-0.981307164395423,-0.981307164395423,0.856695728244387,1.0000000000000018,1
1243814400000000000,0.0180316854569479,3.3400575620369355,-1.2030973181933868,0.6170386689387293,-1.0553794580860087,-1.0553794580860087,-0.2992807120713603,1.0000000000000018,1
1243900800000000000,-0.0010270183934249,3.1452507639242837,-0.8636837911964004,0.009697863423194947,-1.244456800836991,-1.244456800836991,1.0493584682970116,1.0000000000000018,1
1243987200000000000,0.001203671807593,2.90973163590964,0.44420062015118855,0.5463578672270456,-0.8529157689613419,-0.8529157689613419,1.4346839484022607,1.0000000000000018,1
1244073600000000000,0.0092163881474729,2.6854554017860472,0.015115571361811941,0.4796160300073342,-0.5835604689618823,-0.5835604689618823,1.627346688454885,1.0000000000000018,1
1244160000000000000,0.0031115091463281,2.4864822002441134,-1.0465196842250715,0.14906114496951886,-0.8398086551902967,-0.8398086551902967,0.6640329881917624,1.0000000000000018,1
1244419200000000000,-0.0348274049518866,2.2845039671524177,-0.07153306646247375,0.7198883294042409,-1.0420998280890947,-1.0420998280890947,-0.10661797201873578,1.0000000000000018,1
1244505600000000000,0.0269590569006291,2.3569570513729605,-1.2153072901795456,-0.028643586754251042,-1.4364970282997471,-1.4364970282997471,0.6640329881917624,1.0000000000000018,1
1244592000000000000,0.0226595696850728,2.3041417831051887,-0.6840357423996508,0.2156048408915988,-1.320307175001527,-1.320307175001527,1.8200094285075097,1.0000000000000018,1
1244678400000000000,-0.0037770191773879,2.21251453239325,-0.3108247349553643,0.44672965946565274,-1.1760785058488317,-1.1760785058488317,1.242021208349636,1.0000000000000018,1
1244764800000000000,-0.0117775363156232,2.0276477353936246,0.0369929318400631,-0.9374121320521618,-0.7086199479457732,-0.7086199479457732,-0.10661797201873578,1.0000000000000018,1
1245024000000000000,-0.02192555427681,1.883772459059323,-0.21402092415455842,-0.29024702587053075,-0.28170579223010594,-0.28170579223010594,0.27870750808651334,1.0000000000000018,1
1245110400000000000,0.0075096012493512,1.8328362940549123,0.44667579199021323,0.04327775454636788,-0.038898139411321565,-0.038898139411321565,0.47137024813913786,1.0000000000000018,1
1245196800000000000,-0.0364364891377411,1.6737297620665113,-1.9266595850791532,-0.545578248137133,-0.6683232574470583,-0.6683232574470583,0.47137024813913786,1.0000000000000018,1
1245283200000000000,-0.0243402998350101,1.8483438856902448,-0.06936549325306283,0.5745311954887775,-0.9112452735736015,-0.9112452735736015,0.856695728244387,1.0000000000000018,1
1245369600000000000,0.0145245274484353,1.8273936540274989,-1.1034256579250865,0.3585342901731048,-0.9080227385215068,-0.9080227385215068,1.242021208349636,1.0000000000000018,1
1245628800000000000,-0.0183304866960301,1.7036210416785693,-1.2908717608358893,-0.9786864834123971,-1.5478311613955997,-1.5478311613955997,-0.6846061921766095,1.0000000000000018,1
1245715200000000000,0.0027704930922153,1.6310860928877318,0.138522749579593,-0.5458765002968596,-1.48119509383489,-1.48119509383489,0.856695728244387,1.0000000000000018,1
1245801600000000000,0.0107613364725745,1.4720439553876625,0.3016949062355353,0.8578122600710482,-1.0308006532040144,-1.0308006532040144,1.8200094285075097,1.0000000000000018,1
1245888000000000000,-0.0119746699432572,1.3472196896861433,0.43808295378519235,0.20393769505688492,-0.3576420744046121,-0.3576420744046121,1.8200094285075097,1.0000000000000016,1
1245974400000000000,0.0310212811332975,1.2470909052813535,-0.4922917765983696,0.520402707317137,-0.27914880992794716,-0.27914880992794716,1.627346688454885,0.9999999999999982,1
1246233600000000000,0.0035248500738853,1.3637339379298872,0.33353169687646,-0.9569192471445057,-0.46099022057259303,-0.46099022057259303,-0.2992807120713603,1.0000000000000018,1
1246320000000000000,-0.0230025159809308,1.2193455051928421,-0.09356062372066656,-0.6456216800575009,-0.6314021537640976,-0.6314021537640976,1.0493584682970116,0.999999999999994,1
1246406400000000000,0.0115385443018596,1.2425486827655734,-1.0627783556370085,0.5490705872770046,-0.8142647423612692,-0.8142647423612692,0.856695728244387,0.9999999999999977,1
1246492800000000000,0.0018297874002555,1.1361793552919948,-0.34961990113782415,-0.18120086951509828,-0.4464838166219697,-0.4464838166219697,0.47137024813913786,0.9999999999999185,1
1246579200000000000,0.0171893077803388,1.0015431419828564,0.09512241935112511,-0.0732418263050599,-0.33442295966501057,-0.33442295966501057,0.856695728244387,0.999999999996954,1
1246838400000000000,-0.0602163969592982,0.958610247555136,-0.46607026409505825,-0.17263003690480117,-0.5888174154272633,-0.5888174154272633,-0.6846061921766095,0.9999999999909708,1
1246924800000000000,0.0087119002232309,1.8409092605157973,-0.8071316542614085,0.11182983452853751,-0.7354672868945156,-0.7354672868945156,2.205334908612759,1.0000000000000016,1
1247011200000000000,-0.0297689555526957,1.6856799786905126,0.7861196300591151,-0.22001931081908818,-0.5139764695707829,-0.5139764695707829,1.242021208349636,1.0000000000000018,1
1247097600000000000,0.000502472204283,1.7525882728825717,0.4578001279465095,0.07418025509683937,-0.25640256966002445,-0.25640256966002445,1.242021208349636,1.0000000000000018,1
1247184000000000000,-0.0190609307588415,1.5863622227840963,-0.35123507003848936,0.6789591434197662,-0.11107612412333379,-0.11107612412333379,1.8200094285075097,1.0000000000000018,1
1247443200000000000,-0.0074831236070389,1.5301669914517058,-1.0304277879195451,-1.0098934341526564,-0.4139479951491076,-0.4139479951491076,0.27870750808651334,1.0000000000000018,1
1247529600000000000,0.0339778412380845,1.3932571979907549,-1.4267798147971964,-0.14278354820740288,-1.0180273537365812,-1.0180273537365812,1.4346839484022607,1.0000000000000018,1
1247616000000000000,0.0292654947433134,1.5393682145428749,-1.5716246970876764,-0.24391980621805523,-1.409208521706243,-1.409208521706243,1.0493584682970116,1.0000000000000018,1
1247702400000000000,-0.0004961896120605,1.5939704785785997,-1.5417927756028003,0.2581078009683952,-1.7955174654459338,-1.7955174654459338,2.012672168560134,1.0000000000000018,1
1247788800000000000,0.0333622513280746,1.4361472040871295,-1.0317040550141807,-0.32707335111811653,-2.105402847324813,-2.105402847324813,-0.10661797201873578,1.0000000000000018,1
1248048000000000000,0.0286821360017162,1.5662123482246617,-2.1595030503358963,-0.09327692765563197,-3.5610487153498602,-3.5610487153498602,-0.2992807120713603,1.0000000000000018,1
1248134400000000000,-0.00739020389497,1.6096529768104804,-1.0533421521472623,-0.31628605811446,-3.4044817623507213,-3.4044817623507213,0.6640329881917624,1.0000000000000018,1
1248220800000000000,-0.0158325804541014,1.4678947905024657,-0.47882964724396593,0.8601848043556015,-3.2272645427197895,-3.2272645427197895,0.6640329881917624,1.0000000000000018,1
1248307200000000000,0.0279868084269615,1.390216430651368,-1.9235578954702583,0.0665356645696657,-2.989501308818562,-2.989501308818562,1.0493584682970116,1.0000000000000018,1
1248393600000000000,0.0098545292606295,1.4432011182875195,-0.608317489894421,0.9285972604663227,-1.983989843319235,-1.983989843319235,1.8200094285075097,1.0000000000000018,1
1248652800000000000,0.0008204927048645,1.3153523500928965,-1.1619049135863642,0.6316284048898734,-1.7826104056559762,-1.7826104056559762,0.856695728244387,1.0000000000000013,1
1248739200000000000,-0.0017949541001751,1.171243237827609,-1.2974215742152602,0.004637081209348315,-1.5819099637413827,-1.5819099637413827,2.5906603887180077,0.9999999999999708,1
1248825600000000000,-0.0111484580050614,1.0364094135646242,-1.635200616112833,-0.3560521026268312,-1.9110649579982013,-1.9110649579982013,1.0493584682970116,0.9999999999987682,1
1248912000000000000,0.0127575782017624,0.9508791138605853,0.22774541826667138,-0.08891224665053686,-1.7084339303151506,-1.7084339303151506,0.47137024813913786,0.9999999999890549,1
1248998400000000000,0.0141185453710514,0.8720123776783838,-0.8123611864844786,1.0161845357349757,-1.488948700168722,-1.488948700168722,2.012672168560134,0.9999999999263484,1
1249257600000000000,0.0160360537198321,0.8099653790587481,-1.5774583832190063,0.5317243856341448,-0.558839541070011,-0.558839541070011,-0.2992807120713603,0.9999999996929223,1
1249344000000000000,-0.0065801412190565,0.7709462140100679,-0.051518013393404984,0.4703029312844735,-0.6483540640934038,-0.6483540640934038,0.6640329881917624,0.999999999270389,1
1249430400000000000,0.0029120899728899,0.6733860197491116,0.46067201102320005,-0.29664908057044015,-0.24029863488650294,-0.24029863488650294,1.627346688454885,0.9999999943082035,1
1249516800000000000,-0.0234178807856904,0.5638368378379303,0.09219337049320166,-0.7569966937015815,-0.00805057135443321,-0.00805057135443321,1.0493584682970116,0.9999999526241606,1
1249603200000000000,-0.0229636751993833,0.6709458451209022,-0.466791557029739,-0.767954761356791,-0.48366471839933006,-0.48366471839933006,1.8200094285075097,0.9999999940201807,1
1249862400000000000,-0.0098105407766438,0.7564289861642689,0.9127477047316807,0.5591095414331667,0.35151228313497546,0.35151228313497546,1.0493584682970116,0.9999999989996416,1
1249948800000000000,0.0075654632510276,0.6798316821999171,-0.2573963559957697,0.24842435668573076,0.23945551496265952,0.23945551496265952,0.08604476803388877,0.9999999950070037,1
1250035200000000000,-0.0031023275367038,0.5850845944425347,-0.26994237836078233,-0.5146752130056536,0.30255314371896114,0.30255314371896114,0.6640329881917624,0.9999999680519716,1
1250121600000000000,0.0325545989521117,0.48400097841664486,-1.0360095345358302,-0.4326994899117841,0.22692652292386803,0.22692652292386803,0.47137024813913786,0.9999998039671274,1
1250208000000000000,-0.0054327972543852,0.750737542681174,-0.020593570501995225,-0.14113776273762824,-0.20424909806149796,-0.20424909806149796,1.627346688454885,0.9999999988671007,1
1250467200000000000,-0.0428591419810964,0.6489366026437187,-0.09056438301950309,-1.100048088127082,-1.3027734543278569,-1.3027734543278569,0.27870750808651334,0.9999999907114921,1
1250553600000000000,0.0160513464676113,1.154483232270729,-0.19460038569730664,-0.2274876247266597,-1.033069905323711,-1.033069905323711,1.4346839484022607,0.9999999999999518,1
1250640000000000000,-0.0146393227047627,1.0886571659260518,1.255727576640895,-0.2117540683857471,-0.6239605635383837,-0.6239605635383837,1.242021208349636,0.999999999999695,1
1250726400000000000,0.0134163663238394,1.0285611399893702,-0.6769476886226815,0.882470863015044,-0.5739178205212646,-0.5739178205212646,2.3979976486653833,0.9999999999984868,1
1250812800000000000,0.0167778400550691,0.9494777704482833,-0.09689361074299421,-0.4819436994674431,0.07395078785140338,0.07395078785140338,1.0493584682970116,0.9999999999886675,1
1251072000000000000,0.0248606298309585,0.9066065125799786,-1.1589287416871323,-0.07050534951851982,-0.6197072039874126,-0.6197072039874126,0.27870750808651334,0.9999999999676781,1
1251158400000000000,0.0035583839447752,0.9693994986037511,-1.157352597423955,-0.5147563227408953,-0.773695200245321,-0.773695200245321,1.0493584682970116,0.9999999999931084,1
1251244800000000000,0.0046037638432009,0.8454852892924108,-0.5071868139359332,0.4743185406610725,-0.9052097353394144,-0.9052097353394144,1.4346839484022607,0.9999999998633345,1
1251331200000000000,0.0015690169087143,0.7304149831756458,-1.052743889812423,-0.060951216297123224,-1.1836439672840653,-1.1836439672840653,0.6640329881917624,0.9999999982542349,1
1251417600000000000,0.0093731733726374,0.6164546768083332,-0.6422274742483723,0.37618898158908454,-1.4374371789940394,-1.4374371789940394,2.205334908612759,0.9999999824438045,1
1251676800000000000,-0.0149559171620281,0.5357671225181906,-0.5504952693922712,1.4214773221621784,-0.7255168830227239,-0.7255168830227239,-0.4919434521239849,0.9999999209398873,1
1251763200000000000,-0.0079139464617324,0.5250285310447221,-0.39073592080705466,0.0061530945658570466,-0.5133182173007756,-0.5133182173007756,1.4346839484022607,0.9999999039339857,1
1251849600000000000,-0.0036821683286419,0.45043457002557685,0.446589559648347,-0.06062650775862104,-0.1643110563215108,-0.1643110563215108,0.856695728244387,0.9999996501394565,1
1251936000000000000,-0.0032167934640254,0.35862707893145945,-0.2441802291094271,0.3147707385335406,-0.8375980605024497,-0.8375980605024497,1.4346839484022607,0.9999984538623853,1
1252022400000000000,0.0187304524003246,0.2703335022987708,-0.12097020884400261,1.077601103208845,-0.26470188985984383,-0.26470188985984383,1.0493584682970116,0.9999945828221687,1
1252281600000000000,0.0216634811837727,0.3170950221967743,-1.0808168927646582,-0.2589005699704337,-0.3947020977926063,-0.3947020977926063,0.27870750808651334,0.9999971367159227,1
1252368000000000000,0.004662033523602,0.40367633192534286,-0.4977708356350949,0.8649674457297205,-0.47598750652449073,-0.47598750652449073,0.856695728244387,0.9999990077699528,1
1252454400000000000,0.0018711996727566,0.3127261223680795,0.7598266001583047,-0.4976827453995104,-0.19365871836314588,-0.19365871836314588,0.08604476803388877,0.999962568156372,1
1252540800000000000,0.0010691488452491,0.22079113768791586,0.3491512509783235,-0.13811573646358374,-0.011786202165129043,-0.011786202165129043,1.8200094285075097,0.9985743008896234,1
1252627200000000000,0.0021038364579895,0.13320495339740215,-0.26273012838802506,-0.01434616707367953,-0.22384866913259913,-0.22384866913259913,0.856695728244387,0.9824652524100461,1
1252886400000000000,-0.0043472534120912,0.0510852675988791,-0.15889191175071696,0.8474117802255127,0.3046375083976256,0.3046375083976256,0.47137024813913786,0.9172485413338354,1
1252972800000000000,0.017215677346227,-0.014746707047570393,-0.6650811576665399,0.572955478021355,-0.02046245100279142,-0.02046245100279142,0.08604476803388877,0.807294332849998,1
1253059200000000000,0.0134614092409985,0.043818375297811026,0.1840368609457468,0.31664919235330685,0.12274331609344956,0.12274331609344956,0.47137024813913786,0.7078701432871507,1
1253145600000000000,0.0014409391002453,0.043947062799536606,-0.742755232926571,0.590808906938953,-0.8427227283585772,-0.8427227283585772,1.242021208349636,0.5516561531333875,1
1253232000000000000,0.002112336910917,-0.03403615223267705,-0.7077336054773398,-0.003999717841807663,-0.6591664404846685,-0.6591664404846685,0.08604476803388877,0.3059204638110469,0
1253577600000000000,0.0088334480853969,-0.10709500197776986,-0.25568120485896306,-0.6512829792452542,-0.4230379845835052,-0.4230379845835052,0.47137024813913786,0.11788886502111857,0
1253664000000000000,-0.0100599934583498,-0.14206328772878166,-0.10815348084851904,0.9174180518900951,-0.23084981103207225,-0.23084981103207225,1.0493584682970116,0.03764823211870935,0
1253750400000000000,0.0033344297203069,-0.1467513564114283,-0.40864085136301226,0.16668269431962163,0.1347932772613083,0.1347932772613083,0.47137024813913786,0.010933780358434298,0
1253836800000000000,-0.0055501845506857,-0.2109297250727287,0.10929633087578647,0.4880455488320966,-0.21686847396809417,-0.21686847396809417,1.8200094285075097,0.002298298595488854,0
1254182400000000000,0.0096129301808027,-0.2524636424854694,0.40523852172433067,0.24105950715286298,0.7092570972813848,0.7092570972813848,0.856695728244387,0.0004213706135429141,0
1254268800000000000,0.0152815625756817,-0.26837108791067543,-0.22636726098185458,0.050115077252290745,0.6016641835123203,0.6016641835123203,1.242021208349636,9.510386614701805e-05,0
1254355200000000000,-0.0001082470779508,-0.20748404193502978,-0.4727416380787369,0.5774789150970515,0.350841034080634,0.350841034080634,1.4346839484022607,5.142419539253925e-05,0
1254700800000000000,-0.0159025630836427,-0.27162587652540127,-0.38673110097336666,0.5704116144636763,-1.4260251423096955,-1.4260251423096955,0.47137024813913786,3.3677611124306186e-05,0
1254787200000000000,0.0048251856814014,-0.17413131340523028,0.7657954853920339,-0.7994386830685135,-1.0290270133559547,-1.0290270133559547,1.0493584682970116,4.7484207163564225e-05,0
1254873600000000000,-0.0083190889891625,-0.23113715039908816,-0.4119438759860005,0.483022855477435,-0.7792678824353186,-0.7792678824353186,0.47137024813913786,3.6501970214511184e-05,0
1254960000000000000,0.0033039677632711,-0.24682689121792445,-0.6847276364810265,0.46723457726905654,-0.5993734752181625,-0.5993734752181625,1.242021208349636,3.09348243883739e-05,0
1255046400000000000,-0.0114703625684617,-0.3053326477415719,-0.3467495219234489,0.821056810705878,-0.33027259787801194,-0.33027259787801194,1.242021208349636,2.5173420536778094e-05,0
1255305600000000000,0.0218120248662955,-0.27497893941992385,-0.39637272665542206,0.537625685542513,-1.190392894755103,-1.190392894755103,0.47137024813913786,3.9109307337267216e-05,0
1255478400000000000,0.0125733793869216,-0.0891135276562593,-0.580131443214131,0.7423226055092176,-1.1800702307115485,-1.1800702307115485,0.08604476803388877,0.00011579869120658426,0
1255564800000000000,-0.0018285038194818,-0.08682044331341318,-0.9244266293447242,0.8789499719697894,-0.7493023213050545,-0.7493023213050545,2.205334908612759,0.0001313183027032971,0
1255651200000000000,0.0064969118757394,-0.1544355755513844,-0.46021148449750265,-0.3666787640473297,-0.8802923422605317,-0.8802923422605317,1.0493584682970116,8.938467962005004e-05,0
1255996800000000000,-0.005401356026671,-0.20353268846356548,-0.5015115743561717,0.2540033701012283,-1.5581124093882206,-1.5581124093882206,0.08604476803388877,7.146516203803178e-05,0
1256083200000000000,-0.0099921928623383,-0.2466388813533898,0.12107201373922316,0.6462801486028144,-1.3717889986332974,-1.3717889986332974,-0.4919434521239849,0.00011773043285571624,0
1256169600000000000,-0.0149223832140378,-0.24205937506346634,-0.8964676002653997,0.27528434415890035,-1.455751229335127,-1.455751229335127,0.6640329881917624,0.0004606170483773569,0
1256256000000000000,0.0016923703776181,-0.16605909202776697,-0.9103687879781754,0.09249292880142418,-0.5318967757515155,-0.5318967757515155,0.856695728244387,0.0023464797547377483,0
1256515200000000000,-0.0052468086421692,-0.23239889436859923,1.2081303365014573,1.2179738964088402,-1.2006356217330953,-1.2006356217330953,-0.877268932229234,0.008923230084387931,0
1256601600000000000,-0.0253027892971376,-0.2745818053051054,-0.760430526302521,0.03914467083869021,-1.1570305792937852,-1.1570305792937852,2.5906603887180077,0.04317781247137267,0
1256688000000000000,-0.0042490731646306,0.027458405759693213,-1.3390481005280659,1.1566982010129987,-1.2944385598689416,-1.2944385598689416,-1.0699316722818586,0.2629101249692041,0
1256774400000000000,-0.0157886684226227,-0.0374259475037516,0.00018245534426469085,1.0177727109026022,-0.35144394282439784,-0.35144394282439784,0.6640329881917624,0.4268717781578881,0
1256860800000000000,-0.0082115411609857,0.02509823437791673,-0.3638109216726534,0.26919345133514594,-0.39137357277904805,-0.39137357277904805,0.856695728244387,0.6475585726542002,1
1257206400000000000,-0.0318713187849914,-0.012348679015657999,-0.12034595207572558,-0.036106404658780636,-2.7284421685670965,-2.7284421685670965,1.0493584682970116,0.8161587879804371,1
1257292800000000000,0.0316802037671639,0.38738555246129297,-1.4892617374619002,-0.09547546361897534,-3.0891918462559755,-3.0891918462559755,1.4346839484022607,0.998523131901288,1
1257379200000000000,0.0115552109100547,0.6543414381447479,-0.4161693897926135,-0.08877624074816923,-2.166316902185226,-2.166316902185226,1.8200094285075097,0.9999998866417971,1
1257465600000000000,0.0064005779434539,0.5866031349636572,-0.07961053385096907,0.5488545315865875,-1.3297915749600424,-1.3297915749600424,1.8200094285075097,0.999999968929348,1
1257724800000000000,0.0210951088670664,0.4918996410830157,-1.1379302492269907,-0.2420757592797208,-1.5930258725748399,-1.5930258725748399,0.27870750808651334,0.9999998287707347,1
1257811200000000000,-0.0034150413788274,0.5475584175200079,0.04945387163206115,0.7790833667109097,-1.4437759550068285,-1.4437759550068285,1.0493584682970116,0.9999999358956876,1
1257897600000000000,0.0247340797135903,0.4494768988034298,-0.3907735200326294,0.05676009289182856,-1.543515495286094,-1.543515495286094,1.0493584682970116,0.9999996491215913,1
1257984000000000000,-0.0103048724326203,0.5696427075783571,-0.27558088343810605,0.09437633264844064,-1.1842768057480457,-1.1842768057480457,2.3979976486653833,0.9999999572783013,1
1258070400000000000,0.0093051623043236,0.5098362081871155,0.2982557072857894,0.06785226290680128,-0.45599348055663413,-0.45599348055663413,1.4346839484022607,0.9999998742713376,1
1258329600000000000,0.0117530654631769,0.43554424558756255,-1.5340788718322098,0.36989834202766697,-0.44695806592423026,-0.44695806592423026,-0.10661797201873578,0.9999995548594317,1
1258416000000000000,0.0008300535823478,0.3851402043842563,-0.5138783390012494,0.10591055578840326,-0.5233414396642889,-0.5233414396642889,1.242021208349636,0.9999989746596329,1
1258502400000000000,-0.0014925063271494,0.28886731522062553,-0.31546308056690675,0.279577853302274,-0.7200615910946376,-0.7200615910946376,1.4346839484022607,0.9999953938295612,1
1258588800000000000,-0.0130830532911919,0.19982478420658756,-1.6027516524875174,-0.05715214145393722,-1.1678902642224027,-1.1678902642224027,0.6640329881917624,0.9999845068331215,1
1258675200000000000,0.0126378239337154,0.19840642962992833,-0.22329935926925304,0.34459923910255635,-1.3319903878169679,-1.3319903878169679,2.975985868823257,0.9999812796516756,1
1258934400000000000,0.0100630249288788,0.17528873638020845,0.36477329206022874,0.23791902531961312,-0.3711415850610207,-0.3711415850610207,0.47137024813913786,0.9999657852453325,1
1259020800000000000,-0.0025504963744246,0.12966799197632733,0.04809326212092158,0.21748880369002271,0.15801683084157306,0.15801683084157306,2.205334908612759,0.9999016200211257,1
1259107200000000000,0.0034514429551866,0.05200231226940931,-0.24220037424013646,0.5599999341794568,0.15195833857955662,0.15195833857955662,1.4346839484022607,0.9997265598955203,1
1259193600000000000,-0.0202900265018481,-0.02304376566003305,0.06838316902316992,0.2232927736906086,-0.3244636182033753,-0.3244636182033753,0.08604476803388877,0.9995751527669494,1
1259280000000000000,-0.0128277383405068,0.11624575456770311,0.09875902294893417,-0.4731160452243641,0.11917447934222453,0.11917447934222453,1.0493584682970116,0.9997352549189973,1
1259539200000000000,0.0182371387500043,0.11981443293211293,-0.5065588942776446,0.21527921552559923,0.3396535620500085,0.3396535620500085,1.4346839484022607,0.9996739079352267,1
1259625600000000000,0.0175883295474273,0.17731850435459068,-0.27136267998929864,0.028671027271814486,0.23075213001236541,0.23075213001236541,0.856695728244387,0.999264216601907,1
1259712000000000000,0.0002440155205978,0.21823727974002974,-0.08530093886178577,0.5426113746370397,0.17175393038683992,0.17175393038683992,1.0493584682970116,0.9961837250093062,1
1259798400000000000,0.0016480230647846,0.13085351162463796,-0.7141031228119705,0.5841771704485577,-0.2184226165899098,-0.2184226165899098,1.8200094285075097,0.9612121210521033,1
1259884800000000000,-0.0044529286225578,0.0483738900360593,-1.0974399497450666,-0.05304347301070368,-0.8464697487048061,-0.8464697487048061,1.0493584682970116,0.8232264498636306,1
1260144000000000000,-0.0082943410820445,-0.01675912499118887,-0.141903697019284,-0.4144247496966324,0.5624486660679044,0.5624486660679044,0.27870750808651334,0.5966302431538266,1
1260230400000000000,0.015908858458746,-0.050245405841804106,0.8526754549390034,0.8657439649986314,1.0646606321564756,1.0646606321564756,0.856695728244387,0.39509671380967687,0
1260316800000000000,-0.0070078980416261,-0.007179643732828448,0.3588831186128213,-0.07230219978309477,1.5314674176245384,1.5314674176245384,1.242021208349636,0.2607408470856393,0
1260403200000000000,0.0044209452748311,-0.052211039316617684,-0.6809695740329712,0.11793353872840484,0.7869705546765848,0.7869705546765848,2.205334908612759,0.13039306087653846,0
1260489600000000000,-0.0033847443103669,-0.11818552594186131,-0.3896218238255875,-0.1440031317314154,0.010593891598747837,0.010593891598747837,0.27870750808651334,0.04479960739633851,0
1260748800000000000,-0.0022693170992805,-0.17834126473036083,-0.5278739169683685,-0.054899870829654994,-0.641425265755411,-0.641425265755411,0.856695728244387,0.011091823185113227,0
1260835200000000000,-0.0143314775687899,-0.23934945376819874,-0.036276204804444385,0.23643465071874253,-0.4347765860490028,-0.4347765860490028,2.7833231287706326,0.002222500622922103,0
1260921600000000000,0.0017865833079278,-0.17354186464140414,-0.7923679229696816,-0.176357288265541,-0.5638719880144776,-0.5638719880144776,1.4346839484022607,0.0005892523102575952,0
1261008000000000000,-5.94626417412698e-05,-0.239362771162224,-0.32254484159141783,0.6939047374766936,-0.9857690759134501,-0.9857690759134501,0.856695728244387,0.00013014721570828262,0
1261094400000000000,-0.0107783232163692,-0.3017814220801119,0.377983869103819,-0.5288333969702947,-0.4061510960692347,-0.4061510960692347,0.27870750808651334,3.805610557240267e-05,0
1261353600000000000,-0.0070622098942378,-0.28138776493441864,-0.09397500286489152,-0.043092955297245175,0.29082373104077414,0.29082373104077414,0.08604476803388877,3.006541914195526e-05,0
1261440000000000000,0.0066912090724391,-0.30519391051902844,-0.4571945604161838,0.42848360067973196,0.2476633885491583,0.2476633885491583,1.4346839484022607,4.6840960042259665e-05,0
1261526400000000000,0.031343719862452,-0.3426144386687092,-0.8187876892506529,0.9246304692851043,-0.13594729251008453,-0.13594729251008453,0.856695728244387,0.00019859061642409388,0
1261612800000000000,0.0065484695286819,0.09967193356516411,-0.02848669439868614,1.128462282064291,0.08084598368906133,0.08084598368906133,-0.10661797201873578,0.0015100569050107901,0
1262044800000000000,0.0018425570390217,0.03457444575193425,0.8273306633209412,-0.682237249771418,-0.7554702927974569,-0.7554702927974569,-0.4919434521239849,0.0014950968882890096,0
1262131200000000000,-0.003572328765193,-0.04254651814244466,-0.28100845892356896,0.1482350332122,-0.8317782884981965,-0.8317782884981965,0.6640329881917624,0.0009252533140748712,0
1262217600000000000,0.0060941530634611,-0.1064062117523582,-1.2843507019000622,0.6605281133052398,-0.5616170765196532,-0.5616170765196532,0.08604476803388877,0.00041119193581183177,0
1262563200000000000,0.0059713863248584,-0.16107017114872618,-0.597012358458737,1.1671137078195613,-2.304228824275191,-2.304228824275191,-0.4919434521239849,0.00015425435020888513,0
1262649600000000000,0.0086963957751834,-0.2129296962621298,0.31375952064621143,0.006322200342650312,-1.791973877540291,-1.791973877540291,-0.2992807120713603,6.223134594114255e-05,0
1262736000000000000,0.0007386389062683,-0.24091864411806824,-0.4527563219660668,0.7887522233369141,-1.7579041558855646,-1.7579041558855646,0.856695728244387,3.5824891796259494e-05,0
1262822400000000000,-0.0035466864183382,-0.30363600497687304,-0.26061013827147256,0.18049585988231312,-1.2769718596342852,-1.2769718596342852,2.3979976486653833,2.295573101045177e-05,0
1262908800000000000,-0.0034926490460929,-0.3514978975214594,0.16900825475744813,0.4653370473183048,-0.25438665057085746,-0.25438665057085746,2.012672168560134,1.752685495457581e-05,0
1263168000000000000,0.0008861894848711,-0.39656576213489886,-1.4518647068520443,0.08728515343297616,-0.47436395787251473,-0.47436395787251473,0.47137024813913786,1.464349072448875e-05,0
1263254400000000000,-0.0074571562473284,-0.45053388463689725,0.1806774655287838,0.424162645911993,-0.33291454168687634,-0.33291454168687634,2.012672168560134,1.276636632801904e-05,0
1263340800000000000,0.0045096789481005,-0.4557760788028791,0.17370126167915617,1.144352755710285,-0.3314102549507111,-0.3314102549507111,1.242021208349636,1.2430680258816644e-05,0
1263427200000000000,0.004945708140283,-0.49657835946105167,-0.7766843109919719,0.4782711301958382,-0.27693289988067055,-0.27693289988067055,1.627346688454885,1.1739664565854647e-05,0
1263513600000000000,-0.0014649229624307,-0.5322243203265945,-2.0243129764588534,0.16548095010547173,-1.2387176843384546,-1.2387176843384546,1.242021208349636,1.142531423778567e-05,0
1263772800000000000,0.0043031878189766,-0.5747528058025853,0.009942541766864432,0.6595289453126328,-1.1210034230141808,-1.1210034230141808,0.08604476803388877,1.1652015113710626e-05,0
1263859200000000000,-0.0093710881128138,-0.6087240213357848,-0.3748999761989766,0.1276024344014555,-0.9922163030054144,-0.9922163030054144,0.6640329881917624,1.4966852111513024e-05,0
1263945600000000000,-0.0007561165620956,-0.5723327840760163,-0.38377842611341983,-0.3398828474701341,-0.4663627499476056,-0.4663627499476056,1.627346688454885,5.204267648012175e-05,0
1264032000000000000,-0.0247302534165188,-0.6143734487573037,-0.5376885687874361,1.0237310822746377,-0.7814709153534652,-0.7814709153534652,1.627346688454885,0.0005093791169090676,0
1264118400000000000,-0.0114806871788919,-0.22834098792982044,-0.9427598392630908,0.446484474418655,-0.7036440345383694,-0.7036440345383694,1.4346839484022607,0.005969261369152408,0
1264377600000000000,-0.0055954701352252,-0.2065140337145441,0.09958670905236552,-1.8793730472407193,-1.1579451576266067,-1.1579451576266067,-1.0699316722818586,0.03365434375154382,0
1264550400000000000,-0.0313989499028072,-0.2480315366394871,-1.6654827208647192,-0.34032260466790165,-2.0150845817388365,-2.0150845817388365,0.47137024813913786,0.15832195035966026,0
1264636800000000000,0.0029113997328143,0.20762120422075472,-0.8338459235443146,-0.06606713486665941,-1.5148873548362807,-1.5148873548362807,0.6640329881917624,0.8612917396216517,1
1264723200000000000,0.003036077739411,0.12280837596999745,-1.2113643712024869,-0.3684963620194255,-1.9444313755739615,-1.9444313755739615,2.205334908612759,0.9323815169140105,1
1264982400000000000,0.0036088449983292,0.04285869107245038,-0.21929432651333766,0.8430288067606407,-0.895517333461207,-0.895517333461207,0.08604476803388877,0.9518782028880828,1
1265068800000000000,-0.0143068270124513,-0.031244676265956988,-0.6330602233965871,0.2526895090812901,-0.8311579002486293,-0.8311579002486293,0.856695728244387,0.9643407777535877,1
1265155200000000000,0.0208469994132577,0.007987814921110625,-0.6507240373916848,-0.026775854118419647,-0.6514514067402482,-0.6514514067402482,0.856695728244387,0.9806452102929103,1
1265241600000000000,-0.0176946887051239,0.1248159347930955,0.7706917268176391,0.4172365312116117,-0.5906398375944661,-0.5906398375944661,0.6640329881917624,0.9954670769415764,1
1265328000000000000,-0.0264967812684455,0.19664447982203095,0.1019850732439879,-0.12822291242222095,-0.1911736033544306,-0.1911736033544306,0.47137024813913786,0.9995126644647987,1
1265587200000000000,0.0088089567699925,0.42191513509515205,-1.330922576460462,-0.004021569946133134,1.0248558909467782,1.0248558909467782,0.08604476803388877,0.9999971336132935,1
1265673600000000000,0.0067517961642943,0.350051291136175,-0.3977368399778702,0.7437655891724237,0.6503302138043565,0.6503302138043565,1.242021208349636,0.9999981481703528,1
1265760000000000000,-0.007424173049006,0.27077492711258855,-0.5083779001928348,0.5332990008309073,0.45468572818892067,0.45468572818892067,2.3979976486653833,0.9999906514479981,1
1265846400000000000,0.0145348002982618,0.2095945190809281,0.6637702382891344,0.49636297467927465,0.4789128763304874,0.4789128763304874,0.6640329881917624,0.9999052106782329,1
1266192000000000000,-0.0051719751351667,0.20673759403563674,2.9573903198506124,-3.4192154404339794,1.9677868996721173,1.9677868996721173,-1.4552571523871076,0.9991162563395584,1
1266278400000000000,0.0111414436398691,0.13567756018050178,-0.42226752165303266,-0.18763039865254294,1.6196706014202573,1.6196706014202573,0.6640329881917624,0.9914230558463648,1
1266364800000000000,0.0119247043688822,0.10275914354895492,0.80835976243853,0.19826180963011109,1.6170953692168728,1.6170953692168728,1.242021208349636,0.9594303625182079,1
1266451200000000000,-0.0053561992005249,0.08033889801705,-0.8052946322561502,0.7951540164667237,0.9739882764000275,0.9739882764000275,0.6640329881917624,0.8669685019059877,1
1266537600000000000,-0.0088054897601234,0.01817496533389235,0.40973229978570785,0.9866534667231565,0.9558143374907246,0.9558143374907246,-0.10661797201873578,0.6564492651326449,1
1266796800000000000,0.0023708174405699,-0.013349353512316751,-1.0177380053941922,1.0631780419283519,-0.5140183590579848,-0.5140183590579848,0.08604476803388877,0.3984904172695813,0
1266883200000000000,0.0028067612985113,-0.08714014834034695,0.3540667799245672,-0.6275406427346024,-0.14239904890997324,-0.14239904890997324,1.242021208349636,0.16187777496429767,0
1266969600000000000,-0.0023538132079058,-0.15601700524074996,0.15681215130691975,0.16486415001250743,-0.22346955040564423,-0.22346955040564423,1.627346688454885,0.0444671345866743,0
1267056000000000000,0.0002366455905705,-0.21803518416741788,-1.4232361612916757,0.1146536530712394,-0.8577181213450257,-0.8577181213450257,2.012672168560134,0.008857981552906612,0
1267142400000000000,0.0127888650052328,-0.28186649125285546,-0.24761181646063943,0.8443407167556458,-0.6871436339295849,-0.6871436339295849,-0.6846061921766095,0.0014431691881996729,0
1267488000000000000,0.0190562842367978,-0.25664414663757407,0.5126176109449345,0.43427689836561517,1.1802656792213384,1.1802656792213384,0.47137024813913786,0.00033502506112081677,0
1267574400000000000,0.0140723536236842,-0.13058410590948336,0.008388358713336493,0.38640513116010566,1.2623234461061088,1.2623234461061088,1.242021208349636,0.00018830792634337643,0
1267660800000000000,-0.0015440261478846,-0.10453939064759847,0.16403344350460308,0.8646392861317495,1.2966370611860667,1.2966370611860667,0.47137024813913786,0.00013715071397056014,0
1267747200000000000,0.0016619605947973,-0.17190081824367226,-1.1408493918949656,0.2699482254591478,0.5025721423847106,0.5025721423847106,0.27870750808651334,7.346045208147508e-05,0
1268006400000000000,0.006912950461775,-0.2379502328106335,0.46137416525146985,0.907260134506407,-0.2304613383487171,-0.2304613383487171,-0.877268932229234,3.8972070676547364e-05,0
1268092800000000000,-0.004400769901265,-0.27852950805847193,-0.00914172157259544,0.2867831556520756,-0.2859705477329651,-0.2859705477329651,1.4346839484022607,2.631351447892965e-05,0
1268179200000000000,0.0028871346912529,-0.3231364861372263,0.03413379867149259,0.7338825423108338,0.09065613496169284,0.09065613496169284,1.0493584682970116,1.989535667102656e-05,0
1268265600000000000,0.0033464398319566,-0.3783967544809872,-0.36505153963309506,1.0511528877352028,-0.021027196624582713,-0.021027196624582713,-0.10661797201873578,1.5688456941977274e-05,0
1268352000000000000,0.0007010628286984,-0.42900046626248034,-0.8510136932783261,0.11017521004092845,-0.22300212361576527,-0.22300212361576527,1.242021208349636,1.3350255104210623e-05,0
1268611200000000000,-0.0015780592864252,-0.48112714595567463,-0.8024096033365483,0.36737992205953285,-1.1317179527240762,-1.1317179527240762,0.47137024813913786,1.2023861968174515e-05,0
1268697600000000000,0.0134020007909805,-0.5264260923759848,0.8195077825163262,-0.35325132630954004,-0.7520217566099111,-0.7520217566099111,1.8200094285075097,1.1524227616104882e-05,0
1268784000000000000,0.0064812891671634,-0.4607513967827878,-0.8076162380194001,0.972618795083488,-0.7381112260229341,-0.7381112260229341,0.856695728244387,1.2232754374098694e-05,0
1268870400000000000,0.002672318347834,-0.4883571326325973,-0.08050820974721766,0.318942372006513,-0.8755476181378037,-0.8755476181378037,1.627346688454885,1.1820323672482266e-05,0
1268956800000000000,0.0032163668929633,-0.5344213891242426,-0.03147795275515689,0.824924056448808,-0.27839275502550886,-0.27839275502550886,1.242021208349636,1.1399753322169509e-05,0
1269216000000000000,-0.0110050039546087,-0.5759251146008072,-0.8469478507711097,0.274423304604669,-0.1372209239128817,-0.1372209239128817,0.47137024813913786,1.1368835562427186e-05,0
1269302400000000000,0.0038540116492909,-0.5182639510460807,-0.5071603348172715,-0.45534419586990327,-0.2739791140043445,-0.2739791140043445,-0.10661797201873578,1.1447583544139966e-05,0
1269475200000000000,0.0066948758289282,-0.5581925077390651,0.11474819706768581,0.5016448735073049,-0.15727360009181773,-0.15727360009181773,1.627346688454885,1.1329997947221642e-05,0
1269561600000000000,0.004097762953683,-0.5763847709258884,0.8595708592638855,0.7036953545197377,-0.022250663719140938,-0.022250663719140938,1.0493584682970116,1.1383581035524479e-05,0
1269820800000000000,0.0039396164198846,-0.6113253593917534,-0.16729703588474526,0.49451708799007876,0.21224850475218998,0.21224850475218998,-0.6846061921766095,1.1677672212561107e-05,0
1269907200000000000,-0.0076476954047443,-0.6447178277844768,-0.35400865404903237,0.7239195439216843,0.06199415282280584,0.06199415282280584,0.6640329881917624,1.2155749067330005e-05,0
1269993600000000000,-0.0025400829491546,-0.628123163963607,0.3383872975302925,0.3734416775988377,-0.10506494853853174,-0.10506494853853174,1.4346839484022607,1.1979348811638248e-05,0
1270080000000000000,0.0078561074211529,-0.659889508097814,-1.3257901853930907,-0.054874012260514936,-0.4849045552143613,-0.4849045552143613,1.242021208349636,1.2514137466047982e-05,0
1270425600000000000,0.0146171349884928,-0.6573474074438536,0.04747787484654406,-0.5144832233434488,-1.2073695081689984,-1.2073695081689984,0.47137024813913786,1.2420327705423303e-05,0
1270512000000000000,-0.0004471423471397,-0.5479853225442903,-0.3962087526912828,0.10254075280130091,-0.9094033975863912,-0.9094033975863912,1.4346839484022607,1.1422448452173073e-05,0
1270598400000000000,0.0016106854412794,-0.5921280615101155,-0.6190434478506732,-0.544614945882252,-1.0849073601530765,-1.0849073601530765,0.08604476803388877,1.1494892780667452e-05,0
1270684800000000000,-0.0131473097105394,-0.6341350119082999,-1.0125885627818503,-0.29538248250976606,-0.9295872889671727,-0.9295872889671727,1.8200094285075097,1.19216579093579e-05,0
1270771200000000000,0.0107442865987615,-0.5284881533850773,-0.7142409593744627,0.1521487451212555,-0.8528286642450271,-0.8528286642450271,1.242021208349636,1.1451939293600735e-05,0
1271030400000000000,-0.0041209061368251,-0.503493479456526,-0.2808178160557586,0.5466629134435113,-0.6712327471678786,-0.6712327471678786,1.627346688454885,1.1581971774011754e-05,0
1271116800000000000,-0.0031418105563994,-0.5343429729510761,1.1225606623878868,-1.1672722941143254,0.013163571170994558,0.013163571170994558,0.6640329881917624,1.1378210837875877e-05,0
1271289600000000000,-0.0093144378288005,-0.5692153961887364,-0.4416542728737903,0.522832886278648,0.5228308863121814,0.5228308863121814,-0.2992807120713603,1.1337883761193865e-05,0
1271376000000000000,-0.0020880400510003,-0.5385143944529106,-0.5671945483318823,0.40281154576936373,0.42107282535454155,0.42107282535454155,1.627346688454885,1.134671222823333e-05,0
1271635200000000000,-0.0112649360952642,-0.5783267110502683,0.5510734778929174,-0.28313362668517844,-1.0525502006340182,-1.0525502006340182,0.47137024813913786,1.1375530866476553e-05,0
1271721600000000000,0.0050701333602508,-0.5159960960146939,-0.5236388380326156,0.8434666942581579,-1.0788293636517006,-1.0788293636517006,2.7833231287706326,1.1465316075218366e-05,0
1271808000000000000,0.0028257402454029,-0.5495423134683218,-1.1420684380274917,0.8705043929817022,-1.2630982517363476,-1.2630982517363476,0.856695728244387,1.134151344267241e-05,0
1271894400000000000,0.0046508765504513,-0.5914243983111322,-0.6854722960812384,0.9130267959870138,-0.9536326749177562,-0.9536326749177562,0.47137024813913786,1.1474258328771467e-05,0
1271980800000000000,0.0065730909918724,-0.622261107837098,-0.6110937807412692,0.8589085767658988,-0.7619869407050897,-0.7619869407050897,2.3979976486653833,1.1808326337246394e-05,0
1272240000000000000,0.0034536355429986,-0.6362290534257548,-1.277142845806678,1.0318547642002254,-2.036364629104988,-2.036364629104988,-0.4919434521239849,1.2100445099027279e-05,0
1272326400000000000,-0.0026526894562823,-0.6702395217210568,-1.5224827731003876,0.32543352566754585,-2.3046582369381503,-2.3046582369381503,-0.10661797201873578,1.2860470093557828e-05,0
1272412800000000000,-0.0176556591711249,-0.6984675628758401,-0.18969954842399672,0.4178263530333871,-2.1695854009192765,-2.1695854009192765,1.627346688454885,1.3574300617057224e-05,0
1272499200000000000,0.0073928102175396,-0.4778299103089151,-0.8994192593292014,0.7282933022638266,-1.7714978342037357,-1.7714978342037357,1.242021208349636,1.2112727908372457e-05,0
1272585600000000000,0.0045290161353799,-0.49634684189792144,-0.6089442194993926,2.01548010277237,-1.4307857377215372,-1.4307857377215372,0.6640329881917624,1.1767315111580532e-05,0
1272844800000000000,-0.0105231549841106,-0.5343705050030474,0.7319169257114515,1.1155242347595145,-1.0398314836177047,-1.0398314836177047,-0.10661797201873578,1.2042296013900492e-05,0
1272931200000000000,-0.0143186729823531,-0.49001449304030964,-0.3891629928296341,1.2825630474600724,-0.8762749948791334,-0.8762749948791334,0.856695728244387,1.9323052522452124e-05,0
1273017600000000000,-0.0045944165309339,-0.3866884399149993,0.41359429107733525,0.09516000649003307,-0.5485126147378604,-0.5485126147378604,1.627346688454885,0.00010167909276428444,0
1273104000000000000,-0.0066661636744762,-0.42260009797383735,-0.054088432291009174,0.35917159748234445,0.07272234243046917,0.07272234243046917,1.627346688454885,0.0008760552869096587,0
1273190400000000000,-0.0144034568075265,-0.43848391193982994,-0.1107290489465871,0.5161324297281302,0.20050212352489324,0.20050212352489324,2.205334908612759,0.0091137566204886,0
1273449600000000000,0.0343857440395936,-0.3420456464309982,-1.0488309518390069,0.5094635228020988,-1.393130560460599,-1.393130560460599,-0.2992807120713603,0.09955118006509159,0
1273536000000000000,-0.0111233645861763,0.18757472195844482,-0.5650169164895853,0.4662156152720054,-1.55690252047064,-1.55690252047064,-0.4919434521239849,0.8629683065794712,1
1273622400000000000,0.0039833723565122,0.1651668599387864,-0.7718550739656687,0.24448122488911841,-1.7688184896905919,-1.7688184896905919,0.856695728244387,0.9620769078577779,1
1273708800000000000,0.0043055347402521,0.08533230912943564,-0.328530588708419,0.6367118747447844,-1.2489817913687826,-1.2489817913687826,0.856695728244387,0.9788234060115946,1
1273795200000000000,-0.0166274426039294,0.011021236774759868,-0.200336074341548,0.46191961307346585,-0.9233360333852441,-0.9233360333852441,-0.4919434521239849,0.9856772842419739,1
1274054400000000000,-0.006618516089783,0.08062208270635458,-2.9861352152340115,-2.324361303665428,-1.4863655265483104,-1.4863655265483104,-1.4552571523871076,0.9918094247002064,1
1274140800000000000,0.0012443672728817,0.026594499553737612,0.04236539890529876,0.3140889600792818,-1.3674792934845257,-1.3674792934845257,1.0493584682970116,0.9943854236951539,1
1274227200000000000,-0.0293536983189342,-0.05057272489376181,-0.1593331620374809,0.8950825288336695,-1.3543363047457202,-1.3543363047457202,0.856695728244387,0.9963997908949637,1
1274313600000000000,0.0056652603446742,0.29534834411922495,-0.8325322771943843,-0.30773204835651946,-1.6570535900679695,-1.6570535900679695,0.47137024813913786,0.9998720327357165,1
1274400000000000000,-0.0033304234883113,0.21424507589793898,-0.7718467976751996,0.5102252141275411,-1.4980324826900306,-1.4980324826900306,-0.2992807120713603,0.9999702125924009,1
1274659200000000000,0.0025924395724847,0.13445805314736453,-0.6052241524342417,0.7810872707336309,-0.14937149882358838,-0.14937149882358838,-1.0699316722818586,0.9999463346355857,1
1274745600000000000,-0.0281434662706871,0.053008529822836985,-2.4612230988676727,-1.0958457829859134,-0.6714286875790484,-0.6714286875790484,-0.877268932229234,0.9999108465600223,1
1274832000000000000,0.0227587356083224,0.3449245730233486,-0.5863541582147832,0.6852427465468849,-0.6119712604216675,-0.6119712604216675,0.47137024813913786,0.9999968263953769,1
1274918400000000000,0.0172778241540229,0.4459670107379149,-0.5004756480037755,0.5015334026582294,-1.0452348277022387,-1.0452348277022387,1.0493584682970116,0.9999996174161615,1
1275004800000000000,0.0126023342211595,0.453880392641929,-0.4538669390384028,0.3817816380107084,-1.4658703294459225,-1.4658703294459225,0.47137024813913786,0.9999996711798885,1
1275264000000000000,0.003890538257075,0.40972409890099803,-0.09162996893756688,0.0850785332355372,-0.6438157564599174,-0.6438157564599174,-0.4919434521239849,0.9999993140245566,1
1275350400000000000,-0.0230904922666169,0.31621179547678846,0.43600104845845616,1.084584958361226,-0.3436394522871025,-0.3436394522871025,-0.4919434521239849,0.9999972245362663,1
1275436800000000000,0.0099399521888653,0.453595151932268,-0.30617642639854664,-0.3276834248497231,-0.2962990407070812,-0.2962990407070812,0.47137024813913786,0.9999996621469636,1
1275523200000000000,0.0178971745538566,0.3874247510786251,-0.4159556245534516,-0.23582419378102154,-0.028812985576832904,-0.028812985576832904,0.6640329881917624,0.999999042743869,1
1275609600000000000,0.0048799628367281,0.40942491431950573,1.4314589620188036,-1.6310872278534085,0.34864425765195867,0.34864425765195867,0.6640329881917624,0.9999993076343734,1
1275868800000000000,-0.0199623129105978,0.3188742491504715,-0.6099695746594502,0.27856624676996933,0.32600282903357763,0.32600282903357763,-0.10661797201873578,0.9999973187001734,1
1275955200000000000,-0.0093602986328567,0.4018363937260876,0.31299018260568023,0.4537843554216677,0.5596576110072399,0.5596576110072399,1.4346839484022607,0.9999992129269769,1
1276041600000000000,0.0026432734937479,0.3463140146399782,-1.1271012588243534,-0.056291263819333394,-0.26045799250714635,-0.26045799250714635,1.627346688454885,0.999998080622737,1
1276128000000000000,0.0155377807121102,0.25359240370744274,-1.4109075982852626,0.2105207390715914,-1.2305265057689652,-1.2305265057689652,1.0493584682970116,0.9999909836166551,1
1276214400000000000,0.0079918446569689,0.258717427075459,-1.076595830087302,0.6846924580616802,-1.242916991581693,-1.242916991581693,-0.10661797201873578,0.9999558718532698,1
1276473600000000000,0.015188760681795,0.19212689099584185,-0.39018440484519745,-0.35834474647243314,-1.4137222235042082,-1.4137222235042082,-0.4919434521239849,0.9992784904354496,1
1276560000000000000,0.0047312532343929,0.19897923971061002,0.5518581438544803,0.45515251862019124,-0.7845813504229275,-0.7845813504229275,1.242021208349636,0.9938420844657899,1
1276646400000000000,0.0021041161955454,0.11971877347828082,-0.49298548587274155,0.6148413124890164,-0.5975120972688889,-0.5975120972688889,1.627346688454885,0.9456495874344106,1
1276732800000000000,0.0078986343975933,0.0383237601997494,-0.11688132443675928,1.0921245229183887,-0.587176052707353,-0.587176052707353,0.6640329881917624,0.7778072097637121,1
1276819200000000000,-0.0023250416925128,-0.014336548077942475,1.4042277754811456,-0.78872305685208,0.31733946974030713,0.31733946974030713,0.47137024813913786,0.5281890765576739,1
1277078400000000000,0.0170879369366441,-0.08458991566781289,0.40173275932158625,0.45392743056740165,1.4710063672873215,1.4710063672873215,0.27870750808651334,0.3012963148355371,0
1277164800000000000,-0.0068885966849402,-0.019016469221704333,-0.3242586674238762,0.31463136815968606,1.4045340625068452,1.4045340625068452,-0.10661797201873578,0.1865705036409129,0
1277251200000000000,0.0012406550343662,-0.06412751228160897,-0.18604207400714573,1.1667107356169963,0.894792252742434,0.894792252742434,-0.10661797201873578,0.08642335247364095,0
1277337600000000000,-0.0004791177425768,-0.13639734248480553,0.8764369253676232,0.46291162754399173,0.6243622050735931,0.6243622050735931,0.856695728244387,0.026764013264283935,0
1277424000000000000,-0.0097360537224636,-0.20403304830963528,-0.15037386373677356,0.7986067774790799,0.2088246783629617,0.2088246783629617,1.242021208349636,0.006097526654065767,0
1277683200000000000,0.0121576395024626,-0.20663021018716282,1.6215460620945152,-0.4959265165425057,-0.031899963035244006,-0.031899963035244006,-0.877268932229234,0.001444338932568358,0
1277769600000000000,-0.014608882074956,-0.19776101824257833,0.24720197402463728,0.017899699491645934,-0.23359363343200273,-0.23359363343200273,1.242021208349636,0.00041974264936005327,0
1277856000000000000,0.0106637332420907,-0.13304393945830714,0.8250484828276007,-0.23099218109747885,0.07906622890668347,0.07906622890668347,2.7833231287706326,0.0002040362039458125,0
1277942400000000000,-0.0115678451258036,-0.14837388225298925,0.3078249981951019,0.6933450856998027,0.9204542087859694,0.9204542087859694,1.0493584682970116,0.0001188789454600421,0
1278028800000000000,-0.0027267604610162,-0.1339560434622577,-0.9201113494270229,-0.19184254189855163,0.6780970479663008,0.6780970479663008,1.242021208349636,8.995443562053059e-05,0
1278288000000000000,-0.0002291979982343,-0.19590726517140641,0.9459685736781449,0.3554723915349691,0.20758627177477376,0.20758627177477376,-0.877268932229234,5.3042029330123804e-05,0
1278374400000000000,0.0100998780288753,-0.2605629249521052,-1.1384191224671363,0.41223665162767814,-0.25598982863656466,-0.25598982863656466,0.47137024813913786,3.2000780766457914e-05,0
1278460800000000000,-0.0091071900953951,-0.27062686886159754,-0.28969310969601625,0.7787045849711012,-0.05391686942629004,-0.05391686942629004,0.6640329881917624,2.7139803746926147e-05,0
1278547200000000000,0.0105809040833325,-0.27418455107835393,0.4528869911020192,0.7472532316727681,0.19498854810504904,0.19498854810504904,0.27870750808651334,2.5856393402737786e-05,0
1278633600000000000,0.0104421138168353,-0.27764054809085553,-0.03776439432799383,1.2120029775984171,-0.010588710350299358,-0.010588710350299358,0.08604476803388877,2.5079537743561615e-05,0
1278892800000000000,0.0056914030796913,-0.2823517710368951,0.3277569603400023,0.23348211130135846,0.45524448668892614,0.45524448668892614,0.27870750808651334,2.3783975610922747e-05,0
1278979200000000000,0.0032734590355328,-0.3279410328016424,-0.28748346519231105,-0.3896211522785876,0.21792767130126608,0.21792767130126608,0.47137024813913786,1.9215441443911565e-05,0
1279065600000000000,-0.0026884727623095,-0.38178885836576076,-0.5834777533440473,0.07425563202529357,0.043005839432940236,0.043005839432940236,0.27870750808651334,1.54680468249727e-05,0
1279152000000000000,-0.001374820681371,-0.42889742085784527,0.2175095135206933,0.13306766309363047,0.47435562939105813,0.47435562939105813,0.6640329881917624,1.3336743042463987e-05,0
1279238400000000000,0.0028126621525335,-0.47797571267895483,-0.2298476579116905,0.4761712891468978,-0.16717833096530763,-0.16717833096530763,0.856695728244387,1.2064761865739357e-05,0
1279497600000000000,-0.0013820902196343,-0.5242698674473711,-0.9101898556908938,-0.5380534154936851,-0.7829398092236245,-0.7829398092236245,-0.10661797201873578,1.1468043431431822e-05,0
1279584000000000000,-0.0034311774341907,-0.5675527038110361,-0.2798234433953335,1.1445090472211508,-0.9423538870264797,-0.9423538870264797,0.27870750808651334,1.1355559668836761e-05,0
1279670400000000000,0.0058231943720508,-0.5983844852558043,-0.38162497896639286,0.6243825933485799,-0.9910042757265566,-0.9910042757265566,0.08604476803388877,1.1523609319086077e-05,0
1279756800000000000,0.0078588943689787,-0.6206120851149848,-1.4871287358895002,0.8189121288890181,-1.2474049038384223,-1.2474049038384223,0.856695728244387,1.1772384665306552e-05,0
1279843200000000000,0.0013129869348835,-0.6218445678400459,-1.9217203509492324,0.7850582717694561,-1.5855410408654809,-1.5855410408654809,0.27870750808651334,1.186973616037749e-05,0
1280102400000000000,-0.0056129778202094,-0.6623899068652591,-1.9647900117876382,0.057750518475988354,-2.5766552436007073,-2.5766552436007073,1.627346688454885,1.2598439999492452e-05,0
1280188800000000000,0.0022121455365479,-0.6676782734580893,-1.7906073803125129,1.0253040249964855,-2.673931660859586,-2.673931660859586,1.0493584682970116,1.2877015997752618e-05,0
1280275200000000000,-0.006104532335174,-0.7038989173686767,-0.75171613364427,1.1015677541764008,-2.2989009279604296,-2.2989009279604296,-0.6846061921766095,1.3933964299783907e-05,0
1280361600000000000,0.0021006162315222,-0.6999095958762868,-2.1758566614006196,-0.2742920692243885,-2.395000156296515,-2.395000156296515,0.27870750808651334,1.4020122271319303e-05,0
1280448000000000000,-0.0076648275196621,-0.7343528085385793,-0.9468476551318417,0.7823611499348244,-2.434751954749725,-2.434751954749725,3.168648608875882,1.5231008796099832e-05,0
1280707200000000000,0.0118620377733786,-0.707155846551669,0.33840005184875294,1.5671826801489157,-1.8528169739628129,-1.8528169739628129,-1.0699316722818586,1.4115232799311319e-05,0
1280793600000000000,0.0014533637403788,-0.6410154652819436,0.039191352091106045,0.12225660615129288,-1.142810063201314,-1.142810063201314,0.856695728244387,1.2404606963257705e-05,0
1280880000000000000,0.005189203059859,-0.6802492194713988,-0.724258560523555,0.6831319565192773,-1.071461815005601,-1.071461815005601,1.4346839484022607,1.3173896923290253e-05,0
1280966400000000000,-0.003802129121223,-0.7009535757122054,-0.242324003603827,0.21414900991714816,-0.6795696685194582,-0.6795696685194582,-0.2992807120713603,1.3940318615159262e-05,0
1281052800000000000,-0.0014421911745366,-0.7192292209990935,-1.865295541745288,0.0865464503595674,-0.7757979031339224,-0.7757979031339224,1.8200094285075097,1.4805502797769214e-05,0
1281312000000000000,0.0085855329508556,-0.7498446180746989,0.0667097732660079,0.744936895285546,-1.317759376777549,-1.317759376777549,-0.2992807120713603,1.617844005630004e-05,0
1281398400000000000,-0.0046496942326528,-0.7286835478167041,-0.48107015828792804,0.6044933607056725,-1.3942865756061802,-1.3942865756061802,0.27870750808651334,1.536009900837199e-05,0
1281484800000000000,-0.0073704939869633,-0.7374371971198355,-0.17795924808404026,0.8483044547720986,-0.8534312885058061,-0.8534312885058061,1.0493584682970116,1.557719720420586e-05,0
1281571200000000000,-0.0007658730806648,-0.7139527637079667,-0.4829206719549358,0.4772479589624519,-0.4957862182471839,-0.4957862182471839,0.6640329881917624,1.4764838765037273e-05,0
1281657600000000000,0.0065602181038856,-0.7471001696128045,0.16509639138778093,0.6345309313301392,-0.28084156621070566,-0.28084156621070566,1.4346839484022607,1.6150894275982774e-05,0
1281916800000000000,-0.0062187964018681,-0.7501292792977402,-0.22760682429353543,0.19652425166675425,-0.4324177791478924,-0.4324177791478924,-0.2992807120713603,1.641921971071827e-05,0
1282003200000000000,-0.0007661983501435,-0.7400458635491693,-0.7201367854551296,1.0137239603928707,-0.5084545417387047,-0.5084545417387047,1.242021208349636,1.6086041275825858e-05,0
1282089600000000000,0.0119340828982805,-0.7714982778756428,-0.058788162751444654,0.71075553909048,-0.5802180338541773,-0.5802180338541773,1.627346688454885,1.735329589771508e-05,0
1282176000000000000,0.0110806748273832,-0.6937744405979853,-0.3367760924856476,0.6044658457297916,-0.13611642764195409,-0.13611642764195409,0.47137024813913786,1.3878827294354751e-05,0
1282262400000000000,-0.0017253047875308,-0.6427382027400813,1.032062360157606,-0.3815062069192159,-0.08887190842722302,-0.08887190842722302,0.6640329881917624,1.2409755603575283e-05,0
1282521600000000000,0.0023207385735129,-0.6773012687003721,-1.2086680838705302,-0.8968093442234231,-0.38941567958673656,-0.38941567958673656,-0.2992807120713603,1.3124095648537688e-05,0
1282608000000000000,-0.0069511171771116,-0.7126360306516617,0.46441351780655893,0.08020920630115157,-0.1326040183166663,-0.1326040183166663,2.7833231287706326,1.4237598485465245e-05,0
1282694400000000000,-0.0077958350846487,-0.697518134360875,-0.002149040420857662,0.2911364641262745,-0.4641080024860729,-0.4641080024860729,2.205334908612759,1.3768652716800327e-05,0
1282780800000000000,0.0028426800409087,-0.6729072776911217,0.08123859671495005,0.011511965238675306,-0.7383331186475928,-0.7383331186475928,2.7833231287706326,1.3100370739125543e-05,0
1282867200000000000,-0.0127129936644879,-0.706919134611519,0.6346013244119887,0.3096822993699637,0.0010972616924124414,0.0010972616924124414,2.205334908612759,1.3837716969722866e-05,0
1283126400000000000,0.0012472112140708,-0.5966136953910275,0.36814246542948464,-0.6608112246101577,0.17048423889303918,0.17048423889303918,-1.262594412334483,1.1742376371699081e-05,0
1283212800000000000,-0.0024127343569622,-0.6387371866083565,-0.11551116320481976,0.9153693725296569,0.10741847761705942,0.10741847761705942,0.47137024813913786,1.2120814420015479e-05,0
1283299200000000000,0.0127735043088119,-0.6704367193446295,0.5488214604608704,0.6152804060807113,0.07992277737105567,0.07992277737105567,1.627346688454885,1.2692011180082647e-05,0
1283385600000000000,0.0026099311561804,-0.5938841627620101,-0.4908902156837891,0.40361423823176046,-0.13545508041252932,-0.13545508041252932,2.205334908612759,1.1620322388775007e-05,0
1283472000000000000,-0.0012311285750001,-0.6336637461709719,-0.053044908437722055,-0.47582519407140833,0.09343825367093474,0.09343825367093474,1.0493584682970116,1.2031230933568969e-05,0
1283731200000000000,0.0176464789029981,-0.6705907821553165,0.08681572505856361,-0.18581453165090092,0.003734753873010555,0.003734753873010555,0.08604476803388877,1.2704084207700395e-05,0
1283817600000000000,0.0048385614797321,-0.4930011092850252,-1.5348643020076365,-0.42649370680973,-0.3308985414014362,-0.3308985414014362,2.205334908612759,1.180377446810004e-05,0
1283904000000000000,0.0006867908104461,-0.5295205352512985,-0.16613853674913917,0.45763858493221665,-0.36714933920586873,-0.36714933920586873,1.242021208349636,1.142291339535492e-05,0
1283990400000000000,0.0057254768041222,-0.5758157225133183,-1.3900814281983007,0.3300326301699014,-0.5095976476275064,-0.5095976476275064,1.0493584682970116,1.1406126265339544e-05,0
1284336000000000000,0.0210445786184708,-0.6005213219635266,-0.8577272917361691,1.1274273811353337,-0.1390820138560487,-0.1390820138560487,0.08604476803388877,1.1889136156106627e-05,0
1284422400000000000,0.0061528732845358,-0.3580842241292995,0.277628120092028,1.0120568229940523,0.39548215686028704,0.39548215686028704,-0.4919434521239849,1.5960767090091503e-05,0
1284508800000000000,0.011221391822531,-0.3955663422412955,-0.19391923013180856,-0.34678809547137873,0.2574042252844561,0.2574042252844561,0.08604476803388877,1.4773075154959835e-05,0
1284595200000000000,-0.0055177153710691,-0.3789528419267735,-1.2040560285879591,0.45360158574351733,-0.40671293893675103,-0.40671293893675103,0.47137024813913786,1.5220700092413829e-05,0
1284681600000000000,0.0096042532441008,-0.40852213983633984,-2.1132604755880338,-2.0605254044015338,-1.300533949948117,-1.300533949948117,-1.262594412334483,1.4159458146388946e-05,0
1284940800000000000,0.0160975709380551,-0.4104210522023882,-1.5843099063218722,0.39319236398084045,-1.3546346765335595,-1.3546346765335595,-0.4919434521239849,1.444341895957338e-05,0
1285027200000000000,0.0047707850402158,-0.31479516786660766,0.3078877832198893,0.8549807344573869,-0.869999332952703,-0.869999332952703,0.856695728244387,1.91244085591686e-05,0
1285113600000000000,-0.0030082905643817,-0.36333156172197456,-1.16404527021222,0.510513009991412,-0.5657398534688561,-0.5657398534688561,0.6640329881917624,1.640486830420164e-05,0
1285200000000000000,-0.0052634010037847,-0.41011410173970736,-0.16289607553764496,0.7635082169621069,-0.17956614020859676,-0.17956614020859676,-0.10661797201873578,1.4081576639584843e-05,0
1285286400000000000,0.00980985286291,-0.4393621321072193,0.30827501267868224,0.6083193586221612,-0.7247688265712541,-0.7247688265712541,0.47137024813913786,1.3018312462925994e-05,0
1285545600000000000,0.0028787426627548,-0.4358837137687847,2.0211159456264673,-1.141298472234504,0.3982447101140231,0.3982447101140231,-1.262594412334483,1.2918911605872753e-05,0
1285632000000000000,-0.0010194490621581,-0.48451602649809944,0.8710382492548426,0.4295512878990399,0.7296598809838316,0.7296598809838316,0.6640329881917624,1.1930908145456121e-05,0
1285718400000000000,-0.0063557042001228,-0.5312271902973326,-1.0318247668135614,0.6909450653227489,0.30010706824386135,0.30010706824386135,0.856695728244387,1.1421746810101672e-05,0
1285804800000000000,0.006430366859766,-0.5407726148517495,-0.470480262077179,0.8872537721567744,0.4419481698426788,0.4419481698426788,1.8200094285075097,1.1363092589117782e-05,0
1285891200000000000,0.0186395677094109,-0.5626172823242251,-0.7495609787300176,0.7409423190351253,0.21613073399423802,0.21613073399423802,2.3979976486653833,1.1575859618961705e-05,0
1286150400000000000,0.0026092006237768,-0.38653732579019434,0.9109214403567861,-1.0296151849696649,-0.15022890331393318,-0.15022890331393318,-0.10661797201873578,1.4459715796805456e-05,0
1286236800000000000,-0.0022186296457684,-0.43880970664525354,0.4052308340095612,0.8899016014994853,0.1304697209438723,0.1304697209438723,1.242021208349636,1.297829905233043e-05,0
1286323200000000000,0.0065925581873924,-0.48436650610801546,0.03980726004059751,0.5785897897039296,0.3834921842264111,0.3834921842264111,1.0493584682970116,1.1955934154156454e-05,0
1286409600000000000,-0.0107503650775526,-0.5092797041548401,-1.3284692043424569,0.32424524725581416,0.4449244069399509,0.4449244069399509,1.242021208349636,1.163379272497438e-05,0
1286496000000000000,-0.0027568659448782,-0.4646684177250638,-0.05883350078848622,0.3146562483692701,0.000847407064701384,0.000847407064701384,2.3979976486653833,1.2153037777716948e-05,0
1286755200000000000,0.0052944167152087,-0.5061921782755269,-1.3884493160281195,1.2022916661459702,-0.5607372870409515,-0.5607372870409515,-0.10661797201873578,1.1621703231809703e-05,0
1286841600000000000,-0.0073527957677148,-0.5389992894324692,-0.9425038727563184,0.49676086334227787,-0.43702075761524084,-0.43702075761524084,1.627346688454885,1.1471928812700116e-05,0
1286928000000000000,0.0232062864649766,-0.5369998244777667,-0.5940098431300506,0.42344410844017905,-0.6085650759433959,-0.6085650759433959,1.0493584682970116,1.2653883686283778e-05,0
1287014400000000000,-0.0091127317587619,-0.2566287782822109,0.21289835735250323,1.0295687418442518,-0.6983672263048911,-0.6983672263048911,0.08604476803388877,2.7305652334802377e-05,0
1287100800000000000,-0.0187424106095344,-0.2614345149059776,-0.2976707279210297,0.7740746674325498,-0.9538402812503517,-0.9538402812503517,1.4346839484022607,3.5864806099596884e-05,0
1287360000000000000,0.0021914056290457,-0.11117911939557529,-1.647038117150136,0.3854009631820486,-0.21401615381565486,-0.21401615381565486,-0.2992807120713603,7.78266631069447e-05,0
1287446400000000000,-0.0080392708813106,-0.17988663544164643,-0.32855358168327603,0.6606382012270923,-0.387572038933742,-0.387572038933742,0.856695728244387,5.94479384403052e-05,0
1287532800000000000,-0.0075274236555505,-0.2027046049378028,-0.5259435038319025,0.5319936978727193,-0.4607421225835043,-0.4607421225835043,1.242021208349636,4.918203071467585e-05,0
1287619200000000000,0.0197629493798636,-0.22853021484867964,-2.059488427895706,0.45667577200449755,-0.9405430838990896,-0.9405430838990896,1.0493584682970116,5.083960149922274e-05,0
1287705600000000000,-0.0058270228909508,-0.09355106846748806,-1.6502447279555201,-0.1982029633530405,-1.9800530359938666,-1.9800530359938666,1.8200094285075097,0.00010001035716555128,0
1287964800000000000,0.0065314874218655,-0.14125908567522505,-1.2073262186802394,0.09651252147831121,-1.9998886291959337,-1.9998886291959337,-0.2992807120713603,8.124805240476541e-05,0
1288051200000000000,-0.0039055178654989,-0.19101143072500198,-0.41468986928461005,1.0070975523207684,-1.4726682997442386,-1.4726682997442386,1.0493584682970116,5.359761282640217e-05,0
1288137600000000000,-0.0114680223513407,-0.24413357491809556,0.6312649229075685,-0.4568821328079801,-0.7413579131452989,-0.7413579131452989,1.8200094285075097,3.621481000042478e-05,0
1288224000000000000,-0.0041581691829563,-0.22073888646166015,0.07530912932757071,0.2510201963857656,-0.11046513190858513,-0.11046513190858513,0.47137024813913786,3.553280762067713e-05,0
1288310400000000000,0.0049977612520853,-0.27057901295866976,-0.7102726233624657,1.0889832900396832,-0.5102091335463678,-0.5102091335463678,1.242021208349636,2.7081790511292287e-05,0
1288569600000000000,0.0164564986751347,-0.3207655556124988,-1.0647632284299917,0.3900490610453741,-0.5843843534692361,-0.5843843534692361,-0.4919434521239849,2.2075438270355528e-05,0
1288656000000000000,0.0002370268323075,-0.2325716930534097,-0.2663306338948535,0.2885974646683622,-0.6938928568521803,-0.6938928568521803,3.3613113489285062,3.0317273116854437e-05,0
1288742400000000000,0.0067592586021823,-0.29559807998503096,-1.77789620188479,-0.8601094086889016,-1.036106711461975,-1.036106711461975,-0.2992807120713603,2.3695613789478745e-05,0
1288828800000000000,0.0194985894406679,-0.33320780178947823,-1.0327858362412228,0.3384545140024795,-1.0774158819556385,-1.0774158819556385,0.856695728244387,2.2598563148110527e-05,0
1289174400000000000,-0.0013699101106928,-0.18478414355142814,-0.5729898006594235,0.8647135387175796,-1.1821476003366507,-1.1821476003366507,0.856695728244387,4.591536854461277e-05,0
1289260800000000000,0.0045089814757519,-0.24804427742225307,0.04867433089321337,0.6135332742760569,-0.5966624580884962,-0.5966624580884962,2.205334908612759,5.3688109642173085e-05,0
1289347200000000000,-0.0041105401852399,-0.3019656166013878,-0.9571104835848571,0.30382947242340613,-0.5724056370024218,-0.5724056370024218,1.627346688454885,0.00014443383287566906,0
1289433600000000000,-0.0130636213262741,-0.34677487904490234,-0.9925271339714832,0.11250652837149026,-0.8453691959887275,-0.8453691959887275,1.242021208349636,0.0008577582180261745,0
1289520000000000000,-0.0199910616625139,-0.2870538322384393,-1.0241851095259276,0.6233247879961549,-1.1103919032118414,-1.1103919032118414,0.47137024813913786,0.007017024905825638,0
1289779200000000000,0.0081931355022444,-0.10581440602912412,-0.3684980224552554,0.5404984781785661,-0.3147956253691045,-0.3147956253691045,-1.0699316722818586,0.048782843383794024,0
1289865600000000000,-0.021949123410368,-0.146162419999423,-0.05946402212319221,0.2656289242646486,-0.015713504551053695,-0.015713504551053695,2.012672168560134,0.14563057467232987,0
1290038400000000000,0.0016850238606307,0.04911014376451817,0.27661183331034284,-0.3372027510565352,0.20038203199448731,0.20038203199448731,-0.10661797201873578,0.4448382326445258,0
1290124800000000000,-0.0182525196726287,-0.028953501512974263,0.36307055049520304,0.3632882278828291,0.2817510684346209,0.2817510684346209,0.6640329881917624,0.6255294114426356,1
1290384000000000000,0.0201178515529526,0.07373269041435032,-1.8661915059435454,-0.7955506415947817,-0.6771490217713567,-0.6771490217713567,-1.262594412334483,0.8516975307605361,1
1290470400000000000,-0.0125998443718408,0.16794032666329073,0.1855831878380558,-0.33588596668548315,-0.7063271555946052,-0.7063271555946052,2.205334908612759,0.9581198188103289,1
1290556800000000000,-0.0116945530075819,0.16378612162993525,-0.04159713137887204,-0.31720568613401945,-0.8360384977155882,-0.8360384977155882,0.6640329881917624,0.9755064174281536,1
1290643200000000000,-0.0113155379925759,0.1496305253039853,-0.175657056749467,0.19796890780324133,-1.039589728931678,-1.039589728931678,1.627346688454885,0.9777544063960831,1
1290729600000000000,-0.0082758514669287,0.13256362093599133,-0.007383161286936668,0.3750593350658857,-0.5998094250739405,-0.5998094250739405,3.168648608875882,0.9745663567954026,1
1290988800000000000,0.0134780386542123,0.08763160002477499,1.510253809253768,-1.5271960322277256,0.5952321487920684,0.5952321487920684,-0.877268932229234,0.9594299928308597,1
1291075200000000000,0.0055932812811094,0.08378013909764967,-0.04279678770848614,0.32564043599802645,0.6378189047495735,0.6378189047495735,1.627346688454885,0.9219732688847717,1
1291161600000000000,0.0166111783619885,0.014779766123330101,0.542265677473454,-0.8324941320807318,0.8140022071587734,0.8140022071587734,0.6640329881917624,0.8334432844842583,1
1291248000000000000,0.0084861429293017,0.060487158056006816,0.1790802218457037,0.17283572871165268,0.37424557166033595,0.37424557166033595,1.4346839484022607,0.7284755366004773,1
1291334400000000000,-0.0031488868744578,0.010557472396685558,-0.05849963525159866,0.4391744074022973,0.6937370931003907,0.6937370931003907,1.4346839484022607,0.5335830465128037,1
1291593600000000000,-9.17484193800369e-05,-0.05821393525650415,-0.18481947966677156,-0.11632626651188134,-0.5279734426843915,-0.5279734426843915,-0.877268932229234,0.31121000505876584,0
1291680000000000000,-0.0026235219193067,-0.13056225323826923,-0.18452693883411236,0.5446718366249943,-0.6445233302320101,-0.6445233302320101,1.0493584682970116,0.17236657759874516,0
1291766400000000000,-0.0122641396395734,-0.193100751985507,-0.5894834876754569,0.3404943709402162,-0.814723796509673,-0.814723796509673,1.4346839484022607,0.12251147484923,0
1291852800000000000,-0.0235139953982263,-0.1644078790742699,-0.08260758878140922,0.5542354528660673,-0.7358416655194574,-0.7358416655194574,0.6640329881917624,0.11141167874403096,0
1291939200000000000,0.0156319888658681,0.06914930946740665,-0.5121113826329478,0.595424872608837,-0.48707726314244704,-0.48707726314244704,1.0493584682970116,0.11116521307040958,0
1292198400000000000,0.0085508051279151,0.0946386474710551,-0.9220652175474043,0.24339422927852405,-0.4159081197659937,-0.4159081197659937,-0.6846061921766095,0.10541895807330298,0
1292284800000000000,0.0061510427131599,0.04281537563029653,-0.9042018028716788,1.0665294610644809,-0.6792602305521612,-0.6792602305521612,0.47137024813913786,0.0864334590251208,0
1292371200000000000,-0.0087527667367456,-0.02091268179823274,-1.335074087869264,-0.30392101002639155,-0.9430509946610066,-0.9430509946610066,1.0493584682970116,0.056236930270886554,0
1292457600000000000,0.009534732799129,-0.04981326840064716,-0.5008761518607325,0.4013086443236494,-0.7115292351065355,-0.7115292351065355,2.5906603887180077,0.030209174284001925,0
1292803200000000000,-0.0002858480055131,-0.08301815709772405,-0.06215583025603585,-1.6009884199939821,-0.38043170677719307,-0.38043170677719307,-1.262594412334483,0.012708897737178622,0
1292889600000000000,0.0089725149718078,-0.15382168617791972,-0.36439314934865613,-0.933502690574712,-0.3366837273226544,-0.3366837273226544,1.4346839484022607,0.0036911608985893724,0
1292976000000000000,-0.0027117133800074,-0.1839697127264747,0.275109092972097,0.6329530696712765,-0.3140492301922914,-0.3140492301922914,0.6640329881917624,0.0009032776864781096,0
1293062400000000000,-0.0007354990769299,-0.2430225067940969,-0.2066375696556268,-0.07492079249838975,-0.24081450178134906,-0.24081450178134906,1.627346688454885,0.00018142652189668363,0
1293148800000000000,0.005270384359897,-0.30431970032021793,0.5744390470782053,-0.45900671746186783,0.08024617920518247,0.08024617920518247,0.08604476803388877,4.2357595213821415e-05,0
1293408000000000000,-0.0022481836293281,-0.35089531988544687,-1.8535811653886438,0.830262425425021,-0.7334814924040084,-0.7334814924040084,-0.877268932229234,1.9730643187707063e-05,0
1293494400000000000,-0.000350188452758,-0.40173103099473934,0.5351640616386968,-0.25224512158206086,-0.49570593114072176,-0.49570593114072176,0.6640329881917624,1.4662836473192027e-05,0
1293580800000000000,0.0106749900626106,-0.4546168683977474,0.5837846171229863,0.12977968128326942,-0.492710321439991,-0.492710321439991,1.4346839484022607,1.2718813541624703e-05,0
1293667200000000000,0.0068244495895103,-0.4387875730798664,-1.5589397244671375,0.15779579348465547,-0.3167604071091139,-0.3167604071091139,0.6640329881917624,1.2851676522368995e-05,0
1293753600000000000,0.0053365553566281,-0.46532077852602255,-0.3490449373766416,0.07125057402894061,-0.8361649551049284,-0.8361649551049284,2.5906603887180077,1.2278842599252629e-05,0
1294012800000000000,0.0037585318483364,-0.500717110821466,0.26133287420098805,-0.02704858399908855,-0.7095911572330714,-0.7095911572330714,1.242021208349636,1.1998784944331895e-05,0
1294099200000000000,-0.0018286815139022,-0.5421902127546347,-0.013602571378195151,0.5171949567543755,-0.21425198107676777,-0.21425198107676777,-0.10661797201873578,1.5232939762976021e-05,0
1294185600000000000,-0.0108866570081684,-0.5828082850389129,-0.5675122626270804,-0.22000838771814185,-0.2842790458440348,-0.2842790458440348,1.0493584682970116,5.8754510275103835e-05,0
1294272000000000000,-0.0052027945736062,-0.5261264183792353,0.23409715765063435,0.5647713185167689,0.0501992385394433,0.0501992385394433,1.0493584682970116,0.0005900847311194311,0
1294358400000000000,-0.0240372493118901,-0.546889382008534,0.5731886298052135,-0.37374118748061996,0.16715755123796278,0.16715755123796278,2.012672168560134,0.007073820477805172,0
1294617600000000000,-0.0242995637386114,-0.20188161222408676,0.37032820381601833,0.6152613434769417,1.4534390027970592,1.4534390027970592,-0.6846061921766095,0.08671492419029533,0
1294704000000000000,-0.0015194997868653,0.05819572989925681,-1.5570663417543515,-0.25541650002056204,0.8793031578243058,0.8793031578243058,0.08604476803388877,0.43585126765177185,0
1294790400000000000,0.0187913961951567,-0.018263698248049257,-0.38713916798568426,-0.13057159085901462,0.5714816709423666,0.5714816709423666,0.856695728244387,0.6283187607189352,1
1294876800000000000,-0.0191738393273167,0.06636605580729804,-0.20472372770032363,0.42820334778231484,0.22824126401345027,0.22824126401345027,1.242021208349636,0.8476505880196109,1
1294963200000000000,-0.0170697217680403,0.17118562252492903,0.17290542811505957,0.6713252311919233,-0.503792267499138,-0.503792267499138,1.0493584682970116,0.9590068951409415,1
1295222400000000000,3.5403661761228884e-05,0.2273519716785461,-3.7329606467645213,,-1.4814900202059504,-1.4814900202059504,-1.6479198924397322,0.9765145460538912,1
1295308800000000000,0.012180662758961,0.13959965620157733,-0.23343805840600426,0.20816117632191516,-1.4906940524051375,-1.4906940524051375,1.242021208349636,0.9761034574577552,1
1295395200000000000,-0.0057818316196177,0.11671041312044642,-0.2862663825640176,0.9149994221541892,-1.6378760352891553,-1.6378760352891553,1.4346839484022607,0.9686645180542642,1
1295481600000000000,0.0036044806065857,0.05478276310958134,-0.21370801853551138,0.1184575636214283,-1.4285518045106664,-1.4285518045106664,2.3979976486653833,0.9426720775614508,1
1295568000000000000,-0.0026472605158493,-0.019999239236092776,-1.2293094120901324,0.48396916257502876,-1.8147882167339324,-1.8147882167339324,2.205334908612759,0.8971465165863006,1
1295827200000000000,0.0081733010341099,-0.08886185506666441,-0.5988171344683711,0.27899569936555596,-1.613615960694434,-1.613615960694434,0.27870750808651334,0.8580300086298323,1
1295913600000000000,-0.0097720676558611,-0.13059350828190505,-1.559578710286821,-0.28919507495685576,-2.045018569718899,-2.045018569718899,2.205334908612759,0.8395669041402407,1
1296086400000000000,-0.0147190591522661,-0.1396011696971478,-0.7461426206651707,0.04298866589900419,-1.1374019410817566,-1.1374019410817566,1.0493584682970116,0.8350097462600655,1
1296172800000000000,-0.0165793964047946,-0.08077664843023172,-0.8204689760077344,0.4996788053559655,-1.4151994884734216,-1.4151994884734216,2.5906603887180077,0.8397524588704104,1
1296432000000000000,-0.0011345021634778,0.0004938363933049177,-0.5567553914677826,0.38532918171306224,-1.1298014296900445,-1.1298014296900445,1.4346839484022607,0.8522080980175989,1
1296518400000000000,-0.0162411139605226,-0.07359428620298022,-0.545157985782246,0.488055438795071,-1.0653782303487334,-1.0653782303487334,2.975985868823257,0.8642681389974857,1
1296604800000000000,0.002728277403174,0.0010458954901872508,-1.149787704456218,-0.14762726254789935,-1.1709373747182625,-1.1709373747182625,0.47137024813913786,0.8876861819821847,1
1296691200000000000,0.0172925490766863,-0.07287692622792663,0.23125091369361667,0.5557647667387504,-0.7418895305524876,-0.7418895305524876,0.6640329881917624,0.9102353500083291,1
1296777600000000000,-0.0239883326761385,-0.005556959813466981,0.6198131254129889,-0.18521748139491867,-0.43806321969075357,-0.43806321969075357,1.627346688454885,0.9516666595181882,1
1297036800000000000,4.633168856676948e-05,0.20566388028227378,-0.5029903879601815,-0.3892456000686301,0.440306473830354,0.440306473830354,-0.877268932229234,0.9939997779868059,1
1297123200000000000,-0.0155860291389192,0.11905397135686163,0.5184081453458335,-0.8858383615374601,0.5323512591832543,0.5323512591832543,1.627346688454885,0.9983645141199039,1
1297209600000000000,-0.0111679078178833,0.15935388645276655,-1.198758844734457,0.8410044095032075,-0.050570040335865145,-0.050570040335865145,0.47137024813913786,0.9996430728038671,1
1297296000000000000,-0.0052961425847933,0.13984643467590988,0.13000659700942999,1.1939167125954773,0.00012757608702795492,0.00012757608702795492,0.856695728244387,0.9998589482339325,1
1297382400000000000,0.0159839764499339,0.07359557882292757,0.25561635040624936,0.20809016992158963,-0.24480484112984785,-0.24480484112984785,1.242021208349636,0.9998705208096285,1
1297641600000000000,0.0271240852873136,0.10346185039285906,-2.0223691075845958,0.4999897295894886,-0.538625724880856,-0.538625724880856,-1.4552571523871076,0.9999252857921317,1
1297728000000000000,0.0045716455228184,0.32840944192735044,-0.7824362582970014,-0.634205741053536,-0.8310982712981622,-0.8310982712981622,1.0493584682970116,0.9999959443682629,1
1297814400000000000,0.0001277413960022,0.2413376920118932,0.011915501564141838,0.5680282886030951,-0.9092136375486584,-0.9092136375486584,0.08604476803388877,0.9999899608869399,1
1297900800000000000,0.0117428112159769,0.15279032580376015,-0.711152731126642,0.0815504810183037,-0.9113375912379404,-0.9113375912379404,1.4346839484022607,0.999967056601593,1
1297987200000000000,-0.0159016193265479,0.12434456604924085,-1.4290748347780131,-0.25438682042943356,-1.570357179941191,-1.570357179941191,-0.10661797201873578,0.9999523101726475,1
1298246400000000000,0.0108677232792251,0.1686366816438884,-0.39321474706934056,0.9317675671275398,-1.4027385053028787,-1.4027385053028787,-0.2992807120713603,0.9999637393483656,1
1298332800000000000,-0.0089918334644996,0.13057611106375014,-0.5709064563127335,0.13734473933241567,-1.3577842543250573,-1.3577842543250573,1.4346839484022607,0.9999395330075002,1
1298419200000000000,-0.0058405613764712,0.09199228891403033,-1.0432944220500944,0.18886517459080182,-1.2341269984078513,-1.2341269984078513,1.4346839484022607,0.9998976048119121,1
1298505600000000000,-0.0326475876381304,0.03202474195782011,0.4584101730495098,0.7919965209956017,-0.9158429753574824,-0.9158429753574824,0.856695728244387,0.999873096220091,1
1298592000000000000,0.0077321306790641,0.4397898103696476,-1.3678120383980452,0.1319317643739953,-0.9240565659356793,-0.9240565659356793,1.242021208349636,0.9999991346530972,1
1298851200000000000,0.0055844376210012,0.36029577513745176,-1.8788290277972834,-1.1456089723592506,-1.597511749325195,-1.597511749325195,-0.4919434521239849,0.9999984913378416,1
1298937600000000000,0.0348335963566569,0.2751252105853513,-1.0448141519695164,0.46090913840942815,-2.0793521666377957,-2.0793521666377957,0.856695728244387,0.9999950423121702,1
1299110400000000000,0.0025139753033331,0.6386505181249391,0.14847317168003826,0.46601191769613837,-1.157075439348597,-1.157075439348597,1.0493584682970116,0.9999999881282573,1
1299196800000000000,0.000460463421972,0.5303434445135385,-0.989877253723155,0.5870298511476761,-1.4949444006365196,-1.4949444006365196,1.0493584682970116,0.9999999125566746,1
1299456000000000000,-0.0137433149294111,0.42652822994954526,-2.48211307166983,-1.7535290049315955,-1.000309930438693,-1.000309930438693,-0.877268932229234,0.9999994863528887,1
1299542400000000000,0.0104972133445312,0.4117991984771699,0.2851848185823746,0.5583402746153253,-0.9564886617840094,-0.9564886617840094,0.08604476803388877,0.9999993411021006,1
1299628800000000000,0.0018458890658586,0.3527142448076242,-0.48804557963881995,0.13832474265844205,-0.7956325744808608,-0.7956325744808608,1.0493584682970116,0.9999982824773186,1
1299715200000000000,-0.0066392570653005,0.2586459982737444,-1.095948109711821,0.3974801574936731,-1.0345629967880006,-1.0345629967880006,0.6640329881917624,0.9999928523808582,1
1299801600000000000,-0.0089489404819972,0.1929632908592746,0.6613719188199569,0.22680060629907337,-0.9890400328736523,-0.9890400328736523,0.27870750808651334,0.9999812675823979,1
1300060800000000000,0.0156785930275853,0.14927350100907863,-1.1117000175885483,-0.058040383976359806,-0.9665317224444724,-0.9665317224444724,-0.4919434521239849,0.9999672334932297,1
1300147200000000000,-0.0149076579830952,0.16681546240160725,0.20123193241389256,0.8050417547437502,-0.5507363135859052,-0.5507363135859052,0.6640329881917624,0.99997005232364,1
1300233600000000000,0.0112219265918863,0.1922025201637835,-0.08215617282828767,0.11904109655024696,-0.7890652708816814,-0.7890652708816814,1.8200094285075097,0.9999657200868919,1
1300320000000000000,-0.0117725722476733,0.15557458687751335,0.6729517320777042,0.13047648618444535,-0.49298000933667435,-0.49298000933667435,1.4346839484022607,0.9998686088468828,1
1300406400000000000,-0.0134840022122957,0.1430269966698116,-1.5414738627142746,-0.5229246924721604,-0.5856739333940426,-0.5856739333940426,1.4346839484022607,0.9994108437291539,1
1300665600000000000,-0.0016669439671844,0.15213963915551645,-0.925582766416126,-0.30920182695399095,-2.266811228555051,-2.266811228555051,0.27870750808651334,0.9973664641561262,1
1300752000000000000,0.0091107262245092,0.070864852514165,-1.0649250189013244,0.36486096948501556,-2.8238666493546063,-2.8238666493546063,0.47137024813913786,0.9870466524592287,1
1300838400000000000,0.0121902174583247,0.025035669028916446,0.9848236337877847,-0.11709778730754763,-2.014092472799206,-2.014092472799206,0.6640329881917624,0.9658748526646043,1
1300924800000000000,0.0076618103661675,0.012230426491809512,0.20834918046142667,0.4533388786811373,-0.9595589776896917,-0.9595589776896917,1.242021208349636,0.9383330968530932,1
1301011200000000000,0.0235949440543164,-0.04030851310628122,0.4995920976661519,-0.11783594590586126,-0.0845438028658185,-0.0845438028658185,0.6640329881917624,0.9065656111659041,1
1301270400000000000,0.0058193524892336,0.13792716807588212,-0.7307520806225557,-1.1148718012763459,-0.2970576484735866,-0.2970576484735866,-0.6846061921766095,0.8838967903864199,1
1301356800000000000,0.0085963093239822,0.0667577997991574,0.5249599610285364,-0.07506928164918494,-0.19557188344500845,-0.19557188344500845,0.6640329881917624,0.7852791284357075,1
1301443200000000000,0.0089031835388419,0.017217419384830523,0.4380570583601681,0.2085630340111529,-0.21529619772402794,-0.21529619772402794,-0.6846061921766095,0.5901220315844027,1
1301529600000000000,0.0079336981520465,-0.026395348088916287,0.4955059864177608,-0.2130508211268294,0.061860401653348114,0.061860401653348114,1.4346839484022607,0.3531024583589573,0
1301616000000000000,-0.0013208110878279,-0.07435987609010318,-0.43755680595278,0.609968356792076,0.10391871598589367,0.10391871598589367,0.856695728244387,0.1593487412048523,0
1301875200000000000,0.0140443555388361,-0.14393037448838594,-0.40097049453785016,0.4250298361335048,-1.0460024659595255,-1.0460024659595255,-0.6846061921766095,0.053089710564834455,0
1301961600000000000,0.000270695838688,-0.11678448756234877,1.1859959791836845,-0.26037229316623295,-0.8246742312262995,-0.8246742312262995,-0.10661797201873578,0.018174643829389565,0
1302048000000000000,-0.0031011912855171,-0.1861978277403769,-0.3790197011256981,-0.07892758317882541,-0.8059108686670919,-0.8059108686670919,0.6640329881917624,0.004262786476203895,0
1302134400000000000,-0.0010273539890691,-0.24350114985494042,-0.5220224958884425,0.5207497342803507,-0.7391621828815657,-0.7391621828815657,0.27870750808651334,0.0007660567850341065,0
1302220800000000000,-0.0074525093314491,-0.3042078010113295,-0.6021360088091101,0.17907538276152038,-0.21930110629877556,-0.21930110629877556,1.0493584682970116,0.00012437601862213678,0
1302480000000000000,-0.0096838142894209,-0.32240105636391236,-0.8139769102329096,0.9662888781065828,-0.5940136530504107,-0.5940136530504107,-0.10661797201873578,3.756383987333492e-05,0
1302652800000000000,0.0215102166449027,-0.3140070125876904,0.6430422987158694,-0.28434365414935153,0.4008845119264833,0.4008845119264833,-0.877268932229234,4.635581685262947e-05,0
1302825600000000000,-0.0148178966049684,-0.126774801734476,-0.28594177202469945,1.1210631380588547,0.026680442346277044,0.026680442346277044,-0.877268932229234,0.00019325184155528767,0
1303084800000000000,-0.0165232423430688,-0.0680484662268402,-0.4158145775965849,0.7229718813442146,-1.7198787968480551,-1.7198787968480551,-1.0699316722818586,0.0004741962389233883,0
1303171200000000000,0.0020313964438487,0.010512343779488908,0.42310089156313097,-0.09269301679744697,-1.318048210320106,-1.318048210320106,0.6640329881917624,0.000835102870067058,0
1303257600000000000,0.0191337922513196,-0.06508066258832854,-2.2307777090945278,-0.5239596440486112,-1.9414419007531067,-1.9414419007531067,0.6640329881917624,0.000875340676275074,0
1303344000000000000,0.0056321394742621,0.03216277606893011,0.10926064538650856,0.9455696124034259,-1.8228696060962508,-1.8228696060962508,0.27870750808651334,0.0010261693071426403,0
1303689600000000000,-0.0017348455169341,-0.03355144469427727,-2.19995611055562,0.010584488017158973,-1.0457756530574887,-1.0457756530574887,-0.4919434521239849,0.0007061070152608641,0
1303776000000000000,-0.0010389423831735,-0.1044098488245463,-0.9128839258147269,1.5506127699566752,-1.3734117606857887,-1.3734117606857887,-0.2992807120713603,0.00032916934082087264,0
1303862400000000000,-0.0058962939813224,-0.17289309697791136,-0.17291728968405454,0.005484905432111751,-2.141379742531424,-2.141379742531424,-0.10661797201873578,0.00012454151063942678,0
1303948800000000000,-0.00833953490022,-0.2145821174652967,0.17871174988116068,0.5109061127399335,-1.444852227785302,-1.444852227785302,1.242021208349636,5.7051347704545636e-05,0
1304035200000000000,-0.0062332842541917,-0.23148821404686437,-1.9537297574689692,0.4783451635326547,-1.611276380378167,-1.611276380378167,-0.10661797201873578,4.0198161241327063e-05,0
1304294400000000000,-0.0084187097522263,-0.2663302065850204,-1.4369210275042925,1.1049218517869475,-1.503414291486076,-1.503414291486076,-0.10661797201873578,4.093463294288716e-05,0
1304380800000000000,-0.0241522774060545,-0.27788861355855304,-1.0912477666013587,0.12238460983000679,-1.9104844893318296,-1.9104844893318296,2.3979976486653833,9.851682351801184e-05,0
1304467200000000000,-0.0050619970287562,-0.003309648453062719,-0.4317784682807325,0.6733103845542595,-1.422641369641342,-1.422641369641342,0.27870750808651334,0.000491519494140725,0
1304553600000000000,-0.0140585755813294,-0.06187896685481369,-1.1423531419384545,0.5590749154364538,-1.6820639458778466,-1.6820639458778466,1.8200094285075097,0.000647848147380883,0
1304640000000000000,0.0166378553408576,-0.022668209762317152,-1.053237052657378,0.7313043564126525,-1.6416512354783857,-1.6416512354783857,0.47137024813913786,0.0008632171543142325,0
1304899200000000000,-6.306616896621993e-05,0.02798839648798261,-1.1407100184981016,1.0753816366515045,-1.1432421019533328,-1.1432421019533328,-0.2992807120713603,0.0009550687300909019,0
1304985600000000000,-0.0017760168329809,-0.04904905080111758,-0.3928552599007982,0.5473246944466899,-0.9029996003883298,-0.9029996003883298,1.242021208349636,0.0006097999947378512,0
1305072000000000000,0.0042858272397143,-0.1189322531914276,-1.6824153410021685,-0.32133125382434025,-1.1046751081447943,-1.1046751081447943,1.242021208349636,0.00028016816172271467,0
1305158400000000000,-0.01427921764981,-0.1815178101418246,-0.8956469011152486,0.44977223267638267,-1.4620170385622229,-1.4620170385622229,0.6640329881917624,0.00012705882288855072,0
1305244800000000000,0.0106248174561516,-0.12420847773720259,-0.9383277874959273,0.1791723443992388,-1.6078081517325133,-1.6078081517325133,1.0493584682970116,0.00011023372772792408,0
1305504000000000000,-0.0082852765975044,-0.14071662125364356,-0.04482624709477974,1.451804318858206,-1.8744903959382524,-1.8744903959382524,-0.6846061921766095,9.022398610089076e-05,0
1305590400000000000,-0.0109801940834807,-0.1643711469646712,0.12043409972909752,-0.42159518743958935,-1.5487978926160706,-1.5487978926160706,0.08604476803388877,7.210133898243959e-05,0
1305676800000000000,-0.0033795349947825,-0.15581562785643488,-0.211772611189368,0.3274036449368647,-1.315909398513402,-1.315909398513402,-0.2992807120713603,6.449683021584754e-05,0
1305763200000000000,0.0013826543382725,-0.21371484245715028,-0.7481647785413718,0.42570403514235033,-0.35034769578448155,-0.35034769578448155,0.27870750808651334,4.2724984726753094e-05,0
1305849600000000000,0.0106740242550093,-0.27770165209632197,-0.829034309219901,0.14719582454514044,-0.5383040228095911,-0.5383040228095911,0.6640329881917624,2.8779909664277678e-05,0
1306108800000000000,-0.0183581375255394,-0.27975400653337196,-0.2895512651524326,0.966309172013092,-0.21516118556398647,-0.21516118556398647,-0.4919434521239849,3.1181925563502995e-05,0
1306195200000000000,0.0015397433883911,-0.13394125014707212,0.9452034790929823,-0.131840211177493,0.327627574797592,0.327627574797592,1.0493584682970116,6.291422311325152e-05,0
1306281600000000000,-0.0085444964255447,-0.20219548944551735,0.0090860602078059,0.38537022438566954,0.5962769452487551,0.5962769452487551,1.8200094285075097,4.7851408511829256e-05,0
1306368000000000000,0.0117830808839346,-0.21805773406857384,0.24226841546398215,0.5768609267592506,0.7264243413180415,0.7264243413180415,0.856695728244387,4.111050921438922e-05,0
1306454400000000000,0.0117097892354484,-0.21268957409875106,0.5168503297306709,-0.808489560073996,0.467294267446891,0.467294267446891,0.27870750808651334,4.097835751852811e-05,0
1306713600000000000,-0.0005479852448685,-0.20874908952901255,0.3395018384332411,1.0037237530371024,0.1877653096520494,0.1877653096520494,-1.0699316722818586,4.152519178073926e-05,0
1306886400000000000,0.0214918035789915,-0.27227280882210647,-0.704490169808267,0.9735242877656445,-0.5041731485104411,-0.5041731485104411,0.6640329881917624,4.023185178079356e-05,0
1306972800000000000,-0.0074759985038833,-0.09382634977114708,-0.664979527224629,0.5862315725204894,-0.8962410219411209,-0.8962410219411209,1.627346688454885,9.879947038402459e-05,0
1307059200000000000,-0.0060720876465728,-0.12862607614191351,-0.06175702958798329,0.3642645108373388,-0.5618414388473641,-0.5618414388473641,1.242021208349636,8.949216220061133e-05,0
1307318400000000000,0.002769497997472,-0.17214071603992182,0.38145009839032545,0.9155802740725254,0.647085925116286,0.647085925116286,-0.877268932229234,6.144815546004849e-05,0
1307404800000000000,0.0043469880130654,-0.23633737337649155,-0.7438771812192269,-0.8637797918851376,0.6217962342211755,0.6217962342211755,0.27870750808651334,3.679363713152609e-05,0
1307491200000000000,-0.0052873541363392,-0.29167440927695104,0.3432777391381994,-0.24758905006391477,0.7516252416028028,0.7516252416028028,0.47137024813913786,2.4481271713131376e-05,0
1307577600000000000,-0.0010500264399477,-0.32940211481356046,0.27789393889092234,0.39339758484448983,0.42217886854826425,0.42217886854826425,1.0493584682970116,1.918864736434098e-05,0
1307664000000000000,-0.00640512440229,-0.3851473343161791,-0.59234247182784,0.5331263830406747,-0.0960366914715932,-0.0960366914715932,-0.2992807120713603,1.5396622004862577e-05,0
1307923200000000000,-0.0005470160606905,-0.4066042691404801,-2.3276164629156657,-0.9007709471374724,-1.4003107400907266,-1.4003107400907266,-1.0699316722818586,1.4049923475955315e-05,0
1308009600000000000,0.0032231134450305,-0.45889509835629594,-0.2797796670512197,0.5118339630824683,-1.5790662847816248,-1.5790662847816248,1.242021208349636,1.247752789490663e-05,0
1308096000000000000,-0.0096822093607154,-0.5050453918184541,0.12347825539282853,-0.4903354990098203,-1.349618588796097,-1.349618588796097,0.27870750808651334,1.1705798323114851e-05,0
1308182400000000000,-0.0093598673037883,-0.47673762220049976,-0.43471710225820126,-0.28269711024504013,-1.5318068167244905,-1.5318068167244905,1.242021208349636,1.2032618027858527e-05,0
1308268800000000000,-0.005639646083818,-0.45611332537411503,-0.5336317170397673,-0.043279538769249205,-1.0956883464844382,-1.0956883464844382,0.856695728244387,1.2494123755530325e-05,0
1308528000000000000,-0.0204255855337064,-0.47869330947481464,-1.0756036699034426,0.3537692900821915,-0.4028337627857079,-0.4028337627857079,0.47137024813913786,1.3275863318356584e-05,0
1308614400000000000,0.0034081334163708,-0.24539626522173205,-0.4173304065119352,0.0607099233954045,-0.3972606672771836,-0.3972606672771836,0.856695728244387,2.6680388462075843e-05,0
1308700800000000000,0.0004642168432151,-0.30366303742086875,-0.04496107683465773,-0.13803098197751923,-0.2406231905640088,-0.2406231905640088,0.6640329881917624,2.1994460607088823e-05,0
1308787200000000000,0.007869264178642,-0.36283719026305666,-0.8941477989788225,0.32288723342718506,-0.5957060676397794,-0.5957060676397794,1.242021208349636,1.9318873498363366e-05,0
1308873600000000000,0.0280338061694149,-0.3863638177117351,0.10213834320473358,0.18062269136352446,-0.7359287242257261,-0.7359287242257261,0.6640329881917624,3.706305881933718e-05,0
1309132800000000000,0.0100657063873618,-0.021641871282805016,-1.2004134770486794,0.3510198523674359,-0.3821544741164825,-0.3821544741164825,-0.6846061921766095,0.00022487644498216634,0
1309219200000000000,0.003377871002539,-0.05219254425331038,-0.08814799616198936,-0.14075882659323707,-0.12380096367936215,-0.12380096367936215,1.242021208349636,0.00023244746274475153,0
1309305600000000000,0.0098962996170586,-0.12160845144211117,-0.28764992358038116,-0.15815184689173545,-0.24874288885005708,-0.24874288885005708,0.856695728244387,0.00014650409973488698,0
1309392000000000000,0.0083482584310963,-0.1456971439509575,-0.48540986223145904,0.6357193052679939,-0.2330750954789964,-0.2330750954789964,3.3613113489285062,9.383033459753443e-05,0
1309478400000000000,-0.0035832275147961,-0.18185105447862462,-1.052474812094528,0.2521201501322806,-0.9872918342146788,-0.9872918342146788,1.0493584682970116,5.912578373964457e-05,0
1309737600000000000,0.0041320193718407,-0.23718645189982382,-0.5224305096916617,0.05006124351793604,-1.3885144894554877,-1.3885144894554877,-0.2992807120713603,3.61615582544302e-05,0
1309824000000000000,-0.0032616450989141,-0.29335496421965457,0.38861453819474,0.6959201137833584,-1.1083565151375663,-1.1083565151375663,1.0493584682970116,2.40944599082632e-05,0
1309910400000000000,-0.0011814121090557,-0.34331644648841114,-2.0173624551618556,0.08962802137186716,-1.417639605397197,-1.417639605397197,0.08604476803388877,1.8313558285837853e-05,0
1309996800000000000,0.018231322343836,-0.397946558126532,-0.5223283848744888,0.665144179634924,-0.8966650904153642,-0.8966650904153642,2.7833231287706326,1.6075383335151146e-05,0
1310083200000000000,-0.0119935925949386,-0.2633670682406081,0.201670536348683,0.04583000903524004,-0.7814232070613218,-0.7814232070613218,2.012672168560134,2.670328396170915e-05,0
1310342400000000000,-0.0079012191375856,-0.23042799239735343,-2.178543502340475,-0.016213720219691297,-1.7889104606517803,-1.7889104606517803,-0.6846061921766095,3.370670893987073e-05,0
1310428800000000000,-0.0161461373519975,-0.250396675982437,-0.8326157411865986,0.31931147230639,-1.8883693283429743,-1.8883693283429743,0.47137024813913786,3.593628908732532e-05,0
1310515200000000000,0.0106736843373052,-0.15178499082012664,-0.13623193923333768,0.11426838039919238,-1.996679889272289,-1.996679889272289,0.6640329881917624,6.0020312980725746e-05,0
1310688000000000000,-0.0007791301274212,-0.16536367623480622,-1.4140671404073906,1.1217803029918503,-1.6795025546604376,-1.6795025546604376,0.47137024813913786,5.661207339701422e-05,0
1310947200000000000,-0.0025206515038078,-0.2309334074735068,-0.3192924244110665,-0.06781939151170253,-1.142074827955782,-1.142074827955782,-0.6846061921766095,3.7051676323661356e-05,0
1311033600000000000,0.0083180276074523,-0.28793358439058886,1.1240323602014997,0.2992489327399987,-0.5535036025776113,-0.5535036025776113,0.08604476803388877,2.5181246065621605e-05,0
1311120000000000000,-0.0083180276074523,-0.31339517791968846,-1.2175128662181764,-0.34911705607308774,-0.4905005018935484,-0.4905005018935484,0.08604476803388877,2.1018145555188092e-05,0
1311206400000000000,-0.0045819702268381,-0.3218104439673105,-0.883964816825072,0.3650291397794405,-0.7377253263638347,-0.7377253263638347,1.0493584682970116,1.9611713917759158e-05,0
1311292800000000000,0.0165275440438265,-0.3623274293057545,-0.6717673254764939,0.3783747859050058,-0.6200864640343409,-0.6200864640343409,0.08604476803388877,1.782098276946406e-05,0
1311552000000000000,0.0081931844630397,-0.2664527757012313,-2.027187728585247,0.24151556997207443,-1.7414972064804786,-1.7414972064804786,-0.2992807120713603,2.5890838835246765e-05,0
1311638400000000000,-0.0187385851836119,-0.29471818524239796,-1.0582154840988829,-0.059862656779873055,-1.7973511551152899,-1.7973511551152899,1.8200094285075097,2.893815749613896e-05,0
1311724800000000000,-0.0050442789860771,-0.13838711124457753,0.336979633013815,1.5675463667526648,-1.4740094905665644,-1.4740094905665644,-0.10661797201873578,6.35131963043233e-05,0
1311811200000000000,-0.0107028142357157,-0.18828624012652456,-0.8473844803184494,-0.011998990768545369,-1.1690492008150315,-1.1690492008150315,1.242021208349636,5.862632802006193e-05,0
1311897600000000000,-0.0010483375695179,-0.1807832444487371,-1.0132507259581336,0.28891934706925176,-1.4664840920776434,-1.4664840920776434,2.012672168560134,7.023706961285808e-05,0
1312156800000000000,0.0063279487633646,-0.24498496367420386,0.6474961772906006,0.7316182891380704,-0.7787501569040175,-0.7787501569040175,0.6640329881917624,0.0001136631146319716,0
1312243200000000000,-0.0109812605259517,-0.28909258742188026,-0.6766795490339426,-0.27522758291846927,-0.7240327511526142,-0.7240327511526142,0.6640329881917624,0.00043582742355919896,0
1312329600000000000,-0.0095292746235235,-0.2673536204194223,-0.6646345148663961,0.953372836271476,-0.6122880315930408,-0.6122880315930408,0.08604476803388877,0.0026981181353110104,0
1312416000000000000,-0.0135985558904857,-0.26630782698386435,-0.2402599155814764,1.2803578377402307,-0.5754611900998025,-0.5754611900998025,0.47137024813913786,0.01671521437550724,0
1312502400000000000,-0.022869105391128,-0.2087183922141015,0.703505392978933,0.6413725526522087,-0.06301312114545252,-0.06301312114545252,0.6640329881917624,0.10317893312187883,0
1312761600000000000,-0.0179583228351812,0.019823941744873785,0.1814050058788999,-0.539429699534557,-0.20028086394189373,-0.20028086394189373,-0.10661797201873578,0.4975496137169421,0
1312848000000000000,-0.0089586182822995,0.11030847366529203,0.12154485334887226,-0.1490026474015167,-0.08430871131930935,-0.08430871131930935,0.27870750808651334,0.8143376936205114,1
1312934400000000000,0.0172275500712012,0.07298525234125983,0.9066062601247054,-0.26201913325043835,-0.019207179263651983,-0.019207179263651983,0.08604476803388877,0.9151613731652282,1
1313020800000000000,-0.0044081117165453,0.1208977615127588,-1.4567006474940436,0.10034151686044292,-0.005220189300707946,-0.005220189300707946,0.6640329881917624,0.9629626712679137,1
1313107200000000000,-0.0127997065142169,0.05114630512704144,-0.7935281653302699,0.18528809794247486,-0.32268099142671536,-0.32268099142671536,0.47137024813913786,0.9763595250511569,1
1313452800000000000,-0.0073501783859295,0.060854514585565594,-2.1366815394758043,1.4513588950967498,-0.926380046287511,-0.926380046287511,-1.0699316722818586,0.9842537745107164,1
1313539200000000000,0.0041219774525322,0.01363564607165194,-0.4952143813867274,0.7044953806460302,-0.8307591627286733,-0.8307591627286733,0.27870750808651334,0.9883744643851404,1
1313625600000000000,-0.0224893002533369,-0.05721940343991202,-0.38553867710088724,-0.36764392016755687,-1.1864018596894483,-1.1864018596894483,-0.2992807120713603,0.9920000396053534,1
1313712000000000000,-0.0201236646315247,0.13224136024883623,0.07886584662280648,-0.6552114536321615,-0.8633711630564886,-0.8633711630564886,0.856695728244387,0.9982813916081729,1
1313971200000000000,0.0109088621779677,0.24408367759769148,0.9158543791169466,0.8936166006029073,0.11962302417499011,0.11962302417499011,-0.10661797201873578,0.999876032347978,1
1314057600000000000,0.0101750726349027,0.20062346232467,-0.2757017271978999,-0.23893723145388088,0.15482993301537748,0.15482993301537748,0.6640329881917624,0.9999687843834736,1
1314144000000000000,-0.0121980005988044,0.15408022192788046,-0.044404740953010176,0.2736798293274979,0.11531703372860676,0.11531703372860676,0.856695728244387,0.9999646773333406,1
1314230400000000000,-0.0101352164678707,0.14651856923272963,0.2460604414105595,0.1577139390707845,-0.040025611418579535,-0.040025611418579535,0.6640329881917624,0.9999594464579645,1
1314316800000000000,-0.0191507811401737,0.11746064083244638,-0.31383657895650896,0.7168114651696356,0.18012906290947833,0.18012906290947833,-0.10661797201873578,0.9999523992108638,1
1314576000000000000,0.0355459345129728,0.21448162059897927,-0.2812481506760495,-0.8693890525763178,0.15823761077783693,0.15823761077783693,-0.4919434521239849,0.9999850581459645,1
1314662400000000000,0.0164106462002032,0.6102529269537991,0.5890424855205932,-0.3819280179356624,0.26817636610140855,0.26817636610140855,0.27870750808651334,0.9999999777076057,1
1314921600000000000,0.0077681896465105,0.5923179103714963,-1.3681641248087661,2.532182377555272,-0.12596790267624855,-0.12596790267624855,-1.262594412334483,0.9999999721340289,1
1315180800000000000,-0.0045340339863097,0.5037867854984612,0.29442049104689727,-0.7395935797158025,-0.22301255172086415,-0.22301255172086415,-1.0699316722818586,0.9999998599985025,1
1315267200000000000,0.009343838129813,0.41224405847416473,-0.2774276947874619,-0.3247487096461317,-0.4561085399127925,-0.4561085399127925,-0.2992807120713603,0.999999346906093,1
1315353600000000000,0.0118463247265334,0.3446042510856212,0.9460787820243934,-1.156907333234221,0.28569409688068775,0.28569409688068775,-0.4919434521239849,0.9999981145794982,1
1315440000000000000,0.0055653726438439,0.3019104535437654,0.310675479517835,-0.976251328477196,0.5094974644717922,0.5094974644717922,0.6640329881917624,0.9999962669722987,1
1315526400000000000,-0.0183697632542546,0.22000982982938821,0.18792672901994342,-1.0834595607365674,0.4794159759105093,0.4794159759105093,-0.4919434521239849,0.9999891934666716,1
1315785600000000000,-0.0225169569397339,0.29027586391298377,0.6052300131840079,-0.38768401186405055,0.026542626713415268,0.026542626713415268,-0.10661797201873578,0.9999956530727162,1
1315872000000000000,-0.0011832034704437,0.42120799553040295,-0.9622513515362784,-0.37433380894933654,-0.38147870801036676,-0.38147870801036676,0.08604476803388877,0.9999994110097908,1
1315958400000000000,0.014387068747856,0.32456590108494204,0.682643474931151,-0.7627537403562649,-0.22290322507413188,-0.22290322507413188,0.08604476803388877,0.999997482233819,1
1316044800000000000,0.0125197562500548,0.30940670974828133,-0.7502093519652581,0.6576060262899862,-0.28029727069983845,-0.28029727069983845,0.27870750808651334,0.9999967549092702,1
1316131200000000000,0.001683041066411,0.27588282180427715,0.12051368444653023,0.462351736365796,-0.08657301874470537,-0.08657301874470537,1.4346839484022607,0.9999942314759078,1
1316390400000000000,-0.0103399042407951,0.18572659352224483,-1.84429958594094,-0.022180048474069937,-0.9417857168558967,-0.9417857168558967,0.27870750808651334,0.9999804665206843,1
1316476800000000000,0.0212844054567253,0.15548947727174123,0.9968853832221667,-0.1603258795798353,-0.38177558245583065,-0.38177558245583065,0.6640329881917624,0.9999729694818745,1
1316563200000000000,-0.0013530403595068,0.2580910198417172,-0.0675289112709982,-0.0377333626720086,-0.4420503673199801,-0.4420503673199801,-0.4919434521239849,0.9999912935008639,1
1316649600000000000,-0.0416888813141348,0.17043679734477712,-0.09857480202576026,0.34393785093368506,-0.5738318738549247,-0.5738318738549247,0.856695728244387,0.9999800510367829,1
1316736000000000000,-0.0114182875257427,0.7818578410049014,-0.5840136659880444,0.5174256167665148,-0.5011753882832639,-0.5011753882832639,0.27870750808651334,0.9999999993281556,1
1316995200000000000,-0.0066679826333158,0.7160597676868201,-1.820020744970243,-1.096429234053148,-0.706268884797285,-0.706268884797285,-0.877268932229234,0.9999999976376627,1
1317081600000000000,0.0277074821594858,0.6222099658593988,0.07216564753486629,-0.3371090326189422,-0.6515400940910862,-0.6515400940910862,1.242021208349636,0.9999999843051627,1
1317168000000000000,-0.0051123867480918,0.769603603190208,0.07599031053463644,0.2172454999615509,-0.4399837839764012,-0.4399837839764012,-0.10661797201873578,0.9999999992485679,1
1317254400000000000,0.0139642563464044,0.6653843310125593,0.21150889359398772,0.17685568578049696,-0.32522471621138443,-0.32522471621138443,0.47137024813913786,0.9999999933123156,1
1317340800000000000,-0.014500177519274,0.6175705310810758,0.5131198506553053,0.8885903587059921,-0.2927310005475978,-0.2927310005475978,-0.6846061921766095,0.9999999828251659,1
1317600000000000000,-0.0191474027673415,0.5943612965177048,0.5122292156581341,-0.7924828940840397,-0.2888692674024755,-0.2888692674024755,-0.6846061921766095,0.9999999732214793,1
1317686400000000000,-0.0160786902123192,0.6316850263224891,-0.37676656123575514,-0.845644397982923,-0.4774338654682595,-0.4774338654682595,0.47137024813913786,0.9999999869466003,1
1317772800000000000,-0.0043786929339281,0.6252761556097023,-0.09125395687911728,-0.5779250958220428,-0.6711585962275926,-0.6711585962275926,0.856695728244387,0.9999999851998868,1
1317945600000000000,0.0283751872871923,0.5262629151179036,1.7534362417684004,-1.2031587249127091,0.15862380807806367,0.15862380807806367,-1.0699316722818586,0.9999999063512571,1
1318204800000000000,0.0185561751443522,0.7010008537638588,-0.7162060202076804,0.13825383618194062,-0.01944426082019778,-0.01944426082019778,-0.4919434521239849,0.9999999967651381,1
1318291200000000000,-0.0010548576964528,0.6999039603191578,0.3898797987313203,0.13062593588270086,0.5340106702620568,0.5340106702620568,-0.4919434521239849,0.9999999966926637,1
1318377600000000000,0.0248281381596563,0.5884474791920936,-0.29366166108511754,-0.8153448011890754,-0.12216185926257202,-0.12216185926257202,-0.4919434521239849,0.9999999700608923,1
1318464000000000000,-0.0042349037106111,0.6908020363191736,0.7714546601479816,-0.20857958248777114,0.027013391537217175,0.027013391537217175,0.856695728244387,0.9999999960092694,1
1318550400000000000,0.0106659008419714,0.5876114644792981,-0.7245360650738286,0.8021103409220545,-0.17279636241532811,-0.17279636241532811,-0.10661797201873578,0.9999999695579971,1
1318809600000000000,-0.0027412799807702,0.5176977770958119,-1.2553789684639205,1.096657814411684,-0.9118225901958626,-0.9118225901958626,-0.6846061921766095,0.9999998904233058,1
1318896000000000000,-0.0159026564777495,0.4192511226307324,-2.24311014599172,-0.8547191990803484,-1.8781049607182034,-1.8781049607182034,0.47137024813913786,0.9999994232040761,1
1318982400000000000,0.0199777498669856,0.4313708795303426,0.5505166150589423,0.33097218373186554,-1.469402210725818,-1.469402210725818,-0.10661797201873578,0.9999995249510886,1
1319068800000000000,-0.0092366544650735,0.47763789409578367,-0.1825106026162523,-0.26736085344744276,-1.6121306544495517,-1.6121306544495517,0.856695728244387,0.9999997794939122,1
1319155200000000000,-0.0082726417504344,0.41577118273482344,-0.6785948458927956,0.43740443173477656,-1.2100598881658597,-1.2100598881658597,1.0493584682970116,0.9999993831022899,1
1319414400000000000,0.0095385962017864,0.35089777686671375,-1.286487006432991,-1.401327293236595,-0.7546032697553127,-0.7546032697553127,-1.0699316722818586,0.9999982770748115,1
1319500800000000000,0.0181249765158351,0.28875954914341884,-1.011592288077963,-0.5746454526188858,-1.02035539913497,-1.02035539913497,0.6640329881917624,0.9999958000802117,1
1319760000000000000,0.0320526463628278,0.3246594857900267,-1.139815944538543,1.867255616913845,-1.2397513717903288,-1.2397513717903288,-1.0699316722818586,0.999997478110776,1
1320019200000000000,-0.0063814457238937,0.6126224970913238,-1.4713134676579014,-1.2033535525587467,-2.663902257245695,-2.663902257245695,-0.2992807120713603,0.9999999806884643,1
1320105600000000000,-0.0129719001913616,0.5234418121988883,-1.151299568038882,0.4243937280111938,-3.0652229394617274,-3.0652229394617274,1.242021208349636,0.9999999013824631,1
1320192000000000000,9.508957091864604e-05,0.4919787918748153,-0.5971121910754686,0.47325787605901926,-2.891265800335169,-2.891265800335169,0.6640329881917624,0.9999998276280119,1
1320278400000000000,0.0013872419229389,0.3902947956458955,-0.520616971196691,0.4724285509296717,-2.3744613113092528,-2.3744613113092528,-0.10661797201873578,0.9999990575446229,1
1320364800000000000,0.0034976874356026,0.29391898783954806,-1.4337097999107187,0.8339362372055183,-1.6475858481399148,-1.6475858481399148,-0.877268932229234,0.9999956275880271,1
1320710400000000000,0.0009741104185977,0.20571039368686622,1.2832748349797114,-0.894529080423508,0.04716479919468665,0.04716479919468665,-1.0699316722818586,0.9999819120670583,1
1320796800000000000,-0.0129968897541936,0.1188985051805834,0.13516231016678867,-0.34011435694842923,0.5500478218069487,0.5500478218069487,-0.4919434521239849,0.9999428936350917,1
1320969600000000000,-0.0100482481499145,0.12430018179208728,0.38740328442084526,0.06208955622214172,0.6387624584376174,0.6387624584376174,0.08604476803388877,0.9999197251887518,1
1321228800000000000,-0.0039739515741497,0.09620118097015357,-1.1267310554219745,-0.17343565577311992,-0.708391873747008,-0.708391873747008,-1.262594412334483,0.999856363382932,1
1321315200000000000,-0.0156313781189563,0.025886381776595066,-0.13891820019326256,-0.7949885287422843,-0.6695563066465152,-0.6695563066465152,0.47137024813913786,0.999748317054505,1
1321401600000000000,-0.0075354336835401,0.07798631414495133,0.474723360604513,-0.4662796484268327,-0.6415669099557895,-0.6415669099557895,0.47137024813913786,0.9997788220812873,1
1321488000000000000,-0.0192074691158173,0.03099887792634805,0.5464739009081797,0.2824019889268811,-0.4432625043853314,-0.4432625043853314,0.6640329881917624,0.9997795724010655,1
1321574400000000000,-0.0058838742566838,0.14168798833164933,-0.47772076364082783,-0.40215060836912736,-0.22058968050843544,-0.22058968050843544,-0.2992807120713603,0.999907564248409,1
1321833600000000000,-0.0263228197193875,0.07878460517457707,-0.45510646696709933,-3.4036151479059256,-0.46362163909140264,-0.46362163909140264,-1.4552571523871076,0.999917505043795,1
1321920000000000000,0.0070902315249274,0.32379374526704563,0.09977587597000354,0.01976902623398064,-0.6068053004828587,-0.6068053004828587,-0.4919434521239849,0.9999955835310113,1
1322006400000000000,-0.0222516007478609,0.24786214517786181,-0.12023972681749354,0.02692548581867002,-0.492219068010792,-0.492219068010792,0.856695728244387,0.9999926126861809,1
1322179200000000000,0.0007645323740951,0.3804748748141462,0.06742013362018036,-0.4178626870299641,-0.4585485292634814,-0.4585485292634814,-0.4919434521239849,0.9999988360711733,1
1322438400000000000,0.0295481877939927,0.28444344597700044,-0.01969062017496609,0.13471286839596408,-0.6136546545029304,-0.6136546545029304,-0.877268932229234,0.9999956479398403,1
1322524800000000000,-0.0095687958263616,0.5258215197427473,-0.2724574148422656,1.2251442519918654,-0.36237259570959174,-0.36237259570959174,0.08604476803388877,0.9999999018935668,1
1322611200000000000,0.0055928936571991,0.46318719340707526,-0.818190547540414,0.027176269390592294,-0.6462444125001527,-0.6462444125001527,-0.6846061921766095,0.9999997179788959,1
1322697600000000000,0.021456727931786,0.3722080053999042,0.14047114590610418,-0.0959895123054819,-0.5963863433175969,-0.5963863433175969,1.242021208349636,0.9999987936821757,1
1322784000000000000,0.0226904307064776,0.4482256198476204,1.1840947173763157,-0.4104798273320857,0.07956205186944214,0.07956205186944214,0.08604476803388877,0.9999996381850671,1
1323043200000000000,-0.0021805287921703,0.5341808334262034,-2.8354995114430297,-0.7537205578750431,0.30918785143437344,0.30918785143437344,-1.0699316722818586,0.9999999181601278,1
1323216000000000000,0.0046428069267562,0.43345164607831843,0.05905084589211734,0.620615227295333,0.2866787723903192,0.2866787723903192,-0.877268932229234,0.9999995360519366,1
1323302400000000000,-0.0237762995984096,0.34079763319138945,-0.5714662333670653,0.19295698014878998,0.046805812441263375,0.046805812441263375,0.47137024813913786,0.9999980658802109,1
1323388800000000000,-0.0156877755450972,0.4869620575545684,-1.050612573953873,-1.4979088583832096,-1.0158643319944076,-1.0158643319944076,-0.10661797201873578,0.9999998103749713,1
1323648000000000000,-0.0212025208269282,0.4896340743122051,-1.2492410957362843,0.05743587136789988,-1.1931859757221774,-1.1931859757221774,-1.262594412334483,0.9999998217435343,1
1323734400000000000,0.0075273218012105,0.5703088149582396,-0.8818590921428798,-0.1710630993681591,-1.2926786609549663,-1.2926786609549663,1.242021208349636,0.9999999578363813,1
1323820800000000000,-0.0078107220754484,0.4818402531666446,-0.0034907982796218615,-0.16878964939247249,-0.9570364118438062,-0.9570364118438062,-0.10661797201873578,0.9999997953763813,1
1323907200000000000,-0.0035542861869057,0.4093633567264047,-0.5130772154831493,-0.8493980628288624,-0.90669451623778,-0.90669451623778,1.242021208349636,0.9999993114608743,1
1323993600000000000,-0.02016465475128,0.31939674397412143,0.568650096492679,-0.8164192663277962,-0.6555100829669538,-0.6555100829669538,0.856695728244387,0.9999973398941374,1
1324252800000000000,-0.0083111640539186,0.40559281988439405,-0.005585889247809598,0.059996611417009425,-0.3170300778359113,-0.3170300778359113,-0.4919434521239849,0.9999992583071448,1
1324339200000000000,-0.0150483658615749,0.3416897186166287,-0.5215046352196745,0.21115104310759122,-0.319731385535056,-0.319731385535056,1.242021208349636,0.9999980627813178,1
1324425600000000000,0.0322522404751971,0.35069835698312274,-0.25790588222746896,0.2438274930015803,-0.5846739300975239,-0.5846739300975239,0.08604476803388877,0.9999983122509182,1
1324512000000000000,0.0086348675504924,0.6376767994589627,-0.6304686676983448,0.009301056302942328,-0.5192537437179063,-0.5192537437179063,1.0493584682970116,0.9999999882250011,1
1324598400000000000,-0.0042020410271277,0.5511801782640279,-1.1301959144512859,-0.9588940281320919,-0.8050868281495902,-0.8050868281495902,0.27870750808651334,0.9999999400834034,1
1324944000000000000,0.0077130711507276,0.45564616535658164,-0.10177110809247644,-0.6229452914346075,-0.32824589289115524,-0.32824589289115524,1.242021208349636,0.999999680256589,1
1325030400000000000,-0.0094541267047618,0.3750762444447682,-0.21290395945455448,0.4390716822067506,-0.03421902608435213,-0.03421902608435213,0.6640329881917624,0.9999988231767754,1
1325116800000000000,-0.0127353063305805,0.3222571421776926,0.03288329342348651,0.17801637602053247,-0.14391793615307144,-0.14391793615307144,0.856695728244387,0.9999973778164419,1
1325203200000000000,-0.0047354767071823,0.30554541187625167,-0.8277395249502347,0.04218325892401419,-0.6573880603256612,-0.6573880603256612,0.08604476803388877,0.9999964642889777,1
1325548800000000000,0.0300354872923812,0.22637000852898329,-0.26086706232669177,0.3662463004445038,-0.43234312436600303,-0.43234312436600303,1.0493584682970116,0.9999903655309879,1
1325635200000000000,-0.0032895426540406,0.48995037032784367,0.48719970311521543,-0.605987912163447,-0.2867174816762107,-0.2867174816762107,0.08604476803388877,0.9999998071194081,1
1325721600000000000,6.322223372845206e-05,0.3946331613504882,0.06620417560744571,-0.37548328327040853,-0.00017461607614057897,-0.00017461607614057897,1.8200094285075097,0.9999991189190969,1
1325808000000000000,0.0008732913820035,0.2980539030430242,0.9372624162258235,-0.9308356188383922,0.29701564696108024,0.29701564696108024,2.205334908612759,0.9999955986444766,1
1326067200000000000,-0.00237978675528,0.20635396978806123,0.5488461066510064,-1.3515985106050967,1.3309125756816054,1.3309125756816054,-0.10661797201873578,0.9999725933443171,1
1326153600000000000,0.0222582394442902,0.12391693898698491,0.3632574416283403,-0.3855765997016736,1.4261294154315656,1.4261294154315656,0.47137024813913786,0.9998438889114208,1
1326240000000000000,0.0023480553757015,0.24853418810159267,-0.8938609127584805,0.4558850688741286,0.8391849293000853,0.8391849293000853,0.6640329881917624,0.999481296845398,1
1326326400000000000,-0.0061286988873317,0.16057400845641562,-0.9660610738619836,0.23017399302917707,0.657784580949446,0.657784580949446,0.47137024813913786,0.992939515319644,1
1326412800000000000,0.0071670110077358,0.09798116005950167,-0.7942739220960336,-0.0684320642368156,-0.5475126013313475,-0.5475126013313475,1.242021208349636,0.9566152635420071,1
1326672000000000000,0.0016221735654996,0.03658862793224914,-1.3054011035283004,0.23666779440004007,-0.507472883194976,-0.507472883194976,-0.2992807120713603,0.8569397054188697,1
1326758400000000000,0.018981975685772,-0.0408573686313786,0.2265953171323041,0.7527783354007,-0.12518126937349755,-0.12518126937349755,1.242021208349636,0.7112493222132676,1
1326844800000000000,-0.0023178251959906,0.050223586548112674,-1.9571378396189034,-0.3932256066555521,-0.49792326534265596,-0.49792326534265596,-0.2992807120713603,0.6062859054216455,1
1326931200000000000,0.0125525699241455,-0.02369812982870853,-1.3581616324894812,-0.29892850244013863,-1.0936763072167497,-1.0936763072167497,0.6640329881917624,0.4304349771967592,0
1327017600000000000,0.0059998581322633,-0.02791873344768475,-0.429933259068661,0.8177012373131187,-1.5353932507949766,-1.5353932507949766,0.47137024813913786,0.2832958078439201,0
1327276800000000000,-0.0004656032880075,-0.08806473770741077,0.16588364570667521,0.005976829404332565,-1.821443724247356,-1.821443724247356,-1.0699316722818586,0.1645888489223798,0
1327363200000000000,0.0159435823751942,-0.158375925158776,-0.21841095103826133,-0.9216028156023625,-1.4561103971833294,-1.4561103971833294,2.5906603887180077,0.10620251756988605,0
1327449600000000000,0.0060180544221871,-0.10137407015885812,-0.13224666456714282,1.3283937777849983,-1.3606905516315602,-1.3606905516315602,-0.4919434521239849,0.08923211131395911,0
1327622400000000000,0.0089550710620374,-0.15679265679836854,-1.0257542606515249,0.7381663752660717,-0.2247646145143053,-0.2247646145143053,-0.2992807120713603,0.08251164390965335,0
1327881600000000000,-0.0228149014799429,-0.18686477324429657,-0.7412882195699306,-0.4894113369338415,-1.4102381761549079,-1.4102381761549079,0.08604476803388877,0.08372972759233159,0
1327968000000000000,0.0217671848514038,0.03575468715078583,-0.6093113206319455,-0.07319087492232124,-1.7579070867555662,-1.7579070867555662,0.27870750808651334,0.09749493235942011,0
1328054400000000000,0.0069862036487603,0.16515922320450135,-0.6099574801829943,0.04816269926373068,-1.6246284463798817,-1.6246284463798817,0.27870750808651334,0.10627730704000653,0
1328140800000000000,0.0065107804455657,0.09844005535563659,0.5859527063681664,-0.1386466655085376,-1.0143040955303064,-1.0143040955303064,1.4346839484022607,0.10119071564119998,0
1328227200000000000,0.0105609730960688,0.03321144958548451,-0.04753491991558005,0.4314827747767913,-0.44495548764598697,-0.44495548764598697,0.47137024813913786,0.08301432795962052,0
1328486400000000000,0.0066994037117504,0.002955914679079569,-0.05683596231977258,0.7101727952867009,-0.04148755208494695,-0.04148755208494695,-0.2992807120713603,0.05671504085412335,0
1328572800000000000,-0.0049547630502039,-0.055165688677294926,0.15200396713906222,0.012088025643332672,-0.18058458379362544,-0.18058458379362544,-0.2992807120713603,0.028507499730285216,0
1328659200000000000,0.0061663421874561,-0.11104567416770704,-0.9074973552138903,0.8237189469547427,-0.45623516488174826,-0.45623516488174826,-0.10661797201873578,0.010367429160251082,0
1328745600000000000,0.0082000729066469,-0.1649938576519552,1.3754512461768165,-1.1193676063445899,-0.07217052202597059,-0.07217052202597059,-0.6846061921766095,0.0028172106225023545,0
1328832000000000000,-0.0056976514863561,-0.20093150189184708,-0.4513512857468005,-0.44836634823723115,0.04672080246989211,0.04672080246989211,-0.2992807120713603,0.0006453014273015648,0
1329091200000000000,0.0015967803430544,-0.24209948426676717,0.23456003167342376,0.6571983740984834,0.4190078713721994,0.4190078713721994,-0.10661797201873578,0.00013775180977701986,0
1329177600000000000,0.0047842051923908,-0.3043233294726503,0.07874803060548076,0.3566599725261484,0.003365303511561509,0.003365303511561509,0.27870750808651334,3.769488881920508e-05,0
1329264000000000000,0.0211736793344172,-0.353454363133304,0.3269844179622225,0.725720791589767,0.2528514208145826,0.2528514208145826,0.47137024813913786,2.4899950147027212e-05,0
1329350400000000000,-0.0018093165986013,-0.16546235505599707,1.0533519454251319,-0.4837106279942911,1.0182361992570126,1.0182361992570126,0.27870750808651334,6.188665996579467e-05,0
1329436800000000000,0.0076400614043985,-0.22866056019353032,0.6166862013919832,-0.8059526376043461,0.7514426849312258,0.7514426849312258,0.6640329881917624,9.579770665643224e-05,0
1329782400000000000,0.0076713960900223,-0.2644100227868737,-0.4190760320579749,0.17425226401114544,-0.5074598485584919,-0.5074598485584919,-0.4919434521239849,0.00031591169157482653,0
1329868800000000000,-0.0183221871842838,-0.2972503469854988,0.8469226796909698,-0.87983208184197,-0.4336603238050838,-0.4336603238050838,0.47137024813913786,0.00170663064479895,0
1329955200000000000,-0.0040132905790598,-0.1489777644867169,0.32679862374105706,-0.40825047629077327,-0.7528224916625117,-0.7528224916625117,0.47137024813913786,0.011604790591181026,0
1330041600000000000,-0.0098968976597498,-0.20417582150500393,0.04806624562035076,-0.10457812909150518,-0.5650820021022188,-0.5650820021022188,1.0493584682970116,0.042669769179223486,0
1330300800000000000,-0.0276567946126633,-0.20487873200073461,-1.876904293980445,-0.307189387287539,-0.5824963537688308,-0.5824963537688308,-0.6846061921766095,0.18076219022911746,0
1330387200000000000,0.0176982113376386,0.13836019449199213,-0.39600982550502606,0.20291632234052015,-0.8141838797256759,-0.8141838797256759,1.242021208349636,0.7969525438418797,1
1330473600000000000,0.00180289344818,0.18546312391757255,-0.13160371121626735,0.21484385329535294,-0.8717749162328828,-0.8717749162328828,0.6640329881917624,0.940228045650931,1
1330560000000000000,-0.0084756509945485,0.10021157176002606,-0.6949283041640248,-0.8009491139876761,-1.4091965307604597,-1.4091965307604597,1.242021208349636,0.9591010504653067,1
1330646400000000000,0.0036638818972382,0.05938237795375967,-0.40318228012067553,0.5798635088195071,-1.111831188450519,-1.111831188450519,0.6640329881917624,0.9653672275007253,1
1330905600000000000,-0.0148503153997259,-0.015488104089528597,-1.4221635990306531,-0.08940504198644843,-1.0479770505299368,-1.0479770505299368,0.08604476803388877,0.9682223023806316,1
1330992000000000000,-0.0110353542461898,0.029880356433535572,0.22016099441883655,-0.9188386427048076,-0.7546562186561715,-0.7546562186561715,1.0493584682970116,0.9718234182508415,1
1331078400000000000,-0.0003734051596396,0.02042945203245385,-0.3479526980870868,-0.4664135994307835,-0.7369530426150783,-0.7369530426150783,0.6640329881917624,0.9741785433635534,1
1331251200000000000,0.0214333786384319,-0.05589945364556773,1.0601087367614712,-1.2405275624340115,-0.23831036095278693,-0.23831036095278693,-1.0699316722818586,0.9758603258316753,1
1331510400000000000,0.0048629587655416,0.08213980121280787,-1.2633515768536898,-0.2488656076223986,-0.9931589248814321,-0.9931589248814321,-0.877268932229234,0.9797168473970236,1
1331596800000000000,0.0129670687823846,0.010078184986321376,-1.3261226498265688,-0.5143727852899892,-1.3260414997303533,-1.3260414997303533,1.627346688454885,0.9805583377941319,1
1331683200000000000,0.0063157539426588,0.00753484526840667,-0.8669133698018953,0.3154651966966792,-1.9437251817618728,-1.9437251817618728,0.856695728244387,0.9812322123037651,1
1331769600000000000,-0.0153814959591669,-0.05309684033707117,-0.09865074318309999,-1.221716906145994,-1.437752493182133,-1.437752493182133,0.47137024813913786,0.9818200412685969,1
1331856000000000000,-0.0117028364396446,0.005031499373782897,-0.969677950804311,-0.11207373525400648,-1.4394491229505504,-1.4394491229505504,0.08604476803388877,0.9840152182924642,1
1332115200000000000,-0.011508474451056,0.005716939825004077,-1.3583059537366964,-0.38113300587372695,-0.952467096532128,-0.952467096532128,-0.877268932229234,0.9861576680182539,1
1332201600000000000,0.003380265684812,0.004009542524328059,-0.2897288732935189,0.4667430286023171,-1.0137148853147837,-1.0137148853147837,0.856695728244387,0.9882419314350621,1
1332288000000000000,0.0169368313275983,-0.06855145358527627,-0.6616834481597893,0.4555572507861765,-0.9149909641978579,-0.9149909641978579,0.856695728244387,0.9903327103275904,1
1332374400000000000,-0.0257721883856936,-0.007478532767025014,-0.5314581509022971,-0.5312193330281662,-1.2193000985088998,-1.2193000985088998,0.856695728244387,0.9947865384818001,1
1332460800000000000,0.0094702631138389,0.24335902511017954,-0.052564551515802346,-0.21643350821479637,-0.9166596681126853,-0.9166596681126853,0.856695728244387,0.9996382235142829,1
1332720000000000000,-0.017959984312352,0.1881103872785002,-1.6641151536669134,0.28914612476747603,-0.20267536286358254,-0.20267536286358254,-0.4919434521239849,0.9999403611993686,1
1332806400000000000,0.0112972609345154,0.2559797661549345,-0.33582426839641644,0.152381266814735,-0.1399672826268387,-0.1399672826268387,1.0493584682970116,0.9999893438752409,1
1332892800000000000,-0.0092739439324757,0.2150939101182262,-0.1533378741356975,0.8528708688966076,-0.17226895511642756,-0.17226895511642756,0.856695728244387,0.9999828027297675,1
1332979200000000000,-0.0030654574390867,0.17258177334852673,-0.11629061607330597,0.7284891977766071,-0.7156561577684327,-0.7156561577684327,1.242021208349636,0.9999389802719932,1
1333065600000000000,0.0222837655949015,0.09420521019062045,-0.8013718456448662,-0.6184477064521969,-0.9734585988047747,-0.9734585988047747,-0.10661797201873578,0.999720050861641,1
1333324800000000000,0.0042116618649978,0.2239266330678298,-0.5699173243645591,0.5022796813370569,-1.2665932757372054,-1.2665932757372054,-0.4919434521239849,0.9992589994322362,1
1333411200000000000,0.0076056149522496,0.14151867890769054,-0.2338140220522422,0.27055783879417955,-1.304263985316877,-1.304263985316877,-0.4919434521239849,0.9931556651220814,1
1333497600000000000,-0.0066658359018455,0.08005167011766967,-1.0568294763970123,-0.43701329140835193,-1.3861478461343526,-1.3861478461343526,1.242021208349636,0.9660264679269709,1
1333929600000000000,-0.0167660433523046,0.026397474104931932,0.7182049829054472,-1.6077813763753142,-0.36098146965368655,-0.36098146965368655,-0.6846061921766095,0.9045379680323645,1
1334016000000000000,0.0017560980486462,0.09620537834053487,0.3532634483763605,-0.3460421028352973,-0.31432330729097013,-0.31432330729097013,1.242021208349636,0.8231748590799819,1
1334102400000000000,-0.0031994831122376,0.015678836960398776,-0.2947959193912885,0.20628638915182956,-0.45799205051911157,-0.45799205051911157,0.6640329881917624,0.6037459918213094,1
1334188800000000000,0.0095205264312807,-0.05319144414509611,-1.0227430397680886,-0.43899188152830254,-0.534356562889177,-0.534356562889177,0.6640329881917624,0.34110320502318625,0
1334275200000000000,-0.0132390172074444,-0.08626163179782498,-0.13194493458184664,1.0177002849929704,-0.11027421260333849,-0.11027421260333849,1.0493584682970116,0.17017063296438117,0
1334534400000000000,0.0035941438484491,-0.05597947627983465,-0.6300665732333758,0.5080488979416274,-0.2477759486799313,-0.2477759486799313,-0.2992807120713603,0.08481523901854611,0
1334620800000000000,0.0120770964847559,-0.12456035880436155,-0.2880762070254076,-0.7715607017478953,-0.012287360993606581,-0.012287360993606581,2.3979976486653833,0.030459869076485856,0
1334707200000000000,0.0019452501478614,-0.12479048559818647,-1.3914463940187003,-0.6274459055760162,-0.41600535485536855,-0.41600535485536855,-0.10661797201873578,0.010015913117193761,0
1334793600000000000,0.0060945793855567,-0.19310315869953004,-0.08337910517711802,0.0744297882116795,-0.48550132823766845,-0.48550132823766845,1.242021208349636,0.0023126143908614115,0
1334880000000000000,-0.007822467994285,-0.24214492156387535,-0.58829163042132,-0.4634856765046911,-0.9447128057215022,-0.9447128057215022,0.6640329881917624,0.00045258826075984874,0
1335139200000000000,-0.017204909624993,-0.2619085814089243,0.4551302676959248,-0.13680099013348096,-1.0684132374054647,-1.0684132374054647,-0.6846061921766095,0.00011399031019025097,0
1335225600000000000,0.0042308948896583,-0.14181315070776862,-0.09485086295058805,-0.5574256992746017,-1.0720903709249794,-1.0720903709249794,0.27870750808651334,8.36285309776879e-05,0
1335312000000000000,-0.0039617501875532,-0.2032631704577116,-0.17966672584555307,-0.016194366680659354,-0.9411105888205241,-0.9411105888205241,0.08604476803388877,4.957660975049406e-05,0
1335398400000000000,-0.0025021666408571,-0.25530945850015574,-1.483784846998075,-0.03751928222833086,-1.5820663862271878,-1.5820663862271878,0.08604476803388877,3.120807025065547e-05,0
1335484800000000000,0.0003083158607018,-0.3109254493850879,-0.7160688588281798,0.6497938620859316,-0.6363492618990599,-0.6363492618990599,0.27870750808651334,2.1591008860945815e-05,0
1335744000000000000,0.0110262986963423,-0.36962266759979956,-0.14765881040417192,-3.648220641031893,-1.4683272470357296,-1.4683272470357296,-1.0699316722818586,1.6615167795277028e-05,0
1335916800000000000,-0.0017163621479385,-0.3582736721621974,0.4963800085197233,0.13686474043312571,-0.774795246388484,-0.774795246388484,-1.262594412334483,1.644305590256273e-05,0
1336003200000000000,-0.0097339071323631,-0.41052415569828754,-0.5496168341886815,0.5332335880805971,-0.5507011260423034,-0.5507011260423034,0.47137024813913786,1.453603984386444e-05,0
1336089600000000000,-0.019766547986143,-0.3922014972884782,0.023713249482216522,0.38251554079248407,-0.21661277351775216,-0.21661277351775216,-0.4919434521239849,1.779477134849765e-05,0
1336348800000000000,0.0053523909148913,-0.19406125048375517,-0.2633774922106742,0.5722220620801315,-1.2381654200168235,-1.2381654200168235,-0.6846061921766095,4.5550621094893767e-05,0
1336435200000000000,-0.0225832371441036,-0.24723972970168873,-1.0133065017319123,0.3750492744194487,-1.3867955473996691,-1.3867955473996691,0.47137024813913786,6.8513692256674e-05,0
1336521600000000000,-0.005042821909914,-0.016777161524656768,-0.6920556943564804,0.6831475596099491,-1.6162266448469989,-1.6162266448469989,0.08604476803388877,0.00022873660361876863,0
1336608000000000000,-0.0018308157369825,-0.07459887473189233,-0.6287074511680747,1.0596353251163755,-1.56284485474007,-1.56284485474007,0.08604476803388877,0.0001934448242877359,0
1336694400000000000,-0.0074384941865402,-0.14289761593645905,-0.8358595827007789,0.31235297489649116,-1.0896109563530452,-1.0896109563530452,-0.10661797201873578,0.0001111429128816462,0
1336953600000000000,-0.0042900831877799,-0.17425311090584436,-0.8349550900760873,-1.0825301677904602,-0.6682075785619261,-0.6682075785619261,-1.0699316722818586,6.726970297508344e-05,0
1337040000000000000,0.0071061963075779,-0.2263374132392682,-0.1231734415744559,-0.41330404055584774,-0.5061647522889955,-0.5061647522889955,0.47137024813913786,4.1855665597282055e-05,0
1337126400000000000,-0.0172536419706753,-0.2663342292830478,-0.607537804925585,-0.23657934738760447,-0.4329789616829528,-0.4329789616829528,-0.2992807120713603,3.463358684074857e-05,0
1337212800000000000,0.0024567533539605,-0.14456920206985668,-0.17704369233063288,-0.9890048046162206,-0.5253373896446218,-0.5253373896446218,-0.6846061921766095,5.8348887269921405e-05,0
1337299200000000000,0.0043537788624831,-0.21096523029440326,0.41670538188421363,-0.8720918302311889,-0.41414070591061547,-0.41414070591061547,0.6640329881917624,4.206603821650284e-05,0
1337644800000000000,-0.0063475097001328,-0.2678051362123468,0.16176370934083947,0.3799169904871899,-0.40774712591494494,-0.40774712591494494,0.08604476803388877,2.85455549391416e-05,0
1337731200000000000,-0.0051257772033131,-0.29898082074272675,-0.37738865779101377,-2.3464056348770623,-0.6622843876491282,-0.6622843876491282,-0.10661797201873578,2.2816682028320342e-05,0
1337817600000000000,0.017577486953404,-0.3373550878370773,-0.23484007979822877,0.03382320112265679,-0.13504083761176539,-0.13504083761176539,-0.10661797201873578,2.0389931969694954e-05,0
1337904000000000000,-0.0002032148638026,-0.22602553219781887,-0.5345467020607135,-1.4241301060584246,-0.23128021504242985,-0.23128021504242985,-0.877268932229234,3.129605423742846e-05,0
1338163200000000000,0.0131739583343908,-0.2890377054764158,-0.8129822460374685,0.8474325514218805,-1.5662662240406795,-1.5662662240406795,-0.6846061921766095,2.5113690841457315e-05,0
1338249600000000000,0.0008922027131203,-0.25759443018438205,-0.9412562163000335,-1.580324541690708,-1.7926993919606276,-1.7926993919606276,0.27870750808651334,2.6832999753856717e-05,0
1338336000000000000,-0.0079168889579334,-0.319374010824125,0.47160820095538153,0.30164078809779693,-1.4701885795146823,-1.4701885795146823,0.6640329881917624,2.0662791829201904e-05,0
1338422400000000000,-0.0053671014911858,-0.3315394354169343,-1.417543154273923,-1.2124036967619605,-1.5079550598112788,-1.5079550598112788,-0.6846061921766095,1.89061095767623e-05,0
1338508800000000000,-0.0169267139815241,-0.36580100185220116,0.1319480234740115,-0.2107268981567457,-0.8123195753447825,-0.8123195753447825,-0.10661797201873578,1.8002245450828304e-05,0
1338768000000000000,0.0013519039572866,-0.23321593452803732,0.14200948270092872,0.1870843793090555,-0.05599566470722437,-0.05599566470722437,-1.0699316722818586,2.999307972483677e-05,0
1338854400000000000,0.0031200109335819,-0.2961442812119174,0.15396662218048687,0.3839614596636833,0.44773283003226844,0.44773283003226844,1.242021208349636,2.6569231310050194e-05,0
1338940800000000000,0.0271405840386076,-0.3523258831120414,1.4962966839404326,-0.7300338220721886,0.8850583289465478,0.8850583289465478,-0.6846061921766095,4.333725055924082e-05,0
1339027200000000000,0.010461150903908,-0.02090342075279086,0.281290732270994,0.22235545822216704,1.1062508337460544,1.1062508337460544,0.6640329881917624,0.00023358899590062793,0
1339113600000000000,0.0036964255001187,-0.047744138889980775,-1.4883913814654874,-0.3501933948487324,0.19846395003512102,0.19846395003512102,1.242021208349636,0.0002423899708540191,0
1339372800000000000,-0.0028155257153311,-0.11648221684434187,0.5768840802984745,-0.05689235803398026,-1.3215932781803508,-1.3215932781803508,-0.6846061921766095,0.00014796046682426928,0
1339459200000000000,0.0121535035157539,-0.17911997169627888,0.7155358177144043,-1.123737363866521,-1.1824012562688175,-1.1824012562688175,0.47137024813913786,7.965895612892292e-05,0
1339545600000000000,0.0010843223020839,-0.17307555313112774,-2.557563645536462,-1.321245357008475,-1.525111523342559,-1.525111523342559,-1.0699316722818586,6.056826503481996e-05,0
1339632000000000000,-0.0131092449528796,-0.23946968848566275,0.16324378224775907,-0.03987574548645107,-1.5285181887113126,-1.5285181887113126,0.6640329881917624,4.3388223284651096e-05,0
1339718400000000000,0.0165398042112836,-0.1929258098720206,-0.2208931908482939,-0.47882766924803655,-0.4131113012576039,-0.4131113012576039,1.4346839484022607,6.158370672700279e-05,0
1339977600000000000,-0.0146621477647781,-0.1217122492226013,0.6857296913190957,-1.168159989231254,-0.11915213711192331,-0.11915213711192331,0.47137024813913786,0.00011178412526953173,0
1340064000000000000,0.0077891243179598,-0.06607640144900596,-0.16089868988684125,1.129554828064091,-0.22305209498420997,-0.22305209498420997,-0.6846061921766095,0.00015938144045996486,0
1340150400000000000,0.0032666409844854,-0.11233568814176162,-0.8005785330133162,0.45946394135318036,-0.40886323609600433,-0.40886323609600433,0.27870750808651334,0.00012037476199639404,0
1340236800000000000,0.0086432855573779,-0.17866109555235282,-0.0878341341141609,0.00482668432851617,-0.4123334478288476,-0.4123334478288476,1.0493584682970116,6.864501138475322e-05,0
1340323200000000000,-0.0036757104286276,-0.20979744658075553,-0.1849631763311443,-1.3689440036242209,-0.1649353473701393,-0.1649353473701393,-0.10661797201873578,4.459115936218467e-05,0
1340582400000000000,-0.0061204403714595,-0.26293101670052577,-0.6484575892211919,-0.1608317882766934,-0.36869635585500876,-0.36869635585500876,0.27870750808651334,2.9563013572850365e-05,0
1340668800000000000,0.0012016869331281,-0.29634444051174386,0.8463781098635393,-1.2919827453656614,-0.06924589459996078,-0.06924589459996078,0.27870750808651334,2.275319778681996e-05,0
1340755200000000000,0.0041120032719708,-0.3558501586604412,-0.022293494366505788,-0.409541288060035,-0.017104091053136813,-0.017104091053136813,0.6640329881917624,1.725608968293848e-05,0
1340841600000000000,0.001408991567823,-0.4048810964666891,-0.7331698840020081,0.13918533017509135,-0.25037120673426005,-0.25037120673426005,2.205334908612759,1.4613219666439995e-05,0
1340928000000000000,0.0248860906366406,-0.4580959801343192,-0.6984116428944407,-1.4626915385816415,-0.39168697680754755,-0.39168697680754755,1.627346688454885,1.5770718601261436e-05,0
1341187200000000000,-5.679463652956444e-05,-0.15599571143799792,-1.8282874840388146,-0.6420574832099908,-1.326890927384205,-1.326890927384205,-0.6846061921766095,4.827556367316777e-05,0
1341273600000000000,0.0017697545248749,-0.22302885658900132,0.6216337562982892,-0.354464366243916,-0.8926249695002002,-0.8926249695002002,0.6640329881917624,3.694086215324423e-05,0
1341360000000000000,0.0027571160235064,-0.28612410749043016,-0.7527619173219242,-0.3449249729711068,-0.9100462940991496,-0.9100462940991496,2.3979976486653833,2.4931748157498704e-05,0
1341446400000000000,0.0046567064699189,-0.34385996846806116,0.4435743552541835,-0.21221150615797657,-0.5249262009193323,-0.5249262009193323,1.8200094285075097,1.8241313810025163e-05,0
1341532800000000000,-0.0019446391500623,-0.39112217760458334,0.43703635761575843,-0.26818391923605384,-0.3349038203900503,-0.3349038203900503,0.27870750808651334,1.4955701545594144e-05,0
1341792000000000000,-0.007892770948501,-0.4406395476094146,-0.7009028809409749,-0.2773885074065077,-1.094408603146393,-1.094408603146393,0.27870750808651334,1.3074752020284192e-05,0
1341878400000000000,0.0132199458969235,-0.4419542485532775,0.7006268796226715,0.1397697437986761,-1.0120135184264851,-1.0120135184264851,0.47137024813913786,1.3016325327311745e-05,0
1341964800000000000,-0.0073322852853336,-0.39091619272863753,-0.5199607662256003,0.6641224327667992,-1.3187673979666137,-1.3187673979666137,0.47137024813913786,1.4599876099075956e-05,0
1342051200000000000,-0.01348015840175,-0.4028586474398553,-0.4436234786192292,0.6638820916365654,-1.0425845657430666,-1.0425845657430666,0.6640329881917624,1.4649587608697246e-05,0
1342137600000000000,-0.001529271504729,-0.32833177410285264,-0.266113519433793,0.11229895287888415,-0.383359165716718,-0.383359165716718,0.08604476803388877,1.80760944222087e-05,0
1342396800000000000,-0.0057556876243089,-0.3829112191384604,0.1785822313291022,-0.012947750076751387,-0.592196381623095,-0.592196381623095,-0.4919434521239849,1.5364635000072683e-05,0
1342483200000000000,-0.0008469413317297,-0.4102296558550072,-0.04291238103084142,0.21045425411750232,-0.4637532748490379,-0.4637532748490379,1.4346839484022607,1.3919573740596333e-05,0
1342569600000000000,0.0045056026517466,-0.46173094780048574,-0.12486657432675884,0.10009192630046647,-0.4184782710842865,-0.4184782710842865,1.0493584682970116,1.240912376951245e-05,0
1342656000000000000,0.0050483691930537,-0.5021645292135498,-0.27389316309836553,-0.23566303529744634,-0.1130674648916813,-0.1130674648916813,0.27870750808651334,1.167630185624942e-05,0
1342742400000000000,-0.0071977371182622,-0.5368056095364433,-1.6484361816969857,0.3202870428295957,-0.6018225319232663,-0.6018225319232663,-0.4919434521239849,1.1403045417928449e-05,0
1343001600000000000,-0.0168849265289552,-0.5367918234644803,-1.8705140366940047,0.7915023179447334,-1.8481453730390482,-1.8481453730390482,-1.4552571523871076,1.1661730637981253e-05,0
1343088000000000000,0.0020007520929255,-0.37203780422718497,-0.5004275395689393,0.44488004439784584,-1.9207582337262585,-1.9207582337262585,0.6640329881917624,1.5125695027613506e-05,0
1343174400000000000,-0.0036336161263147,-0.42638949876156884,-0.1721385455008562,0.5374585153242629,-1.4475488415795836,-1.4475488415795836,0.47137024813913786,1.3422611524975677e-05,0
1343260800000000000,-0.0131199992829621,-0.4657210533863817,-1.827187122956395,0.07316926148099015,-2.414081904181377,-2.414081904181377,1.242021208349636,1.2576745809656025e-05,0
1343347200000000000,0.0112100035872987,-0.38813340881044367,-2.2799230727939155,-1.2125010735754143,-2.120744173285286,-2.120744173285286,0.27870750808651334,1.494332169126795e-05,0
1343606400000000000,0.0194089790658275,-0.3724674871497282,-0.4518183782125368,1.7152211412191019,-2.314991102335071,-2.314991102335071,-1.262594412334483,1.7432132760869066e-05,0
1343692800000000000,0.0055999294582788,-0.21850571287452103,-0.7230315599554533,-0.25597289950612,-1.9610673609482563,-1.9610673609482563,5.095276009402127,3.2218312660899e-05,0
1343779200000000000,0.0021968584221014,-0.2687850969192431,0.7918865066980726,-1.3547210911271286,-0.9764358691258186,-0.9764358691258186,-1.0699316722818586,2.637874338940501e-05,0
1343865600000000000,-0.0024359384433229,-0.32868609204515764,0.39727682474796033,-0.17234313656071276,-0.3356220900134419,-0.3356220900134419,1.0493584682970116,1.9491734367621425e-05,0
1343952000000000000,-0.0023076301048797,-0.3801367438433362,-0.06831292085255496,-0.35900950608665777,-0.006414814719461312,-0.006414814719461312,0.47137024813913786,1.559688788701826e-05,0
1344211200000000000,0.0127355536255731,-0.4289578497334244,-2.750899701919462,-1.1425109775374584,-1.288967841738633,-1.288967841738633,-0.877268932229234,1.360543521374769e-05,0
1344297600000000000,0.0101986223097219,-0.3870734122849771,-0.4495243219942152,-0.349413459839702,-1.560399730603174,-1.560399730603174,0.27870750808651334,1.4835891856438086e-05,0
1344384000000000000,0.000243529967145,-0.384130668062748,-0.46601246221685494,0.18106508768214394,-1.6878775193713793,-1.6878775193713793,0.47137024813913786,1.4890994131619895e-05,0
1344470400000000000,-0.0028233533426232,-0.43865225092126386,-0.3000193266205209,-0.4572301260278675,-1.5755207622676397,-1.5755207622676397,1.627346688454885,1.3023326535100341e-05,0
1344556800000000000,-0.000479227497763,-0.4815287546236437,-0.3620645591307525,-1.1848786838524068,-1.376560888830099,-1.376560888830099,0.08604476803388877,1.1982593223257467e-05,0
1344816000000000000,0.0051554720833495,-0.529562782190435,0.20173543515988293,-0.3247030107801799,0.35258285702147757,0.35258285702147757,-0.6846061921766095,1.1431452299854555e-05,0
1344902400000000000,0.0060495037449832,-0.5616173316327442,0.7906047582976131,0.13997536630302304,0.7021692463991738,0.7021692463991738,-1.0699316722818586,1.1335128297366565e-05,0
1345075200000000000,-0.0032392127341304,-0.5849151891222576,-0.7493863870472824,0.10961347954622112,0.46274893744983875,0.46274893744983875,-0.10661797201873578,1.1429461885662218e-05,0
1345161600000000000,0.0006243883745507,-0.6157105443847696,-0.4667726285016758,-0.6806222384051039,-0.1595780407709014,-0.1595780407709014,0.47137024813913786,1.174940544806252e-05,0
1345507200000000000,0.010141678667502,-0.6568701599275133,0.8191412488477822,-0.9640195698558294,-0.5485919178377984,-0.5485919178377984,-0.2992807120713603,1.2391788493042535e-05,0
1345593600000000000,-0.0015045258717129,-0.6251106274551221,-0.2942186914885546,-0.4413278820714864,-0.4932818356128564,-0.4932818356128564,1.627346688454885,1.197099851918553e-05,0
1345680000000000000,0.0004617572633175,-0.6616558625499578,-0.3290267028926202,-0.5726318048037019,-0.6361432908508984,-0.6361432908508984,1.242021208349636,1.2671440152161962e-05,0
1345766400000000000,-0.0053045428870169,-0.6999686170242323,-0.00807947200241869,-0.11847872597136183,-0.4041243896411171,-0.4041243896411171,1.242021208349636,1.3783645063067313e-05,0
1346025600000000000,-0.0067896999946754,-0.7049451702189282,1.4713262674494583,-1.028036952417703,1.0322927627229288,1.0322927627229288,-0.4919434521239849,1.4003769379235407e-05,0
1346198400000000000,-0.0117410453730199,-0.6926949621233375,-0.004723107434783705,-0.05966252683858031,1.380865431796362,1.380865431796362,0.08604476803388877,1.347070444302759e-05,0
1346284800000000000,0.0051401389252244,-0.6039510306802496,0.6335543013527976,0.4037279534199984,1.186981101695497,1.186981101695497,0.27870750808651334,1.1755449328506875e-05,0
1346371200000000000,-0.0106965673623718,-0.6307518365318707,-0.4177771837476173,-0.9513758601702653,0.7921920659855399,0.7921920659855399,0.6640329881917624,1.1889856602889418e-05,0
1346630400000000000,-0.0009037076407566,-0.5703855437372585,1.4797924066260066,1.1405200938096829,-0.4546194621294351,-0.4546194621294351,-0.877268932229234,1.1410199262578627e-05,0
1346716800000000000,0.0038469805939055,-0.6121899699705948,-0.5760662881038058,0.21675508742767077,-0.84234874505353,-0.84234874505353,1.242021208349636,1.1689145101994362e-05,0
1346803200000000000,-0.0092002903863314,-0.645982805915381,-0.35369775417532817,0.6487225204200217,-0.8218088571789276,-0.8218088571789276,1.4346839484022607,1.215624632378358e-05,0
1346889600000000000,0.0024272920075337,-0.6074139148771343,0.7606529836209167,-0.18185445420681773,-0.28102500573798433,-0.28102500573798433,1.627346688454885,1.1713068029531935e-05,0
1346976000000000000,0.0196027628214421,-0.6468586260333992,-0.2007398058132279,-0.00399659539096142,0.3666724493909255,0.3666724493909255,1.8200094285075097,1.2290872753843393e-05,0
1347235200000000000,0.0039886087827091,-0.4282697013903242,-0.6860950118802411,-0.4245847878383881,-0.5166793094828995,-0.5166793094828995,0.08604476803388877,1.3068656999306365e-05,0
1347321600000000000,0.0049379237644572,-0.47332350213306035,0.0598401409736709,-0.35017717255368075,-0.7413164091751926,-0.7413164091751926,1.0493584682970116,1.2125333548349171e-05,0
1347408000000000000,0.0075778941318024,-0.5105991162846969,-1.2539367188491082,-0.37970975173766314,-1.0789059702562553,-1.0789059702562553,0.27870750808651334,1.158845900891847e-05,0
1347494400000000000,0.0008006548380166,-0.5246310914703284,0.32084480682730937,0.11033935812620659,-0.6598004130876116,-0.6598004130876116,1.4346839484022607,1.157178316735726e-05,0
1347580800000000000,0.025843589333311,-0.5712138493789498,-0.38797627427244435,-0.3208299370948595,-0.6132968245694237,-0.6132968245694237,0.856695728244387,1.3129209627764873e-05,0
1347840000000000000,0.0057831963105691,-0.21000795719647883,-0.5966795463641419,-0.5336535137109623,-1.0228518087289817,-1.0228518087289817,2.5906603887180077,3.319373380103625e-05,0
1347926400000000000,-0.0017752281388536,-0.25979198987826546,-1.5502197707288579,-0.6783829882575864,-1.6225989801014755,-1.6225989801014755,1.0493584682970116,2.8143781186517568e-05,0
1348099200000000000,-0.0082120909206513,-0.31764864649937147,-0.6861041168420956,0.3074232726978494,-1.2434296290215152,-1.2434296290215152,0.856695728244387,2.2538005772180206e-05,0
1348185600000000000,0.0243489190456501,-0.3268275245105309,-1.1333672851197938,-0.6125576152511475,-1.1844967177178787,-1.1844967177178787,0.6640329881917624,3.07973699266879e-05,0
1348444800000000000,-0.0037937337823013,-0.0717197952073748,-0.5631888412426285,-0.6698843106550101,-0.35180038250366613,-0.35180038250366613,-0.4919434521239849,0.00010913433486465704,0
1348531200000000000,0.0007581090304466,-0.1327927002238569,0.9449870659752602,-0.8660519385137193,0.17102621305030724,0.17102621305030724,0.47137024813913786,8.688167667322015e-05,0
1348617600000000000,-0.0018434131257124,-0.2014565657134217,-0.17725511211071754,0.612177862801499,0.4774964322802407,0.4774964322802407,1.242021208349636,5.0481743874112095e-05,0
1348704000000000000,-0.0024662359760189,-0.26248764338268304,0.23586185860430486,-0.27890735629944735,0.5461711985977773,0.5461711985977773,0.856695728244387,3.027321794565552e-05,0
1348790400000000000,0.0094778747708645,-0.3178126339767277,-0.3901986289794617,0.9791794048080842,0.026987119353463925,0.026987119353463925,-0.10661797201873578,2.1203128355017235e-05,0
1349049600000000000,0.0027140385821359,-0.32941298973588556,-0.04471207536028699,0.39530167177575276,0.1990798168077553,0.1990798168077553,-0.2992807120713603,1.8780487657202413e-05,0
1349222400000000000,0.0021746980024732,-0.38475495983930175,0.7486072775760039,0.34258706195243144,0.3749595415141758,0.3749595415141758,0.08604476803388877,1.5279786073780304e-05,0
1349308800000000000,0.00978405773151,-0.4380693246835214,-0.4539858246362335,0.007336366775313075,0.4917797858693933,0.4917797858693933,2.012672168560134,1.3170122699370713e-05,0
1349395200000000000,-0.0070484014723766,-0.43502421891798854,-0.3732429835539749,1.4055300081224809,-0.14218711050506944,-0.14218711050506944,0.08604476803388877,1.3045726036693956e-05,0
1349654400000000000,-0.0124225539839749,-0.44600464520844557,-0.8658807279799192,0.23629511911019366,-0.15323997277150878,-0.15323997277150878,0.27870750808651334,1.293565542459458e-05,0
1349740800000000000,0.0050261247418614,-0.38315249767927556,0.04878801947059675,0.33685535744090234,0.00791811576276782,0.00791811576276782,1.8200094285075097,1.4788740048295427e-05,0
1349827200000000000,-0.0092368975691228,-0.4259391594399545,0.1501393152000064,-0.9845818470363162,0.1756819957428599,0.1756819957428599,2.7833231287706326,1.3518895140467262e-05,0
1349913600000000000,0.0098414385242615,-0.41244854175648693,-1.0627230865358495,-0.14505382261264116,-0.48159813107541827,-0.48159813107541827,1.242021208349636,1.3804574492080083e-05,0
1350000000000000000,-0.0056218911252959,-0.41123565679398555,0.4330384776373519,0.5488449298271884,-0.40472758229553424,-0.40472758229553424,0.47137024813913786,1.3790181812557505e-05,0
1350259200000000000,0.0019712933975172,-0.43748508897301946,-0.508032985979041,1.003993764347731,-2.4183070242739784,-2.4183070242739784,-0.2992807120713603,1.294652981431967e-05,0
1350345600000000000,-0.0069253270760766,-0.48810144802012173,0.927243877888415,-0.6223290000107813,-1.7804471276385645,-1.7804471276385645,0.856695728244387,1.1908910753803564e-05,0
1350432000000000000,0.0021665606600093,-0.49561612502419833,0.14554761730889232,0.27904616084107514,-1.8725988536375897,-1.8725988536375897,2.012672168560134,1.1702560201165046e-05,0
1350518400000000000,0.0102734801364267,-0.5424529564666266,0.12973211233500248,-0.33184132401817207,-0.944656007434257,-0.944656007434257,1.8200094285075097,1.136916860156626e-05,0
1350604800000000000,-0.0060423486092661,-0.5222864567414719,-0.8524570022078116,0.3893507140066255,-0.03974013486030233,-0.03974013486030233,0.856695728244387,1.1423627975346855e-05,0
1350864000000000000,0.0057712200154127,-0.5357177851728577,0.8932858493205241,-1.0921167090449788,-0.867056941647906,-0.867056941647906,-1.262594412334483,1.1359712626426704e-05,0
1350950400000000000,-0.0045141659839257,-0.5630942686053266,-0.8949189448894929,0.41509184581629177,-1.1954964731240871,-1.1954964731240871,0.08604476803388877,1.1332539855270187e-05,0
1351123200000000000,0.0024392867397124,-0.5866023946179312,-0.12851447837449886,0.3765916486734346,-1.2452916338651612,-1.2452916338651612,0.6640329881917624,1.144645822852945e-05,0
1351468800000000000,-0.0069827135371081,-0.627303693391849,-0.022002376489962637,-3.262869361007312,-0.32257378885391397,-0.32257378885391397,-1.4552571523871076,1.1844563376355814e-05,0
1351555200000000000,-0.0120213096463401,-0.6208255887773433,-0.5477577649373907,-0.9233261098019759,-0.4569571651676338,-0.4569571651676338,3.93929956908638,1.1761007802439663e-05,0
1351641600000000000,0.003886806486983,-0.5387686794749799,1.8504170627529788,-1.4858544614457254,0.3036774374252908,0.3036774374252908,-1.4552571523871076,1.1381032571273183e-05,0
1351728000000000000,0.0045007039065821,-0.5772198123404998,0.1962822934109063,0.155718510710522,0.8193824746735475,0.8193824746735475,0.6640329881917624,1.138575869485637e-05,0
1351814400000000000,0.0092835985567585,-0.6099244847345127,0.27719314932747585,0.31216731723957697,0.5731600436186636,0.5731600436186636,0.47137024813913786,1.161298000130832e-05,0
1352073600000000000,0.0011401609348372,-0.595307206103316,0.5590949813186337,1.1692197673269775,0.17720896414111875,0.17720896414111875,-1.0699316722818586,1.1547778908195514e-05,0
1352160000000000000,0.0035349435439119,-0.6375838297207276,0.6290689887871307,-0.2568199589141504,0.3159335167156535,0.3159335167156535,2.3979976486653833,1.2099631148733199e-05,0
1352246400000000000,0.0062171292271889,-0.6711442797115333,-1.1856656650109678,0.8634418815248978,-0.15296822325674161,-0.15296822325674161,1.0493584682970116,1.2859028383896977e-05,0
1352332800000000000,-0.0037134360408294,-0.6841920554297671,-0.16722126926671874,0.22090892805004816,-0.11962956491295945,-0.11962956491295945,-0.2992807120713603,1.3316729102730543e-05,0
1352419200000000000,-0.0091904366792179,-0.7044548570168204,0.5898897457548767,-0.975355906744521,0.1471761633693545,0.1471761633693545,1.0493584682970116,1.3872084700306082e-05,0
1352678400000000000,-0.0004485164290861,-0.6582858956783076,-1.9901341527606475,-1.0089301124237604,-0.4056869697671693,-0.4056869697671693,-1.0699316722818586,1.2742809424253346e-05,0
1352937600000000000,-0.0093154172005091,-0.6956905089428624,0.9649350507214735,-1.1922462795959672,-1.0183731511013125,-1.0183731511013125,1.8200094285075097,1.3499760152020799e-05,0
1353024000000000000,-0.0101651820736875,-0.6487403345424211,0.1964168748765928,-0.6903211312795772,-1.1052648301717394,-1.1052648301717394,0.856695728244387,1.2353091221673746e-05,0
1353283200000000000,-0.0004755128708731,-0.5946134426770064,0.6782200010819504,1.6649353220780196,0.5641142544384453,0.5641142544384453,-1.0699316722818586,1.1602170751749449e-05,0
1353369600000000000,2.6905325376147813e-05,-0.6358865469722603,-0.11775912817406055,0.3181678714375207,0.21706970074261328,0.21706970074261328,1.242021208349636,1.2084138466772031e-05,0
1353456000000000000,0.0077326772394368,-0.6754178052121633,-0.8868269184314495,-1.3471653403034782,-0.13015102522070857,-0.13015102522070857,2.5906603887180077,1.2939929445354439e-05,0
1353542400000000000,0.0023037836194019,-0.6727388687946193,1.1007134922192001,0.21630578752132312,0.447689517349113,0.447689517349113,2.012672168560134,1.306259106496313e-05,0
1353628800000000000,-0.0002043480676846,-0.7084080270986002,-0.22849334074748692,0.8751229782403862,0.18586102880734073,0.18586102880734073,1.4346839484022607,1.4298969158161616e-05,0
1353888000000000000,0.0016514640268392,-0.7431128937709515,1.8013796931461052,-1.69554511647475,0.9968927538304109,0.9968927538304109,-0.6846061921766095,1.600969893730452e-05,0
1353974400000000000,0.0161136061249355,-0.7756868054675865,1.3750259110958656,-1.8845611870737347,1.0848202894521406,1.0848202894521406,2.205334908612759,1.739915091713537e-05,0
1354147200000000000,0.0168885598555384,-0.609299079717932,-0.05701398136813774,-0.5026325036548535,1.5958675939998144,1.5958675939998144,1.627346688454885,1.2168529665158177e-05,0
1354233600000000000,0.0093722685379281,-0.46200894299501466,0.01791469209715833,0.23105531167573892,1.274295219000657,1.274295219000657,1.0493584682970116,1.2303861839167319e-05,0
1354492800000000000,-0.0015147741130177,-0.4614381621465413,-0.2505518995687914,-1.340233875449806,-0.9931919047750793,-0.9931919047750793,-1.0699316722818586,1.2268566545708523e-05,0
1354579200000000000,0.003112161213904,-0.508138464213268,1.2820304155281992,-1.1683190712308928,-0.5639773821904588,-0.5639773821904588,2.3979976486653833,1.1603632926566806e-05,0
1354665600000000000,0.0019084379930875,-0.5516441503964107,-0.06948715604995416,-0.20970928180182571,-0.5919929898972883,-0.5919929898972883,2.205334908612759,1.1353462322136366e-05,0
1354752000000000000,0.005138862601968,-0.5956254007184755,-0.36377640169372055,0.06324706650734824,-0.26665751371024826,-0.26665751371024826,0.856695728244387,1.1507512626052123e-05,0
1354838400000000000,-0.0039701699155185,-0.6230447835244338,-0.33258767843570086,-0.4619184858222377,0.09603770130010165,0.09603770130010165,1.627346688454885,1.1839074447069523e-05,0
1355097600000000000,0.0002538865859619,-0.6461085943002247,-1.5111919081058673,1.5990832756357574,-0.7402794476975313,-0.7402794476975313,-0.877268932229234,1.2313912758859642e-05,0
1355184000000000000,-0.0017107650719774,-0.6852395727476601,-0.033034389116600976,-0.13678258342481892,-0.6342640867759661,-0.6342640867759661,1.4346839484022607,1.3366785494792186e-05,0
1355270400000000000,-0.0018325258575251,-0.7170533347004848,-0.024441868766718205,0.2933479579588447,-0.5354916660182378,-0.5354916660182378,1.4346839484022607,1.4648761595786644e-05,0
1355356800000000000,-0.0062183427938912,-0.7461919738397678,0.3506371489753254,-0.6028565752252469,-0.5707407072394335,-0.5707407072394335,1.242021208349636,1.6029807503136594e-05,0
1355443200000000000,0.0047907103623472,-0.7365302324353156,-0.14465706684106808,-0.06810599948247241,-0.42589913891199194,-0.42589913891199194,2.7833231287706326,1.5829236237886475e-05,0
1355702400000000000,-0.0036975880786428,-0.7557602007651856,-0.3947813336830922,0.10293047398533758,0.06702317607351801,0.06702317607351801,-0.877268932229234,1.687810908302974e-05,0
1355788800000000000,0.0066186368547752,-0.770438459281709,0.9702580651709771,-0.711588075686567,0.26563518352060933,0.26563518352060933,2.3979976486653833,1.7873558269989532e-05,0
1355875200000000000,0.0055469758070211,-0.7706528789793908,0.6704777864696041,0.2167343077639733,0.5269168241568385,0.5269168241568385,-0.10661797201873578,1.8102201989027396e-05,0
1355961600000000000,-0.0022286342691326,-0.7811293629700903,0.0722426169546017,0.30302913315499,0.7049234752792425,0.7049234752792425,1.242021208349636,1.8941391733542164e-05,0
1356048000000000000,-0.0116796843671638,-0.8037595020794898,0.6385501304102196,0.40520553596301384,0.6381058051734577,0.6381058051734577,0.27870750808651334,2.0016052319065715e-05,0
1356307200000000000,0.0013756295489937,-0.6960346477193032,-2.34203683656421,-1.136862502363617,0.374538470064304,0.374538470064304,-0.6846061921766095,1.4476228842825926e-05,0
1356480000000000000,0.008476985338926,-0.7319563864544861,-0.8996374716900087,0.1510880044471501,-0.30912457675965554,-0.30912457675965554,0.08604476803388877,1.5220407305425285e-05,0
1356566400000000000,-0.006029383723567,-0.7142767704156971,-0.2767889563129786,-1.195699924929675,-0.4543351613589722,-0.4543351613589722,1.242021208349636,1.4565483680029087e-05,0
1356652800000000000,0.0064949350428471,-0.7101032768471368,-0.509321364958821,-0.7995609833150306,-1.447622749608141,-1.447622749608141,1.8200094285075097,1.4383283698183988e-05,0
1356912000000000000,-0.0005502203045275,-0.7171680364045404,0.6575202825444924,0.963044753196182,0.7133815875639988,0.7133815875639988,1.0493584682970116,1.4738971284224321e-05,0
1357084800000000000,0.0148174350959837,-0.7506378586698711,0.3193373920098601,-0.28268984664868213,0.9954136465574459,0.9954136465574459,2.3979976486653833,1.5864508495368275e-05,0
1357171200000000000,0.0027077144701615,-0.6189417652054525,-0.4105458952694356,0.4153306494382707,0.5659233038574417,0.5659233038574417,1.4346839484022607,1.2175052639605825e-05,0
1357257600000000000,0.001105953204286,-0.65685648250386,-0.181879270825996,0.6164198379630589,0.061813418105018246,0.061813418105018246,1.4346839484022607,1.2576782483585631e-05,0
1357516800000000000,-0.0046232553290176,-0.695424066020054,0.04748411548313547,1.1963763868056339,0.29444859423336645,0.29444859423336645,0.6640329881917624,1.3659052845151263e-05,0
1357603200000000000,0.0022185466869673,-0.7073024219114005,0.47238856605203033,0.11787105311027248,0.5774625810496231,0.5774625810496231,2.5906603887180077,1.4298232012090127e-05,0
1357689600000000000,-0.0050446428465974,-0.7409852633632518,-0.7022041430785774,-0.1743677262562974,0.4106787222392386,0.4106787222392386,1.627346688454885,1.579748444089337e-05,0
1357776000000000000,-0.0004773973080222,-0.7448007069390519,-0.9456401344177973,0.7766163892128752,0.08012951777254229,0.08012951777254229,1.242021208349636,1.6357353029005666e-05,0
1357862400000000000,-0.0029111045491811,-0.776653185814629,-0.6660266882436231,-0.09952449748612306,-0.5641504188233566,-0.5641504188233566,1.242021208349636,1.835140363378112e-05,0
1358121600000000000,0.0121501079046823,-0.795441499713869,1.3301203384238545,-0.9672643557983918,-0.7387870271588186,-0.7387870271588186,-0.877268932229234,1.9349909491971685e-05,0
1358208000000000000,0.0053888444748558,-0.7095609797438183,0.13035216249619147,-0.2667047436378782,-0.3938906808575995,-0.3938906808575995,0.856695728244387,1.4849710221550007e-05,0
1358294400000000000,-0.0090808313412199,-0.7264256492389531,0.016476826290964534,0.6917781419485419,-0.17512241534506587,-0.17512241534506587,0.08604476803388877,1.4899494066038716e-05,0
1358380800000000000,0.0062038138766081,-0.6789722568380652,0.42982081862485105,-0.13010405355167498,0.37498978419974216,0.37498978419974216,0.856695728244387,1.3342801643174497e-05,0
1358467200000000000,0.0041640079380211,-0.6914755729753882,-0.5006258879593359,0.4678284620071776,0.4616166555065294,0.4616166555065294,0.6640329881917624,1.3652725203557017e-05,0
1358726400000000000,0.0029472886846284,-0.7180964265972466,-0.4582980059065799,0.5655349872055296,-0.805174757982982,-0.805174757982982,-0.4919434521239849,1.4738240532793451e-05,0
1358812800000000000,-0.0055725743889511,-0.7487453554354943,-0.19047410750092914,-0.14308154356136718,-1.004002811179601,-1.004002811179601,0.08604476803388877,1.623704666241625e-05,0
1358899200000000000,0.0009584237077469,-0.7462548762103407,-1.6006991239887758,0.06435582779301025,-1.3566180119189437,-1.3566180119189437,0.47137024813913786,1.6479982996820406e-05,0
1358985600000000000,-0.0057894348325395,-0.7793248373665003,-0.7612491277458978,0.1654418501929169,-0.8494052061702257,-0.8494052061702257,1.4346839484022607,1.8366817943244697e-05,0
1359072000000000000,0.0091450620291831,-0.7712718021802315,-0.2022866142741328,0.11706172573799623,-1.0189965322683705,-1.0189965322683705,0.856695728244387,1.7888551254109402e-05,0
1359331200000000000,2.467640055672133e-05,-0.7397011772725915,-0.3903172962933727,0.7241710454533424,-0.9096891691594444,-0.9096891691594444,0.6640329881917624,1.630621425918955e-05,0
1359417600000000000,-0.0041073078839829,-0.7727588823774161,-1.4613528934743563,-0.532758556083424,-1.1340989828021641,-1.1340989828021641,3.168648608875882,1.8089196974742824e-05,0
1359504000000000000,0.0009665070704739,-0.7825783389733131,-0.4529415032275177,-0.09858896446418303,-1.214443382692855,-1.214443382692855,-0.2992807120713603,1.92897475543654e-05,0
1359590400000000000,-0.0034738052384617,-0.8133195663733671,-1.0228890988354662,-0.329929654476099,-1.1529721032757774,-1.1529721032757774,0.6640329881917624,2.2071480047613727e-05,0
1359676800000000000,-0.0059583258626568,-0.825008986486292,-0.8715579485171872,-0.37038449600304696,-1.3350635251126257,-1.3350635251126257,2.5906603887180077,2.3442720159550744e-05,0
1359936000000000000,-0.0019438945962046,-0.8099813763622145,-0.673958270831845,-0.5103718210967153,-0.8285450685023359,-0.8285450685023359,-0.2992807120713603,2.249745726077658e-05,0
1360022400000000000,-0.005082013073346,-0.8320214663160659,0.5655684881016793,-0.9280422837081899,-0.31938415762932254,-0.31938415762932254,1.0493584682970116,2.4569052025136814e-05,0
1360108800000000000,0.0003860815163471,-0.8265999489633624,-0.38081670944796114,-0.28557780151487955,-0.16208297543708677,-0.16208297543708677,1.242021208349636,2.482310321367421e-05,0
1360195200000000000,-0.003429216778715,-0.8543833797963248,0.20439103544828738,-0.01723863882863787,0.08483031055585423,0.08483031055585423,0.27870750808651334,2.83810259393995e-05,0
1360281600000000000,-0.0059616645111395,-0.8629253002644769,0.6701528045240029,-0.28718182669058834,0.1344093190077372,0.1344093190077372,2.205334908612759,2.9859561052647348e-05,0
1360540800000000000,-0.0009575010873592,-0.8435184502776939,0.9661299699483921,-1.194671555142552,0.23167418540021753,0.23167418540021753,-1.0699316722818586,2.8098346836584634e-05,0
1360627200000000000,0.0041707627731352,-0.867398057244676,-0.7987644239330318,-0.35322883297840624,-0.08987519158421188,-0.08987519158421188,-1.0699316722818586,3.17146100880131e-05,0
1360713600000000000,0.0017629356704111,-0.8805878295717924,0.7121478490941507,-0.4990426272763086,-0.07641418682001266,-0.07641418682001266,-0.2992807120713603,3.5348926464673155e-05,0
1360800000000000000,-0.0060862915054287,-0.9037927723270348,0.13729717717727175,0.5935726526279115,-0.06374175619098778,-0.06374175619098778,0.856695728244387,3.987279158625406e-05,0
1360886400000000000,-0.0016208437428339,-0.8777637689934126,0.5069858508893681,-0.28847657961579104,0.4993286373326523,0.4993286373326523,0.27870750808651334,3.6488103677183667e-05,0
1361145600000000000,0.0018327952590558,-0.8964123933233668,-0.4652255352605935,1.0332369350123292,0.06116165583232511,0.06116165583232511,-0.10661797201873578,4.036992593615398e-05,0
1361232000000000000,0.0070114071991698,-0.9183530943254565,0.21894287326011508,0.4142917281743067,0.08733219845698424,0.08733219845698424,0.6640329881917624,4.5362275305448974e-05,0
1361318400000000000,0.0005637768132327,-0.8981794423674053,0.33158789635070085,-0.4031560419595518,0.03111050073424494,0.03111050073424494,1.242021208349636,4.160664555585968e-05,0
1361404800000000000,-0.0153962340615675,-0.921218902821811,-0.10177691793460772,-0.9454890759991171,-0.3152359222377335,-0.3152359222377335,2.012672168560134,4.066650764687844e-05,0
1361491200000000000,-0.0003332940877161,-0.69660113896817,0.6750398131714004,0.48528999214040913,0.2219901489148435,0.2219901489148435,1.0493584682970116,1.6515854457530423e-05,0
1361750400000000000,0.0007603889946953,-0.7318251850140125,2.528665739182917,-2.7447114529236094,0.850033247399558,0.850033247399558,-1.0699316722818586,1.565240669940819e-05,0
1361836800000000000,-0.0160814583933148,-0.765847568933444,0.29617956448179705,-0.15801576131151426,0.9775933955213943,0.9775933955213943,1.242021208349636,1.6732941938345917e-05,0
1361923200000000000,0.0061514358641312,-0.5667890693649953,0.08847165491493952,0.5906994473359535,0.7895760507694728,0.7895760507694728,-0.10661797201873578,1.1796682672152918e-05,0
1362009600000000000,-0.0180771767218281,-0.5888720843291915,-0.2618940825791655,0.04947179625271421,0.6062637083976715,0.6062637083976715,1.627346688454885,1.1719440320881931e-05,0
1362096000000000000,0.0046702922723598,-0.3852564714577212,-1.3670137782156258,0.08181048581667225,0.42259591897112225,0.42259591897112225,1.627346688454885,1.455429727232386e-05,0
1362355200000000000,-0.0037134082975174,-0.42980609953133775,-1.3184200835945137,0.5485827159497104,-0.6654745190311764,-0.6654745190311764,-0.6846061921766095,1.3268163419668413e-05,0
1362441600000000000,0.0149357242920014,-0.4684331254474933,0.5397852161448324,-0.0356609862266926,-0.40850589404358323,-0.40850589404358323,0.27870750808651334,1.2491874226160626e-05,0
1362528000000000000,0.0059209931562243,-0.3847456894487741,0.6186850106818372,0.1765282948136684,0.22798589043267414,0.22798589043267414,1.4346839484022607,1.4682163969551329e-05,0
1362614400000000000,0.0076528519439755,-0.4219353104592443,-0.35967327296327956,0.3174666912979596,0.14752481858128705,0.14752481858128705,1.4346839484022607,1.3555711090520478e-05,0
1362700800000000000,0.0139557503597899,-0.4426516513580913,-0.3833570381591214,0.7516447876984798,-0.2785453139480927,-0.2785453139480927,0.47137024813913786,1.3071860932115216e-05,0
1362960000000000000,-0.0005636075996267,-0.3796207519045063,0.2755322925382166,0.5422677218914304,-0.39078014912193587,-0.39078014912193587,-1.0699316722818586,1.4917734849904515e-05,0
1363046400000000000,-0.0047653476368216,-0.4334411967055142,-0.1766705591682841,-0.88303023712744,-0.3321208375895715,-0.3321208375895715,1.0493584682970116,1.3198703057398127e-05,0
1363132800000000000,-0.0106925450363117,-0.4647670837110473,0.13099869794606342,-0.3332559981563084,-0.1672503133390309,-0.1672503133390309,-0.10661797201873578,1.24262754029035e-05,0
1363219200000000000,0.0098213819198845,-0.4266573703659594,0.42535673554935766,0.015614170807867565,-0.11731110672721651,-0.11731110672721651,1.627346688454885,1.323573695678483e-05,0
1363305600000000000,-0.0061707011549123,-0.42429304712031163,0.250515604385944,0.1865132881225245,0.30121579215536887,0.30121579215536887,1.242021208349636,1.332921054307827e-05,0
1363564800000000000,-0.0063803728356968,-0.44470868089877325,0.648139048788468,-0.4557659331510436,0.692569530993314,0.692569530993314,0.08604476803388877,1.281372574748489e-05,0
1363651200000000000,-0.0154218169171235,-0.4614793579927603,0.961005821402246,-0.7074971487534643,0.8642653815492196,0.8642653815492196,0.08604476803388877,1.280773461003649e-05,0
1363737600000000000,-0.0090120741807689,-0.3417231894745921,-2.042329892893199,-0.8656101537410171,0.12932142617628103,0.12932142617628103,0.856695728244387,1.7297540844582448e-05,0
1363824000000000000,-0.0062801988562355,-0.33957316360772505,0.9361793655230125,0.2197794244399419,0.253499661614605,0.253499661614605,0.47137024813913786,1.7759681441563547e-05,0
1363910400000000000,-0.0013085478175716,-0.3657827075707163,0.39315329563927875,-0.41924330999148696,0.29814339350708957,0.29814339350708957,0.08604476803388877,1.609613362568184e-05,0
1364169600000000000,-0.0031014095850241,-0.4187772400368116,-0.13786287734285388,0.4075693396593295,0.7065141569663238,0.7065141569663238,-0.877268932229234,1.3716971256500355e-05,0
1364256000000000000,0.0013746681660056,-0.4615455194067507,-0.9372305973296403,0.44373529301905273,0.10601520063984209,0.10601520063984209,0.08604476803388877,1.238740761943873e-05,0
1364428800000000000,0.0072323107479625,-0.5115266704400809,-0.8489228588895705,-0.5980828215804458,-0.8960142662710644,-0.8960142662710644,0.27870750808651334,1.1588391540161573e-05,0
1364774400000000000,0.0038377484816104,-0.5287306192219234,-0.04123267400640638,0.0986231818958563,-0.538680870069033,-0.538680870069033,-0.10661797201873578,1.1404365185060866e-05,0
1364860800000000000,0.0076315926493432,-0.5680574026690345,0.3731900926724391,0.529002554837375,-0.14694731122290575,-0.14694731122290575,0.27870750808651334,1.1345712949522943e-05,0
1364947200000000000,-0.0131689487934703,-0.5765370134048206,0.20644590934983545,0.7855028272948151,0.024656743574238506,0.024656743574238506,-0.10661797201873578,1.1451659149969743e-05,0
1365033600000000000,-0.0174529603255117,-0.480453904655989,0.44523384517482273,0.6130225121812891,0.4699967266120187,0.4699967266120187,0.856695728244387,1.2494071292304221e-05,0
1365120000000000000,-0.0038641313357806,-0.31495760770985926,-0.4232755998935446,0.9412827776997836,0.19051122239804072,0.19051122239804072,1.242021208349636,1.888237057378751e-05,0
1365379200000000000,-0.0018564567084833,-0.36034611303983427,-0.2173100248211926,0.6363934411730333,-0.06906442599543718,-0.06906442599543718,-0.877268932229234,1.6538487403076385e-05,0
1365465600000000000,-0.0086700814234531,-0.41201709028710026,0.08827950474738443,1.1183777807711937,-0.1834818322936776,-0.1834818322936776,0.47137024813913786,1.4141254405241323e-05,0
1365552000000000000,0.0115074992870453,-0.4070149492473216,0.47577863287012573,0.0430182107064944,0.10469915273397182,0.10469915273397182,0.856695728244387,1.4146295279297912e-05,0
1365638400000000000,0.0063302916690643,-0.3853308558711954,0.9799508790633469,0.44627368786623484,0.507587009837789,0.507587009837789,-0.10661797201873578,1.4860832944158467e-05,0
1365724800000000000,-0.0117690551038289,-0.41962912974605154,0.8020149351635022,-0.3813365317225246,0.6932276433839634,0.6932276433839634,1.4346839484022607,1.389616653450941e-05,0
1365984000000000000,0.0071822023187578,-0.37083407094066256,-0.6062698800638627,1.2165189995350996,-0.7090174984807227,-0.7090174984807227,1.242021208349636,1.5771765024707678e-05,0
1366070400000000000,0.0214179891762549,-0.3996362404132685,0.1607279139128129,-0.38465850337033003,-0.9716095340341673,-0.9716095340341673,-0.877268932229234,1.6807321217388283e-05,0
1366156800000000000,-4.394580453027964e-05,-0.19631583765355673,-0.6792927766282902,-0.024798013091179672,-1.4464248454542348,-1.4464248454542348,-0.4919434521239849,3.7482212020208415e-05,0
1366243200000000000,0.0164581026095847,-0.2611370538784674,-0.32667132315823627,0.3271863712730372,-1.4557248350324912,-1.4557248350324912,1.4346839484022607,3.25703686396433e-05,0
1366588800000000000,0.0088315279738689,-0.18170695089678918,0.8015824888493549,-1.4355250408483413,0.43358889801024425,0.43358889801024425,-1.4552571523871076,4.5937266665430735e-05,0
1366675200000000000,0.0004284013057793,-0.2109360466326021,0.5413013725663589,0.8310880197529698,0.7118070714146613,0.7118070714146613,0.6640329881917624,3.962103421453838e-05,0
1366848000000000000,0.0135114032337315,-0.2752522461711959,0.9219064309402348,0.9440671989968271,0.4539639566320675,0.4539639566320675,-0.4919434521239849,2.8552288138049513e-05,0
1366934400000000000,-0.0076095651493532,-0.24057680009411078,0.5536269780583157,-0.4213325268528331,0.4275060533135356,0.4275060533135356,0.27870750808651334,3.0861723484746994e-05,0
1367193600000000000,0.0055453860244868,-0.26254408066016993,-1.6266515296758806,0.6029946613948455,-0.7686346697259246,-0.7686346697259246,-1.0699316722818586,2.720695870725177e-05,0
1367280000000000000,0.0044109308244235,-0.3102840025857133,0.8045113947436948,0.3634145106574482,-0.8062642319209431,-0.8062642319209431,-0.4919434521239849,2.1206359562175413e-05,0
1367452800000000000,0.0115931741151038,-0.36081414870179107,-0.008221893936773422,0.1830665192556351,-0.34271707238558935,-0.34271707238558935,-0.10661797201873578,1.717112209768848e-05,0
1367539200000000000,-0.0092688388885892,-0.343054957218164,1.0147670576367984,-1.5767170123930736,0.13728526594705623,0.13728526594705623,0.47137024813913786,1.7737560255628894e-05,0
1367798400000000000,0.0045404512111605,-0.3376867099299681,-0.06150141587397282,0.970913361512642,0.1471632286462164,0.1471632286462164,-0.6846061921766095,1.7852607916161137e-05,0
1367884800000000000,0.0120687966905542,-0.38590402247199557,0.7210557244900653,0.7773249111272768,0.3809243687176283,0.3809243687176283,-0.2992807120713603,1.5456373619327268e-05,0
1367971200000000000,0.0042516896717678,-0.35888011821325444,1.624264861960189,-1.0452962991562187,0.5762915348141314,0.5762915348141314,-0.10661797201873578,1.6241904366939327e-05,0
1368057600000000000,-0.0031601960062404,-0.40710902622578043,0.017623452562536206,0.21713293896516048,0.7333768170566356,0.7333768170566356,1.8200094285075097,1.4145355264250619e-05,0
1368144000000000000,0.0073446958820698,-0.45033003501294405,0.013418556656326693,0.7942276843397154,0.7528948989388579,0.7528948989388579,0.27870750808651334,1.2799706908158521e-05,0
1368403200000000000,-0.0189318962388162,-0.4715205107886229,-1.5466203890681358,-0.8881782252041294,-1.0935163091752826,-1.0935163091752826,-0.877268932229234,1.3247742369561617e-05,0
1368489600000000000,0.0024966436077198,-0.2749458304052365,0.08045195047835202,-0.0711692851316512,-1.073377392347618,-1.073377392347618,-0.6846061921766095,2.457786677144459e-05,0
1368576000000000000,0.0249309946184938,-0.3339172253677759,0.9038950465272293,-1.5419108406343762,-0.7879458992928308,-0.7879458992928308,-0.2992807120713603,3.146048297384727e-05,0
1368662400000000000,0.0037591276505075,-0.06300755599374407,-0.6617104521368459,-0.28368365394442696,-1.0850688152645882,-1.0850688152645882,0.6640329881917624,0.00011776674156303298,0
1368748800000000000,0.0028161580707262,-0.1306803772451886,-0.2387618864527976,0.3388321012967491,-0.4579714101530136,-0.4579714101530136,0.47137024813913786,9.154480472716276e-05,0
1369008000000000000,-0.004925384313636,-0.19710216608068334,-0.779074679947676,1.4061913027359993,-1.109707867136384,-1.109707867136384,-1.0699316722818586,5.3764011507452715e-05,0
1369094400000000000,-0.0069757930480954,-0.24384592859126172,-1.2330073331341067,0.38876882916748384,-1.2928301882481201,-1.2928301882481201,-0.2992807120713603,3.4843624227106445e-05,0
1369180800000000000,-0.0032108700979154,-0.2714325100317011,1.2885859748200588,-0.9573965578488388,-0.803257262498728,-0.803257262498728,-0.4919434521239849,2.7902936299311952e-05,0
1369267200000000000,-0.0211340899206084,-0.3230087225756252,-0.3125281336134959,0.24992340455077713,-0.9642285859188098,-0.9642285859188098,0.27870750808651334,2.849674792217576e-05,0
1369353600000000000,0.0027613694749929,-0.10896189612951745,-0.714713387359868,-0.0416764070092168,-0.5502837154805915,-0.5502837154805915,0.08604476803388877,8.058479305266481e-05,0
1369612800000000000,0.0165086331982565,-0.1767213169863994,1.9206086199155206,-1.6780573579200755,1.0097000334236657,1.0097000334236657,-1.4552571523871076,7.257075157846532e-05,0
1369699200000000000,0.0046086970443231,-0.10823151506829347,-0.5082588245378294,1.5023786032023487,0.9469609224166174,0.9469609224166174,0.08604476803388877,9.311674213476686e-05,0
1369785600000000000,-0.0011379260325724,-0.17015375526155008,1.0943400059746833,-0.5340958708268337,1.526831157003236,1.526831157003236,0.27870750808651334,6.444816594463082e-05,0
1369872000000000000,0.0032302015895608,-0.2347656376499641,-0.035112559092842145,0.8265688285269378,1.247185504644986,1.247185504644986,-0.4919434521239849,4.2040213770033864e-05,0
1369958400000000000,-0.0228085212668509,-0.2941902289160092,1.3929470701746827,0.1634959306775403,1.2496207156364485,1.2496207156364485,-0.2992807120713603,4.631718415904565e-05,0
1370217600000000000,-0.0078238407731969,-0.047865661514227865,2.2031496605845047,-0.04605768760242209,1.550539950366526,1.550539950366526,-0.4919434521239849,0.00016223289815777979,0
1370304000000000000,-0.0033476762580832,-0.08314428484030281,0.8260209978899847,0.3561177460013395,1.8265659203781788,1.8265659203781788,2.012672168560134,0.00015234367375254707,0
1370390400000000000,0.0007430196714316,-0.14556827495459496,1.3255125637498633,-0.16277370767710178,1.8049506031056932,1.8049506031056932,1.242021208349636,9.176711711256311e-05,0
1370476800000000000,-0.000413700909216,-0.21353398269593335,0.7803578452294473,0.11121737096539648,1.9377847196044418,1.9377847196044418,1.0493584682970116,4.793356541511049e-05,0
1370563200000000000,-0.0068460754539723,-0.2769822912775365,0.9606204722656555,-0.4658219391291211,1.9647848297238055,1.9647848297238055,-0.10661797201873578,2.82100836344314e-05,0
1370822400000000000,-0.0005102474810933,-0.30311429138839924,0.05832810856362306,-3.0824880408679007,1.5405220910577189,1.5405220910577189,-1.4552571523871076,2.2345087765898705e-05,0
1370908800000000000,-0.0152915855176087,-0.3613908853922212,-0.547191590161392,0.2708146248894992,1.1149921396689055,1.1149921396689055,-0.10661797201873578,2.0025700004854976e-05,0
1370995200000000000,-0.0049527522446549,-0.2609343472863264,-0.643077995259639,0.7780888622442295,0.6009459484418015,0.6009459484418015,0.47137024813913786,4.220146121903489e-05,0
1371081600000000000,-0.0106639454621049,-0.30316193615824283,0.054456541435627406,-0.032367399721595955,0.648700354932557,0.648700354932557,0.856695728244387,0.00012742226431467857,0
1371427200000000000,0.0071450459678088,-0.15453837541766566,-0.1801214294610105,1.299446328184245,-0.3602184563517356,-0.3602184563517356,-1.262594412334483,0.0007708868477728959,0
1371513600000000000,-0.006250157711134,-0.19928384502593463,0.7628308594149915,-2.3205496901391247,0.09042866129075543,0.09042866129075543,-1.0699316722818586,0.0027766009680567356,0
1371600000000000000,0.0014867678535771,-0.23636525648168114,1.0496696401668704,0.3899586356295851,0.409432210412779,0.409432210412779,0.27870750808651334,0.011465635668360298,0
1371686400000000000,-0.0289875541395142,-0.29901169609759115,0.9703100666857607,-1.2093355919016604,0.9704590037222387,0.9704590037222387,1.4346839484022607,0.05764374941621287,0
1371772800000000000,0.0020753216826701,0.1059315191374067,0.32499338758803237,-0.2954625220358706,0.9493273857642385,0.9493273857642385,0.856695728244387,0.38769404736656876,0
1372032000000000000,-0.0137505436288001,0.025240864474826277,1.031287226907455,-0.8170740034636683,1.1120821230759967,1.1120821230759967,-0.877268932229234,0.4976955994656119,0
1372118400000000000,0.0033662873814071,0.05022425146382904,0.3104593188674856,0.8291876570032486,0.9005749285734296,0.9005749285734296,1.0493584682970116,0.5814757381327108,1
1372204800000000000,-0.0036435593381386,-0.02494654104976961,1.6753234884555688,-0.7393562759398041,1.333406947376441,1.333406947376441,1.4346839484022607,0.6312108296593233,1
1372291200000000000,0.0166181598202831,-0.08953938848575256,1.4268819812313311,-0.9189812158633819,1.3378227527586384,1.3378227527586384,0.47137024813913786,0.6915668094163165,1
1372377600000000000,0.0277425749122853,-0.03078661719609265,0.28729161227024463,0.3101308128349937,1.527437133070174,1.527437133070174,0.47137024813913786,0.8162664628000847,1
1372636800000000000,0.0096499615521678,0.2359709346740932,0.4038296892802303,1.2823157581341789,0.3786354736754974,0.3786354736754974,-0.6846061921766095,0.9749912177846201,1
1372723200000000000,-0.0070260391295866,0.18262767054100906,0.4153586915683137,0.1591519040469361,0.05440388967257576,0.05440388967257576,0.47137024813913786,0.9860359064074461,1
1372809600000000000,-0.0149033634474336,0.12457195986130169,0.6072346627735421,-0.8279819318175125,0.15695777361722457,0.15695777361722457,0.47137024813913786,0.9866728252167623,1
1372896000000000000,0.0113804029650577,0.15453623472674247,0.2156251722575654,-0.9101983317612088,0.05459647815828481,0.05459647815828481,1.8200094285075097,0.983849981894783,1
1372982400000000000,0.0052883683094532,0.12239841995901364,-0.5779116798462594,0.23773634035878755,0.35199020742803605,0.35199020742803605,0.08604476803388877,0.9670788518303622,1
1373241600000000000,-0.0096495188239112,0.04974910878456434,0.05788996553292168,-0.14394433233528514,0.1600002277503698,0.1600002277503698,0.47137024813913786,0.906643507216293,1
1373328000000000000,0.0081316574749487,0.023825045614476213,0.11971294154149993,-0.5882083177625509,0.12925671960960963,0.12925671960960963,-0.10661797201873578,0.8060765323956379,1
1373414400000000000,-0.0072458163618322,-0.026175491311298076,-0.05078816845479088,1.3844806212110343,0.29821980015378174,0.29821980015378174,0.856695728244387,0.6761067615568691,1
1373500800000000000,0.020150769372548,-0.06794642287464692,-0.12271189582406514,-0.05295267981068482,0.1517217253454915,0.1517217253454915,0.6640329881917624,0.5698217241208214,1
1373587200000000000,0.0123744517784235,0.047978029700423405,0.5456609916610601,-0.19263198744904922,0.18711424510031038,0.18711424510031038,-0.2992807120713603,0.5088206297854744,1
1373846400000000000,0.003621294184999,0.03515510798894997,0.8773743495427968,-0.6283925330804299,-0.45462457681619584,-0.45462457681619584,-0.4919434521239849,0.4085245282017395,0
1373932800000000000,-0.0126064560825985,-0.03848167726162644,0.23655575553174382,0.5538661801861102,-0.33946566661561134,-0.33946566661561134,0.6640329881917624,0.2636040957342642,0
1374019200000000000,0.0030263223541821,-0.02201728672391464,-0.39021934870831027,0.11009790218866405,-0.6394508160393525,-0.6394508160393525,0.47137024813913786,0.15686867280986333,0
1374105600000000000,0.0107815739827481,-0.09401648171995164,0.5065941415015587,0.3564256803929688,0.7195633008117018,0.7195633008117018,0.08604476803388877,0.06611403217161442,0
1374192000000000000,-0.0014667154424545,-0.11149677797152638,0.818791509068839,-1.5964582948872015,0.6677072081000234,0.6677072081000234,-0.6846061921766095,0.023379462386554927,0
1374451200000000000,0.0004310769281579,-0.1786562796169373,0.9233378146422397,-1.0766440653037688,0.1991162737402265,0.1991162737402265,-1.4552571523871076,0.005691822289240873,0
1374537600000000000,0.0075973149799416,-0.24475166092332404,-1.693732466681404,-0.4066335671948526,-0.5061718681992516,-0.5061718681992516,-0.2992807120713603,0.0010379670533618077,0
1374624000000000000,-0.01446787515895,-0.2796540196408876,-1.1391264167564399,0.6678281939641852,-1.1337588322616723,-1.1337588322616723,-0.10661797201873578,0.00019640576077103636,0
1374710400000000000,-0.0139521510188908,-0.2060075926470207,0.9938052772722489,0.16541627173570284,-0.5990538649357269,-0.5990538649357269,1.0493584682970116,8.340237446988102e-05,0
1374796800000000000,-0.0036120687304303,-0.15067953761585856,-0.2786846432759325,1.6045304143917598,-0.3719565638086387,-0.3719565638086387,0.08604476803388877,7.123440019147084e-05,0
1375056000000000000,-0.0093106989063587,-0.20779718344474696,-0.807280032478032,0.8765422771027436,-0.46416056356394475,-0.46416056356394475,-0.4919434521239849,4.893388357304196e-05,0
1375142400000000000,-0.0132222661463112,-0.21489469910000297,0.07693628456171664,-0.2979160197856487,-0.7580518549139799,-0.7580518549139799,0.856695728244387,4.4228405040524725e-05,0
1375228800000000000,-0.0022701145969533,-0.16968161398441112,-0.7592127729957134,0.4193977496272661,-0.9120793481503545,-0.9120793481503545,0.08604476803388877,5.171486207774453e-05,0
1375315200000000000,-0.0024673224848824,-0.2311914465174923,-0.06905493257254589,0.9977729463448197,-0.8346960451275587,-0.8346960451275587,0.6640329881917624,3.824834403872164e-05,0
1375401600000000000,-0.0087588303528144,-0.28837883754947324,-0.7028208849599826,0.9724429079823173,-0.7139807641765954,-0.7139807641765954,0.47137024813913786,3.5892018680504485e-05,0
1375660800000000000,0.0013200392875264,-0.29422116231465173,0.7173867524834469,-0.09292675049103302,-0.4540157338655936,-0.4540157338655936,-0.6846061921766095,9.090990482442354e-05,0
1375747200000000000,-0.0255009126567762,-0.3537709594598547,-0.04011845292783289,0.7988940197306583,-0.4447404945047694,-0.4447404945047694,-0.10661797201873578,0.0004908493606059104,0
1375833600000000000,-0.0041857342799807,-0.025727495828849378,-0.18732626289097934,0.6884112949261875,-0.279504914101967,-0.279504914101967,1.0493584682970116,0.004046806308643266,0
1375920000000000000,0.0083989405861191,-0.08768027310936649,0.701489842635091,-0.4073259717825625,0.6309949290411858,0.6309949290411858,0.47137024813913786,0.008166163244824168,0
1376265600000000000,0.0083646563395525,-0.127707338908897,0.9027326974591653,-0.39844908967370557,0.049174056568705854,0.049174056568705854,-1.0699316722818586,0.01649840293374901,0
1376352000000000000,0.015364907874385,-0.1650646633872311,1.1362919674355016,-0.13303358493475997,0.1885446307240854,0.1885446307240854,0.27870750808651334,0.039266050481036804,0
1376438400000000000,0.0075164669130956,-0.11617819512697365,0.7861990814623655,0.13891905770254853,0.37498294773339225,0.37498294773339225,0.27870750808651334,0.11905269340143626,0
1376611200000000000,-0.0416854278146094,-0.16092998584143997,-0.07827105180128005,-3.7151055112841513,1.0442642391389367,1.0442642391389367,-1.262594412334483,0.3188849641032785,0
1376870400000000000,-0.0170476537750192,0.567168857083211,0.5960406752706119,0.3272735142647368,1.3613941153101836,1.3613941153101836,-0.4919434521239849,0.999741406763067,1
1376956800000000000,-0.0024592391320948,0.57906273224815,-1.7263926650572927,-1.1489428346634072,0.6551521602864727,0.6551521602864727,0.47137024813913786,0.999999885414226,1
1377043200000000000,-0.0184796721104445,0.47658690757413563,-0.864024613318856,0.011437326761707688,0.40328833817748816,0.40328833817748816,1.8200094285075097,0.9999997771618833,1
1377129600000000000,0.0197747813576122,0.5176251017032885,-0.05659701898346936,0.7222074450199862,-0.09002556551929172,-0.09002556551929172,-0.4919434521239849,0.9999998905841272,1
1377216000000000000,0.0116359106915163,0.5512771954835958,-1.6234118450118118,0.0826047600465424,-1.1668858388375307,-1.1668858388375307,0.856695728244387,0.9999999402137573,1
1377475200000000000,0.0008677186396066,0.4914452269792825,0.09408612280263852,0.9212603882269228,-0.7907039015702954,-0.7907039015702954,-0.10661797201873578,0.9999998261264718,1
1377561600000000000,-0.0351300857798711,0.3896269521678354,0.8905447454669039,-1.2151468075309868,-0.48710903855396953,-0.48710903855396953,-0.10661797201873578,0.9999990816284442,1
1377648000000000000,-0.0004635056795921,0.7690336534440392,-0.3648522548492988,0.07672049260550132,-0.08369294952214588,-0.08369294952214588,-0.10661797201873578,0.9999999992332986,1
1377734400000000000,0.0232008212687357,0.6533566898662083,0.1705808196060588,0.7781701536388492,0.1617193066714302,0.1617193066714302,1.627346688454885,0.9999999914928276,1
1377820800000000000,0.0115341536593745,0.7214189573421247,-0.6051211328807015,-0.15889662435088933,0.07026998396762799,0.07026998396762799,-0.4919434521239849,0.9999999978890473,1
1378080000000000000,0.0143254595132373,0.6489004458299166,-0.4951181098329285,1.1981879623523277,-0.1388064094290705,-0.1388064094290705,-0.6846061921766095,0.9999999907030456,1
1378166400000000000,-0.038435865504589,0.6058334188490602,0.3915312622892751,0.9505113457733275,-0.06798341133360247,-0.06798341133360247,0.6640329881917624,0.9999999784801583,1
1378252800000000000,0.0197697537043862,1.0135477477798935,0.7970973568308116,0.1894278747155902,0.3814808043532265,0.3814808043532265,2.012672168560134,0.999999999997767,1
1378339200000000000,0.026239969011229,0.9977424694087389,0.8074372002471705,0.045467844539274826,0.6154050011949928,0.6154050011949928,0.856695728244387,0.9999999999966454,1
1378425600000000000,0.0155147246223548,1.070430679177893,-1.5107163752086132,0.5052094778368736,0.007762854309299791,0.007762854309299791,0.47137024813913786,0.9999999999995043,1
1378771200000000000,0.037379716084918,1.0060530706128157,-3.5444279308556377,-3.341828729285338,-1.0546873313121115,-1.0546873313121115,-1.4552571523871076,0.9999999999972904,1
1378857600000000000,0.0027773161535761,1.2759656159654729,0.4049646918896658,0.09520060169905087,-0.44063888262379164,-0.44063888262379164,0.27870750808651334,1.0000000000000033,1
1378944000000000000,-0.0106173222477054,1.135054625997035,0.7564742618903164,0.749783557259243,0.11118942682000703,0.11118942682000703,0.6640329881917624,0.9999999999999191,1
1379030400000000000,-1.7108809063270718e-05,1.0392553770720303,0.4969687009490355,0.3592005395084708,0.4178530383328674,0.4178530383328674,0.47137024813913786,0.9999999999988599,1
1379289600000000000,-0.0017192997315773,0.9093923611162936,0.08269413637327418,1.1625535123149844,0.15177961731248016,0.15177961731248016,0.08604476803388877,0.9999999999697811,1
1379376000000000000,0.0016509450320878,0.7880075478726453,0.20448357089004435,-1.0990142645819592,-0.025154337572047856,-0.025154337572047856,0.6640329881917624,0.9999999994986992,1
1379462400000000000,0.0083832772551382,0.6711245488689391,-0.13697255816158274,0.5053024809913714,-0.22835655813062553,-0.22835655813062553,0.856695728244387,0.9999999940424295,1
1379548800000000000,0.0359755165868896,0.5811669884989529,-0.7802438084035972,0.6635440686472736,-0.13516754084269697,-0.13516754084269697,0.27870750808651334,0.9999999656723342,1
1379635200000000000,-0.017060554525648,0.9030908726377678,-1.946119688072905,-0.2248171635289518,-0.8148623884013372,-0.8148623884013372,-0.10661797201873578,0.9999999999648174,1
1379894400000000000,-0.0205605694545891,0.8832791091306783,-0.8603984866316804,0.26361505668598684,-1.5652517634202658,-1.5652517634202658,-0.4919434521239849,0.9999999999435573,1
1379980800000000000,0.0004583516346713,0.9088670738966008,0.1466418585294242,-0.017395845584613382,-1.2681497480238462,-1.2681497480238462,1.4346839484022607,0.9999999999693957,1
1380067200000000000,-0.0031615907611521,0.7855202454056623,-0.3938054454721374,0.3216382717457032,-0.7705741500201493,-0.7705741500201493,0.08604476803388877,0.9999999994703506,1
1380153600000000000,0.0014290289642726,0.6737944898763567,-0.6853072872091627,0.13267947911214664,-0.8060119747560622,-0.8060119747560622,0.27870750808651334,0.9999999943550552,1
1380240000000000000,-0.0083735734385677,0.5626851969463327,-0.5684021555129797,-0.023120500842499003,-0.7459830078335662,-0.7459830078335662,-0.4919434521239849,0.9999999515355201,1
1380499200000000000,-0.0169257428065483,0.48874272838146526,0.4689995869293524,0.2094914150101109,-0.008417565946427867,-0.008417565946427867,0.856695728244387,0.9999998190659392,1
1380585600000000000,0.0077722738414712,0.5070809462141473,0.6249376795668155,-0.37727137958536555,0.41156564684856217,0.41156564684856217,0.47137024813913786,0.9999998677927016,1
1380758400000000000,0.0221828023826563,0.4237066166157372,0.5369477192644895,0.7102839576827699,0.15147730807771118,0.15147730807771118,0.27870750808651334,0.9999994645495726,1
1380844800000000000,-0.0004062605835685,0.5046762889943909,0.41707988088837644,0.3416110585193389,0.33747100962050847,0.33747100962050847,1.242021208349636,0.9999998613913111,1
1381104000000000000,-0.000194676809213,0.4026857738677714,2.5106378245427305,-2.905118135045951,1.4219337177652693,1.4219337177652693,-1.4552571523871076,0.9999992022812058,1
1381190400000000000,0.0037601812630294,0.3058571582376672,-0.6176233492800607,-0.7033439273049906,1.0518498944626373,1.0518498944626373,0.856695728244387,0.9999921658311791,1
1381276800000000000,0.0132460525478861,0.21765270748114285,0.031793938580993455,0.30161066174659296,0.9283511350717405,0.9283511350717405,0.6640329881917624,0.9998264194277038,1
1381363200000000000,0.0022446884423595,0.19936287318421547,1.0525120728665462,-0.46496445884097365,1.2339886082700326,1.2339886082700326,0.856695728244387,0.9980600209870162,1
1381449600000000000,0.0124205716652584,0.11388505488240123,-0.07081446057169132,-0.15708661483410016,0.9425395147943998,0.9425395147943998,0.856695728244387,0.9823631939357169,1
1381708800000000000,0.0027029477705162,0.09574200977679405,0.9588545998522818,-0.012455763518916044,0.776744967976996,0.776744967976996,-0.10661797201873578,0.9311953269122315,1
1381795200000000000,-0.0038765620083412,0.01659198143585872,-1.2705561696500605,1.5877252701010598,0.03211347632941278,0.03211347632941278,-1.0699316722818586,0.7940480256023906,1
1381968000000000000,-0.0071199416351777,-0.049423788058237376,0.5513358171577727,0.9591091630026943,-0.49196332106361335,-0.49196332106361335,-0.6846061921766095,0.628567790409093,1
1382054400000000000,0.0234579864728275,-0.0905140492716741,-0.35737786717075315,1.7794139992900828,-0.41192278190126996,-0.41192278190126996,0.08604476803388877,0.5176134934480999,1
1382313600000000000,0.002517303199925,0.0942828359102764,-0.6849446452831389,0.03333580460947113,-0.07222376695367536,-0.07222376695367536,-0.10661797201873578,0.4643978575836786,0
1382400000000000000,-0.0003466205632012,0.014878951205260092,0.7048384590616472,0.03450208950457571,0.5387792631449728,0.5387792631449728,1.0493584682970116,0.3226835237032467,0
1382486400000000000,-0.0039495101837741,-0.06117956955684666,-0.6060409217660699,0.19210370625948642,0.16779611605952274,0.16779611605952274,1.0493584682970116,0.1541733519478745,0
1382572800000000000,-0.0022685483374774,-0.12213912645882681,-0.9387606563960716,-0.33264291685816205,-0.018559121223605448,-0.018559121223605448,0.08604476803388877,0.05141358936576405,0
1382659200000000000,-0.0031602593984703,-0.18640824992365324,-0.17392137703495347,1.0292232430804575,-0.5336450985513296,-0.5336450985513296,0.47137024813913786,0.01208273650513936,0
1382918400000000000,-0.0071533548030015,-0.24343867901839425,0.8850488557528637,-0.9040666626415261,-0.3622833805597813,-0.3622833805597813,-1.4552571523871076,0.002235906974685857,0
1383004800000000000,0.0194454763221783,-0.2694522549909661,-1.0132499217754158,0.15047019830412672,-0.3861600156822463,-0.3861600156822463,0.6640329881917624,0.0004493439169414028,0
1383091200000000000,0.004938882885003,-0.1335908842115503,1.5384644146911692,-0.06745898112259885,0.16272458573945978,0.16272458573945978,-0.2992807120713603,0.0001945081593873648,0
1383177600000000000,0.0075612301523564,-0.19254125106776465,-0.09156893705019245,1.3826135873304972,0.005779706813268899,0.005779706813268899,-0.877268932229234,7.88939983746603e-05,0
1383264000000000000,0.0012771807859823,-0.23153886975300683,-0.21327699479232498,0.6670082568171414,0.36522229561150676,0.36522229561150676,-0.4919434521239849,4.066641690840214e-05,0
1383696000000000000,-0.0060954770501485,-0.30157292508111627,-0.4291729843639284,0.9933850173097506,-0.5878952907447075,-0.5878952907447075,0.6640329881917624,2.4008536035746733e-05,0
1383782400000000000,-0.0044991210775516,-0.33228300292320645,0.40017117950206094,0.3438283494129885,-0.4302739304291836,-0.4302739304291836,0.856695728244387,1.901995988978319e-05,0
1383868800000000000,-0.0075438385016386,-0.3726249907715999,-0.7725573869042239,0.32203401346554694,-0.6095445110369987,-0.6095445110369987,-1.0699316722818586,1.6078920974459924e-05,0
1384128000000000000,-0.0101396085892961,-0.3839864124225214,-0.4160401519624211,1.6070875886182245,-0.4233796058637329,-0.4233796058637329,-1.262594412334483,1.5366295405494084e-05,0
1384214400000000000,-0.0100440218202068,-0.3631514517618651,1.231185035794057,-0.6519965043876554,-0.15700814244078679,-0.15700814244078679,-0.10661797201873578,1.6352330610238793e-05,0
1384300800000000000,-0.004738605888357,-0.3458669786393123,0.37914705079798794,-0.4047184964758248,0.2121568169382353,0.2121568169382353,-0.4919434521239849,1.7244477561762975e-05,0
1384387200000000000,0.0110496202889337,-0.3836568991781079,-0.3238349244044006,0.3789141191697394,0.050149581703921656,0.050149581703921656,0.27870750808651334,1.5841101966805252e-05,0
1384732800000000000,0.0216992542296499,-0.37054144566900293,-0.06548213615037972,-0.11676829546784187,-0.6615300055691172,-0.6615300055691172,0.47137024813913786,1.9630427278114484e-05,0
1384819200000000000,0.0023159616952837,-0.16719493691679965,1.0562950243326121,-1.1507865931279317,-0.21914600513947988,-0.21914600513947988,0.27870750808651334,5.099562999316378e-05,0
1384905600000000000,-0.0130536599028687,-0.2325881176450755,1.19294323370572,0.10422549414370878,-0.3107937125495945,-0.3107937125495945,0.08604476803388877,5.802315223746568e-05,0
1384992000000000000,-0.0204347337482019,-0.18773878695293228,0.2735177176290317,0.045241945737687604,-0.2182698854054639,-0.2182698854054639,0.856695728244387,0.00014047081807393587,0
1385078400000000000,-0.0006002100100985,-0.01640723371938361,-0.6707361203504,-0.38483996047247426,0.5835471891470534,0.5835471891470534,0.27870750808651334,0.0004386848446555592,0
1385337600000000000,0.0198011389830689,-0.09045256397705063,1.0451516495125508,0.029834055662532513,0.8401356226262613,0.8401356226262613,-0.4919434521239849,0.0005592770749207627,0
1385424000000000000,-0.0092407294568061,0.022589141456759877,0.8064517725700536,-0.11913963597943189,1.0109612027868455,1.0109612027868455,1.242021208349636,0.000852057229295946,0
1385510400000000000,-0.0003301365091241,-0.005133936258723364,0.11548054692508354,0.1097236428013447,1.2629734678580258,1.2629734678580258,0.08604476803388877,0.0007533616423174925,0
1385596800000000000,0.0057206744962599,-0.08012691706077632,0.0957584009165599,0.6157307924291512,1.0405430286108148,1.0405430286108148,2.012672168560134,0.00042825931899101465,0
1385683200000000000,0.0137351918084584,-0.1385058026787365,-0.8071437712539921,0.9407878278048915,0.413393114942216,0.413393114942216,0.856695728244387,0.00020901513525761013,0
1385942400000000000,0.0067371834257967,-0.11620166831363564,-1.1139655051411184,0.10479981611806811,0.3995060860150635,0.3995060860150635,-0.877268932229234,0.00013651529543925333,0
1386028800000000000,-0.0025765531534391,-0.16630275911566833,0.7451816684194316,-0.6158050016050532,0.6076708775355408,0.6076708775355408,1.242021208349636,7.670106923969786e-05,0
1386115200000000000,-0.0066166322500209,-0.22691783662132212,0.534674844002733,-0.5696282874914597,1.0377746423378649,1.0377746423378649,0.08604476803388877,4.2815609869867785e-05,0
1386201600000000000,0.0129254464085124,-0.2589387272805334,-0.19630948244153987,0.4404856303509012,0.2933704169534243,0.2933704169534243,0.27870750808651334,3.1441943344712525e-05,0
1386288000000000000,0.0030077303991856,-0.2344008673569186,0.287025774130294,-0.0426463620924561,0.09314645529947622,0.09314645529947622,0.6640329881917624,3.2116758488525604e-05,0
1386547200000000000,0.0164771866757003,-0.2944676431501866,-1.2093162304095915,0.4560541379819508,-0.7955040729829916,-0.7955040729829916,-0.6846061921766095,2.6008032296779592e-05,0
1386633600000000000,-0.0048909944016872,-0.20984235874417922,0.717600933030069,1.1134039936977502,-0.5025611178644345,-0.5025611178644345,-0.877268932229234,3.600343730638881e-05,0
1386720000000000000,-0.0039475866089139,-0.25595223155415747,1.5052102448618634,-1.1505331398286616,-0.1120867861417905,-0.1120867861417905,-0.2992807120713603,2.9191849199194412e-05,0
1386806400000000000,-0.0112955177366791,-0.30470406153994894,0.6135025472782107,-0.23412101172251668,-0.08826344982370901,-0.08826344982370901,0.27870750808651334,2.3061524409604647e-05,0
1386892800000000000,-0.011067813701985,-0.2768866931239857,0.6778067574698075,0.7972731521645343,0.7496712721693553,0.7496712721693553,0.27870750808651334,2.525505951293469e-05,0
1387152000000000000,-0.0022234198483338,-0.25531912540775065,0.29509716960433385,1.4214435716575327,0.8623905717458977,0.8623905717458977,-0.6846061921766095,2.720922843816689e-05,0
1387238400000000000,-0.0025460740749505,-0.3119676541208813,0.43930398237516294,0.6112619498827001,0.8065533238972918,0.8065533238972918,0.6640329881917624,2.105767225532702e-05,0
1387324800000000000,0.0126416114348326,-0.36399055278470416,1.0250501172002495,-0.8308818765270659,0.917857992519806,0.917857992519806,0.47137024813913786,1.709016228196047e-05,0
1387411200000000000,-0.0081558618075907,-0.3313935077216606,-0.22020404107074756,0.48759430804545456,1.028640193567321,1.028640193567321,1.0493584682970116,1.8662879908684182e-05,0
1387497600000000000,0.0172982310885611,-0.3399377837640613,1.397083560854501,-0.8691012206201112,0.9520994826093543,0.9520994826093543,-1.262594412334483,1.9486107319491174e-05,0
1387756800000000000,0.0016323284205711,-0.23342907530478707,-1.0412077316546402,0.09593058845827429,0.42679047055934827,0.42679047055934827,-0.877268932229234,2.9574604007445773e-05,0
1387843200000000000,-0.0025651612949664,-0.29609930723107686,0.9411907513497914,-0.7590464951194317,0.7990615562055371,0.7990615562055371,0.856695728244387,2.283026439065645e-05,0
1388016000000000000,0.0016736672613967,-0.34900840050963244,-0.5188932948361812,-0.6165241065202475,-0.7125483179411765,-0.7125483179411765,-0.10661797201873578,1.7622573473430522e-05,0
1388102400000000000,0.0055428927092751,-0.4051352354441331,-0.20154906664015765,-1.322833406445652,-0.2545429844169448,-0.2545429844169448,0.6640329881917624,1.4352019762871758e-05,0
1388361600000000000,-0.0036017313499322,-0.4433770232216864,-1.1920251731546303,-0.20051772033282889,-0.3185043318306636,-0.3185043318306636,-0.4919434521239849,1.2860933549966383e-05,0
1388448000000000000,0.0020484008470497,-0.4817510870723206,0.3112021738915244,0.22987375876181412,-0.05242724645886224,-0.05242724645886224,0.856695728244387,1.1974927303083027e-05,0
1388620800000000000,-0.0132295911317224,-0.5296376368204464,0.7209560002069475,0.8009386093664186,0.027238522300844108,0.027238522300844108,0.08604476803388877,1.1539855795248902e-05,0
1388707200000000000,-0.0016087131606754,-0.44014299762065084,0.06876453382707766,0.5556758859886171,0.42891210350553527,0.42891210350553527,0.856695728244387,1.2676388916290264e-05,0
1388966400000000000,-0.0031767086647526,-0.4878329684256785,0.860523285657122,-0.9608442269260588,0.6849222360134162,0.6849222360134162,-0.4919434521239849,1.186789020107739e-05,0
1389052800000000000,-0.0047273690038389,-0.5256511578789574,-0.1230866314560685,0.5997495668386905,0.41437455586928007,0.41437455586928007,0.27870750808651334,1.1443029025098438e-05,0
1389139200000000000,0.0020021483091771,-0.5503610932765252,0.8624664861058798,0.6644894140819748,0.6687861387200317,0.6687861387200317,1.0493584682970116,1.1341964303661173e-05,0
1389225600000000000,-0.0010127239331396,-0.5942494582190722,1.3194553890613299,0.540137412761362,0.8698813228571901,0.8698813228571901,-0.2992807120713603,1.1512640291460371e-05,0
1389312000000000000,0.0005024550880677,-0.6342970083452009,0.5041987785154188,-0.186144861904916,1.1082740636714954,1.1082740636714954,0.856695728244387,1.203714674559301e-05,0
1389571200000000000,0.016281004922037,-0.6742964099837296,1.355538124856761,-1.7357993312443216,0.85851835612196,0.85851835612196,-0.4919434521239849,1.2767891869113301e-05,0
1389657600000000000,-0.004938226534857,-0.5267196020201144,0.6806003089628785,-0.3320392992917705,0.6537410695429815,0.6537410695429815,-0.10661797201873578,1.1511976118891849e-05,0
1389744000000000000,0.0125849591878064,-0.5496508888692587,-0.8043062988737332,0.4482829364916932,0.23431555729492484,0.23431555729492484,0.27870750808651334,1.1361252429594846e-05,0
1389830400000000000,-0.0003164607110232,-0.4942497255107145,0.6293919296679574,0.17214977669779782,0.47976245965263153,0.47976245965263153,0.08604476803388877,1.1672949267311493e-05,0
1389916800000000000,-0.0091014138624697,-0.5418000845594543,0.6607289882110047,1.015492785062907,0.8192756997693836,0.8192756997693836,0.27870750808651334,1.137109151557085e-05,0
1390176000000000000,0.0067327389744132,-0.5173272168269981,1.5945815646781574,-0.8383516055573746,1.9819668001839026,1.9819668001839026,-1.0699316722818586,1.1456874028586867e-05,0
1390262400000000000,0.0015612310238598,-0.5384858959057252,0.6788298235264524,0.42998964426538044,1.9978135204713297,1.9978135204713297,0.27870750808651334,1.1360775400413304e-05,0
1390348800000000000,0.0039754873445066,-0.5837640465002009,1.305200525147559,-0.5672683316535145,2.204391094513496,2.204391094513496,-0.2992807120713603,1.1428951754825779e-05,0
1390435200000000000,0.0010563529953923,-0.6188261138907357,-0.11083670915249308,0.8618599810878778,1.786615489461432,1.786615489461432,0.6640329881917624,1.1793003627281164e-05,0
1390521600000000000,-0.012511644446641,-0.6597335043180657,0.7799399974978265,0.2213507069355622,1.372447931055991,1.372447931055991,1.242021208349636,1.2474730212649625e-05,0
1390780800000000000,-0.0211092451629749,-0.561951178654804,0.6986407575309069,0.7791599871158981,0.5644257175895075,0.5644257175895075,-1.0699316722818586,1.2196430874737943e-05,0
1390867200000000000,-0.001565816547123,-0.2902745710052608,-0.36858712472241667,-0.4190267955328024,0.48180693226674043,0.48180693226674043,-0.2992807120713603,2.097053750755208e-05,0
1390953600000000000,-0.000979871878508,-0.34697065649505565,0.12655303616705962,0.810568062580558,0.27237162652137653,0.27237162652137653,-0.10661797201873578,1.7557274803450806e-05,0
1391040000000000000,-0.0076349386484663,-0.4018581847364397,0.5912179114153668,-0.13842975985830203,0.3902085493776091,0.3902085493776091,-1.0699316722818586,1.4565286804580926e-05,0
1391126400000000000,0.0025979698303823,-0.409634428101855,0.8542816912032583,0.5939978688256001,0.6205912940109227,0.6205912940109227,0.6640329881917624,1.3900969308208013e-05,0
1391385600000000000,-0.0145065848502963,-0.4605788504416016,0.2716644291851034,0.50298382945527,1.1515109521087825,1.1515109521087825,-0.6846061921766095,1.2803014598925084e-05,0
1391472000000000000,-0.0001499499891527,-0.35860976823457946,-0.005198706321670846,-0.7147755469160477,0.9603368025160756,0.9603368025160756,1.0493584682970116,1.593344306980544e-05,0
1391558400000000000,0.0035763930477856,-0.41422537345071814,0.20994553590102152,0.6076362381329268,0.7538026234230804,0.7538026234230804,-0.2992807120713603,1.3843341203792155e-05,0
1391644800000000000,0.0023053743500808,-0.4618324362059147,-1.303982065003025,-0.22557974615898688,-0.03176681448954175,-0.03176681448954175,-0.4919434521239849,1.2393439667448522e-05,0
1391731200000000000,0.0044465366250114,-0.5103791202108774,1.4346449850021155,-1.871425201409045,0.20548438437864117,0.20548438437864117,0.27870750808651334,1.159436432584227e-05,0
1391990400000000000,-0.0016093560167322,-0.547909783034024,-0.016586360198197727,-1.7625737423851988,-0.6394933799250558,-0.6394933799250558,0.6640329881917624,1.13538901563298e-05,0
1392076800000000000,0.0015268879138819,-0.5889732889339203,0.34305135560818983,-0.24020567763907502,-0.11155669242829039,-0.11155669242829039,1.0493584682970116,1.147259912624343e-05,0
1392163200000000000,0.0035070967714394,-0.6312773659942097,-0.4041748967951901,0.9048581387515399,-0.7009682156862742,-0.7009682156862742,-0.10661797201873578,1.1969495612361149e-05,0
1392249600000000000,-0.0137195723661018,-0.6653806258992051,1.1596693097978117,1.429528876551487,-0.12132036337324101,-0.12132036337324101,-0.877268932229234,1.2545487955426574e-05,0
1392336000000000000,0.0078427216881646,-0.5423759448807804,0.5109997148131061,0.4737480271201445,0.5214979062166752,0.5214979062166752,-0.2992807120713603,1.1432305632043077e-05,0
1392681600000000000,0.0129360470308722,-0.5509996359263324,0.4141276276890941,0.7978944698230286,1.3084649607475205,1.3084649607475205,1.0493584682970116,1.1358477600368695e-05,0
1392768000000000000,0.0041775655962216,-0.4896243889009018,0.4631309301773778,0.8092605852165333,1.2931211994863163,1.2931211994863163,0.47137024813913786,1.173464165504072e-05,0
1392854400000000000,-0.0100129556630914,-0.5298886937141335,0.36553560564535437,0.7187479810822344,0.9910397356353621,0.9910397356353621,-0.2992807120713603,1.1442176784123646e-05,0
1392940800000000000,0.0104517193024489,-0.4938080351351534,0.43161305922818943,-0.8214075182194911,0.8477325296174961,0.8477325296174961,-0.2992807120713603,1.1733400763842393e-05,0
1393200000000000000,0.0049669554681356,-0.4766515480588258,-0.9456572145097465,-2.283682828742987,-0.15717709053082182,-0.15717709053082182,-1.4552571523871076,1.1954569406578394e-05,0
1393286400000000000,0.002252469579198,-0.5135310299173089,1.0524492783979238,-0.08701692598616728,0.06300479797915741,0.06300479797915741,-0.4919434521239849,1.1531232285653034e-05,0
1393372800000000000,0.006230499856538,-0.5591183287297409,0.41992449623518885,0.5612137764104895,0.059258170162806316,0.059258170162806316,0.47137024813913786,1.1338020072162633e-05,0
1393545600000000000,0.006096399941408,-0.581161588013321,0.9735363011395324,-0.07124115240899595,0.732641247411874,0.732641247411874,-0.6846061921766095,1.1392657448085722e-05,0
1393804800000000000,-0.0088811948832916,-0.6025628680995428,1.0415831161213827,0.39924623018794503,0.4567428141421188,0.4567428141421188,-0.6846061921766095,1.1528869757684298e-05,0
1393891200000000000,0.012221184683582,-0.5740438891961043,0.19958309889694553,0.08105045293478848,0.2798575532961296,0.2798575532961296,-0.6846061921766095,1.1371290082134962e-05,0
1393977600000000000,0.0048627132066446,-0.5211758470430705,-0.08104320535944104,0.40991217416654985,-0.05817518143516156,-0.05817518143516156,0.47137024813913786,1.1431870127595614e-05,0
1394064000000000000,0.0113907186299378,-0.5556275599334469,0.3571976706199031,2.284452705814735,-0.10317486751757758,-0.10317486751757758,-0.877268932229234,1.1372997657453663e-05,0
1394150400000000000,0.0194161333744402,-0.518071239704881,0.052618654948534405,0.8805430006442171,0.5141191909637441,0.5141191909637441,-0.877268932229234,1.1938633912346892e-05,0
1394409600000000000,0.0016228078999031,-0.33419379062232984,-0.247747239376899,,0.019495853078814903,0.019495853078814903,-1.6479198924397322,1.7320472089850793e-05,0
1394496000000000000,-0.0038853304216658,-0.3912191252347121,0.7835989519441474,1.9040624841605833,0.15617363823460026,0.15617363823460026,-1.4552571523871076,1.4873561034057487e-05,0
1394582400000000000,0.0007675304433891,-0.43141814717459614,-1.2503915632797196,1.3897399170033313,-0.2614905632183244,-0.2614905632183244,-0.4919434521239849,1.320643731822372e-05,0
1394668800000000000,-0.0036586981147299,-0.4834073551254009,0.09044196391374996,-0.4008150116837435,-0.35612511557663434,-0.35612511557663434,-1.0699316722818586,1.197686308590395e-05,0
1394755200000000000,0.0017080624598547,-0.5187020649558526,-0.2850614362828498,0.4562068340904426,-0.28052596757807585,-0.28052596757807585,-0.4919434521239849,1.1496939459225878e-05,0
1395100800000000000,0.0019122731206803,-0.5649597748081032,-0.8823517624920768,-1.5763724337249123,0.43800582015330136,0.43800582015330136,-0.877268932229234,1.1363299791051073e-05,0
1395187200000000000,0.0011348935723144,-0.6081340505320427,0.34926941480743046,0.943614852816406,0.6413329197195812,0.6413329197195812,0.27870750808651334,1.1653347029258242e-05,0
1395273600000000000,-0.0062965127072204,-0.6496429099767651,0.6964195057041617,0.5292895049627294,0.4436122250011953,0.4436122250011953,0.08604476803388877,1.2278014442271575e-05,0
1395360000000000000,0.0015566994394178,-0.6488374430103474,1.4990238197093873,-0.29715026280205736,1.1050437708585752,1.1050437708585752,0.856695728244387,1.2384156761293669e-05,0
1395619200000000000,0.0138110132801641,-0.6874636002973585,0.3117315746735113,-0.4831814081595933,0.9055224544619634,0.9055224544619634,-0.4919434521239849,1.3156282965317392e-05,0
1395705600000000000,0.0009488927134847,-0.5885752301099043,0.022328547299411344,0.20556922769909858,0.689450732298816,0.689450732298816,0.27870750808651334,1.1620726830825305e-05,0
1395792000000000000,0.0017663214289679,-0.6313435665271364,1.3888374834564041,-0.5123367530260668,0.654131831880137,0.654131831880137,0.47137024813913786,1.2007694035262182e-05,0
1395878400000000000,0.0060937500241843,-0.6707325117566849,1.418286575882511,0.313863933692044,0.6784296769519627,0.6784296769519627,-0.4919434521239849,1.2837014123404533e-05,0
1395964800000000000,0.0081199012211458,-0.6849056075661433,-0.5415223688508431,0.8107061128526307,0.8441843049247998,0.8441843049247998,-0.10661797201873578,1.3274068692798764e-05,0
1396224000000000000,0.001238840601162,-0.6767669429736982,-1.758861125310129,,-0.6278899688389454,-0.6278899688389454,-1.6479198924397322,1.3216979612130782e-05,0
1396310400000000000,0.0025101384662722,-0.7140153915252494,1.101690503308808,-0.5541605742574242,-0.7293710193977258,-0.7293710193977258,1.627346688454885,1.4538518290072944e-05,0
1396396800000000000,0.0046758191284211,-0.746444678452464,1.0178459460694274,0.17542106067517307,-0.22953432363662002,-0.22953432363662002,0.08604476803388877,1.6224968533766404e-05,0
1396483200000000000,-0.0024390454649215,-0.765715492380385,0.9611772200377784,0.24741842360225594,0.505899102923192,0.505899102923192,1.627346688454885,1.7639660926873704e-05,0
1396569600000000000,-0.0062172352939061,-0.7882859236845522,-0.7665872015090934,0.5404156501918069,0.18887768714550987,0.18887768714550987,1.8200094285075097,1.9210005027362824e-05,0
1396828800000000000,0.0001045165633993,-0.7740970933216396,1.0928141411125558,1.7665652593484993,0.5647833549986254,0.5647833549986254,-1.0699316722818586,1.8595709378155098e-05,0
1397001600000000000,0.0149952429886004,-0.8050462811017933,0.34795327134878273,0.4778327761440054,0.773036188501747,0.773036188501747,-1.4552571523871076,1.9917790744223507e-05,0
1397088000000000000,2.9384669574600685e-05,-0.6576443375761978,0.3115750210094947,0.47509111112332797,0.4732921452182372,0.4732921452182372,-0.4919434521239849,1.328886333448313e-05,0
1397174400000000000,-0.0029618444059262,-0.695844375525293,1.387281553573911,-0.8331203294817959,1.176356757539222,1.176356757539222,-0.4919434521239849,1.3772264756561451e-05,0
1397520000000000000,-0.0063955252775563,-0.7203876340412566,-0.21115787776240794,1.623245467618658,0.27526645684531853,0.27526645684531853,-0.2992807120713603,1.464146945417739e-05,0
1397606400000000000,-0.0086215583395539,-0.7113116593720854,1.5468970090903083,-1.655652894971393,0.3264292649608593,0.3264292649608593,-0.877268932229234,1.4256288367848233e-05,0
1397692800000000000,0.0154744702186573,-0.6730367401417635,0.7429298872367445,-0.0015608809246334956,0.578270454917558,0.578270454917558,-0.4919434521239849,1.2931634032828728e-05,0
1398038400000000000,0.0056262353154806,-0.5430783421765188,0.5023680986789233,-0.9745360278178036,0.37779150136050166,0.37779150136050166,-0.4919434521239849,1.1463568609962617e-05,0
1398124800000000000,-0.0003373879130515,-0.5709601632201343,0.7547611050262089,-0.8926436085798041,0.381583855450381,0.381583855450381,0.47137024813913786,1.1379137582395018e-05,0
1398211200000000000,0.0037272198497921,-0.6139114995349959,0.41760278244370536,-0.02244456384892589,0.31715364417867203,0.31715364417867203,0.27870750808651334,1.1712902615196641e-05,0
1398384000000000000,-0.0085220308717785,-0.6481630057201424,-0.9129420629155762,-0.5229158458813072,0.6016060933340254,0.6016060933340254,-1.262594412334483,1.2247232961738658e-05,0
1398729600000000000,-0.0068267248394148,-0.6480251299343085,1.7596139459790008,-0.5993944287456279,0.9110013746108823,0.9110013746108823,-0.877268932229234,1.228626122043375e-05,0
1398816000000000000,-0.0028110053879877,-0.6412863357468529,2.3625686391276983,-1.7741967782096422,1.3217647976345315,1.3217647976345315,-0.877268932229234,1.2231685202777933e-05,0
1398988800000000000,-0.0002389774925132,-0.6706528451115399,0.14831342748174567,-0.1461111844342154,1.0209793731688206,1.0209793731688206,0.47137024813913786,1.2944121689622929e-05,0
1399248000000000000,0.0006794448586849,-0.7076675146211477,-1.154176755510913,2.532156363056056,-1.1721414966341672,-1.1721414966341672,-1.262594412334483,1.4264681036504395e-05,0
1399334400000000000,0.0023779546485698,-0.7432004880345371,0.6410255821118857,0.47026735710843287,-0.5905185752817416,-0.5905185752817416,0.6640329881917624,1.604515420330138e-05,0
1399420800000000000,-0.00938826553698,-0.7741145812119967,0.7013422573908179,0.34481222287505076,-0.41325185749767934,-0.41325185749767934,0.856695728244387,1.7727460314166926e-05,0
1399507200000000000,0.0010967659857117,-0.7146676947273504,1.1613325332862992,1.075154958124848,-0.32963776813840107,-0.32963776813840107,-0.10661797201873578,1.5746530335638135e-05,0
1399593600000000000,0.0294354944067975,-0.749660521561652,0.4739682648552363,0.5534333074521646,0.5953924001438269,0.5953924001438269,-0.10661797201873578,2.3477323063679486e-05,0
1399852800000000000,0.022411323236137,-0.21493336662559082,1.2754167545864037,-0.05763996956989688,1.9082480135386306,1.9082480135386306,-0.877268932229234,8.160857112461893e-05,0
1399939200000000000,0.0133826255563677,-0.02816036179226978,-1.3191333938995968,1.4383127197319703,1.1131645934577252,1.1131645934577252,0.08604476803388877,0.0002795573192011289,0
1400025600000000000,0.0,-0.021941152124097932,0.4780006611090217,0.5470884413179894,1.1144571294161685,1.1144571294161685,1.0493584682970116,0.00032603169173630193,0
1400112000000000000,0.0020236099686651,-0.09633273131640346,-0.016646585227616372,1.8666466113141007,1.0025547318103896,1.0025547318103896,-1.262594412334483,0.00020198338911736673,0
1400198400000000000,0.0111475762996884,-0.16610474683851878,3.165650907218436,-3.7643765526694395,1.1594739196851909,1.1594739196851909,-1.262594412334483,0.00010044325589099419,0
1400457600000000000,0.0083710572442195,-0.1731888933338328,1.0287341897563487,-0.4900417091804131,0.8607764779904985,0.8607764779904985,-1.4552571523871076,6.577858807721126e-05,0
1400544000000000000,0.0016438760667509,-0.20708625952318688,1.3331727892680076,0.41600658299008886,1.2934447896181536,1.2934447896181536,-0.4919434521239849,4.4289590707877736e-05,0
1400630400000000000,-0.0031111637947278,-0.27120800111321397,1.0579578427763858,0.32603490293986864,0.6178492122749147,0.6178492122749147,0.47137024813913786,2.8011623012997623e-05,0
1400716800000000000,0.0032348455614986,-0.3232665088901327,0.2669060210870697,-0.9461237568196251,0.011053693434002912,0.011053693434002912,-1.262594412334483,2.015318238765438e-05,0
1400803200000000000,0.0123879339257308,-0.37751161579995995,0.426508994239967,-0.8307409760873692,1.3293562972341213,1.3293562972341213,-0.2992807120713603,1.614581339659737e-05,0
1401062400000000000,-0.0010933331283551,-0.3469571267642573,2.4618256776695473,-2.3256404224204994,1.721558858403757,1.721558858403757,-1.262594412334483,1.69999324628235e-05,0
1401148800000000000,-0.0055937551853276,-0.4015873334653457,-1.0288341740918592,0.7740714650556181,1.306224975108712,1.306224975108712,-1.0699316722818586,1.4457039466322575e-05,0
1401235200000000000,0.0015906858612653,-0.4288142424773986,0.95025606076894,0.24326191459718402,1.4741057769972632,1.4741057769972632,1.0493584682970116,1.3261669998969012e-05,0
1401321600000000000,-0.0129075688563909,-0.480469497380581,0.8886582870603171,0.8513315157789695,1.6614393839230293,1.6614393839230293,-0.10661797201873578,1.2227601890219097e-05,0
1401408000000000000,-0.0007880360700878,-0.40438139153266683,-0.4443386761504328,-0.8531235123104147,0.9172366187341718,0.9172366187341718,0.27870750808651334,1.3888538216581463e-05,0
1401667200000000000,0.0181674014459035,-0.4563467275911334,0.3097400487491608,-0.1860721747416645,-0.1346722567832624,-0.1346722567832624,-1.0699316722818586,1.318400583582533e-05,0
1401753600000000000,0.0072200657126577,-0.31219947350403476,0.04538007082704581,-0.07680587427156378,-0.4049749127859328,-0.4049749127859328,-0.4919434521239849,1.929549859679287e-05,0
1401840000000000000,-0.0018356066412509,-0.3451031917296767,0.158959743521969,1.1228800463856883,-0.21159488462858966,-0.21159488462858966,-0.4919434521239849,1.7504374060762485e-05,0
1401926400000000000,0.0096597157069769,-0.3977520117639691,-1.661916461487011,0.3657453767673266,-0.7746651470898038,-0.7746651470898038,-0.6846061921766095,1.4797732725482132e-05,0
1402012800000000000,0.0145179112652755,-0.40004228570241035,2.4835988030005343,-1.8605870471996653,0.4390565376638304,0.4390565376638304,-0.2992807120713603,1.476231894706706e-05,0
1402272000000000000,0.0093451520517447,-0.3336418139752307,0.24746109395068333,1.810021694730932,-0.3621645333694996,-0.3621645333694996,-1.262594412334483,1.7975006214585707e-05,0
1402358400000000000,0.000235099561856,-0.34523692374232834,1.5524533726180179,-1.5620959661699274,0.6681629277315551,0.6681629277315551,-0.2992807120713603,1.7304700639748183e-05,0
1402444800000000000,-0.0038669578145882,-0.40195838344176255,0.30697031617832493,-1.0948134062788781,-0.029529067381437384,-0.029529067381437384,-0.2992807120713603,1.4439903986290444e-05,0
1402531200000000000,0.0030176342715146,-0.441543395928616,0.09432490994170988,1.0301012333250532,-0.14179754678854486,-0.14179754678854486,-1.262594412334483,1.2925418544951754e-05,0
1402617600000000000,-0.0141918923130048,-0.4894183055435635,-0.4895619292711453,0.050624971036055476,0.5595421175619057,0.5595421175619057,-0.6846061921766095,1.2121994136892293e-05,0
1402876800000000000,-0.0011343184460937,-0.38859146859071453,-0.1046997531929745,0.8540814658462221,0.8654215071852159,0.8654215071852159,-1.262594412334483,1.4452658288242766e-05,0
1402963200000000000,0.012944298456771,-0.44069629043864533,0.3106750056258967,0.6425874604828048,0.9347699195645661,0.9347699195645661,0.6640329881917624,1.3166474103068989e-05,0
1403049600000000000,-0.00967755834425,-0.39412788549619315,-0.39101256476533447,0.2554810557222634,0.9663587291181699,0.9663587291181699,0.27870750808651334,1.4540658209752932e-05,0
1403136000000000000,-0.0023180506372521,-0.3783202901858319,1.3681573286180446,-1.6231952562181304,0.5239605074146721,0.5239605074146721,-0.877268932229234,1.5142824218352184e-05,0
1403222400000000000,-0.0038864927679996,-0.427211243238857,-0.2593806880287458,0.9049687367945803,0.3069875767104291,0.3069875767104291,-0.4919434521239849,1.337547346266034e-05,0
1403481600000000000,-0.0024125754534784,-0.46495785313560434,0.06132783844663776,0.5658313921579698,-0.2915240721731347,-0.2915240721731347,-0.877268932229234,1.2301019380679038e-05,0
1403568000000000000,0.0115236367100271,-0.5080565644004311,0.6634676573849578,1.7246168928054824,-0.5174038424852145,-0.5174038424852145,-0.6846061921766095,1.165904634542191e-05,0
1403654400000000000,-0.0014456230527611,-0.474406411574744,0.9645904410766387,0.553051599430363,-0.12507466725100763,-0.12507466725100763,0.08604476803388877,1.1982461847763966e-05,0
1403740800000000000,-0.0100980185737845,-0.520535906414136,0.8286460058194045,0.30823231899064063,-0.042648632498331444,-0.042648632498331444,-0.6846061921766095,1.1522513051605758e-05,0
1403827200000000000,0.0020796713768032,-0.4843534215485893,-0.2214873961956932,0.24876634814219498,0.7470237231812472,0.7470237231812472,1.0493584682970116,1.1820368438725494e-05,0
1404086400000000000,0.0135649270841934,-0.5320279480327287,1.5972063676646417,-1.0371820842639243,1.1155839348166114,1.1155839348166114,-1.262594412334483,1.1475371176606626e-05,0
1404172800000000000,0.0030631036189189,-0.4627592975105122,-0.023750851512213438,0.707688514599181,0.8423584084485379,0.8423584084485379,-0.2992807120713603,1.2175768552984848e-05,0
1404259200000000000,0.0117775566796989,-0.5092067630083519,-0.0443290193145959,0.5129106629595762,0.8991443883093476,0.8991443883093476,-0.10661797201873578,1.1641885729200098e-05,0
1404345600000000000,-0.0013406907927755,-0.4716772115358379,0.028243821654592917,0.4004940422517725,0.293187712931034,0.293187712931034,-0.2992807120713603,1.2023523064331648e-05,0
1404432000000000000,0.0047587496312579,-0.5182870528247998,0.45779295289257166,0.5854751230027764,0.6568303509850911,0.6568303509850911,-0.2992807120713603,1.150604706050106e-05,0
1404691200000000000,0.0045756404744881,-0.5535482418802764,-1.7109191990782517,0.5096094606225706,0.10362985868459672,0.10362985868459672,-0.877268932229234,1.1392795274562908e-05,0
1404777600000000000,-0.0212786720700075,-0.5874518259231354,0.7505483139800694,-0.16180344209730596,0.3351558473320118,0.3351558473320118,-0.6846061921766095,1.2104162040493377e-05,0
1404864000000000000,-0.0050236418721478,-0.30433986683261327,-0.45937784637534235,2.2799977658199184,0.041167815532041505,0.041167815532041505,-1.0699316722818586,1.9797845856774563e-05,0
1404950400000000000,-0.0022768154231857,-0.3430600945187929,-0.8855596949994167,1.8367038602834558,-1.0247812349377063,-1.0247812349377063,-0.2992807120713603,1.7765840850030104e-05,0
1405036800000000000,-0.0143939908108035,-0.39426112441092226,-0.4372333073925028,0.12011257048161457,-0.8681945751190694,-0.8681945751190694,0.08604476803388877,1.549571333597976e-05,0
1405296000000000000,-0.0007308953891714,-0.3049730575118289,-1.033666450726898,0.6882253654193831,-1.6626626662358124,-1.6626626662358124,-1.0699316722818586,2.0066910354024237e-05,0
1405382400000000000,0.0096791315499086,-0.3627707172924652,0.1326236274436104,0.2435409933384545,-1.3362962890948171,-1.3362962890948171,0.08604476803388877,1.6787198393079522e-05,0
1405468800000000000,0.0129035753371523,-0.36812010062335543,0.3590031795377185,-0.1420489676829843,-1.0810722917469027,-1.0810722917469027,0.6640329881917624,1.6346921987568204e-05,0
1405555200000000000,0.0021029094659831,-0.3312203770478863,-0.3780150180674393,0.9879225993960835,-0.9664952763173366,-0.9664952763173366,-0.4919434521239849,1.8054545769901183e-05,0
1405641600000000000,0.0030644522939827,-0.38773794426643166,0.13720122605777918,0.2802567556078164,-0.2400401395845778,-0.2400401395845778,-0.4919434521239849,1.5069133190366497e-05,0
1405900800000000000,0.0026453182709969,-0.438690163611607,0.07810386252537346,0.14411864308736905,-0.488786703985516,-0.488786703985516,-0.4919434521239849,1.3036139090511654e-05,0
1405987200000000000,0.0108271352893742,-0.4877971744834673,0.5437391644815877,1.9920098316058847,-0.19332952398449682,-0.19332952398449682,-0.6846061921766095,1.1958007888017259e-05,0
1406073600000000000,0.0035852800193615,-0.4662980973266514,0.8541302362668324,0.5661417967871067,0.03647341873881696,0.03647341873881696,0.27870750808651334,1.2147562062458852e-05,0
1406160000000000000,0.0044604344864124,-0.5106539987172232,-0.09310093712606934,0.37798191448224905,0.1763442677742994,0.1763442677742994,0.08604476803388877,1.1570762675405736e-05,0
1406246400000000000,-0.0051404982383654,-0.5480922248168262,-1.015132529956518,1.105851028040199,0.1287686361988415,0.1287686361988415,-0.2992807120713603,1.1340681342438057e-05,0
1406505600000000000,-0.0053735370867808,-0.567627634126899,1.9392515848911387,-0.6398858078449051,0.8122517931631432,0.8122517931631432,-1.262594412334483,1.1336243185180478e-05,0
1406678400000000000,0.0054954362228235,-0.5834988682706003,2.0159784136092145,-2.0503091850172392,1.025201381466035,1.025201381466035,-1.0699316722818586,1.141037291528549e-05,0
1406764800000000000,-0.0090378304410446,-0.6093205555812854,1.230838848085841,-0.5978007317587547,0.8230295807432327,0.8230295807432327,-1.0699316722818586,1.1606092385769706e-05,0
1406851200000000000,-0.0154924114512466,-0.5777432434865192,0.430630634322155,-0.8326811197101759,1.0227804928113167,1.0227804928113167,-0.6846061921766095,1.1514305852315381e-05,0
1407110400000000000,0.0106043750702756,-0.4347309951001416,-0.34173256237133876,0.7080905718775431,0.13838760815429868,0.13838760815429868,-0.4919434521239849,1.2943683966529196e-05,0
1407196800000000000,0.0081528757822249,-0.4219328250537392,-0.6338983553189672,-0.583985078266073,-0.4593313997891962,-0.4593313997891962,0.08604476803388877,1.339094749906592e-05,0
1407283200000000000,-0.0096637284407389,-0.4379449738742815,0.5129216250656733,-0.0534775210599338,-0.4329540157481144,-0.4329540157481144,0.47137024813913786,1.3041844976990822e-05,0
1407369600000000000,-0.0029762254910542,-0.41754457224710645,1.9410699046065383,-1.7266376785841986,0.11584616170465749,0.11584616170465749,-0.2992807120713603,1.3481328225817782e-05,0
1407456000000000000,-0.0106061260948779,-0.46102622520677583,0.48953245839963627,-0.7670902491058135,0.6416784584838386,0.6416784584838386,-0.4919434521239849,1.2523248412271181e-05,0
1407715200000000000,0.0075554527865405,-0.42465638434548614,0.5904760862632779,0.6339087457106353,1.3860975933499031,1.3860975933499031,-1.4552571523871076,1.3261401227297262e-05,0
1407801600000000000,0.0131702039624014,-0.4460331652162641,0.9245887583085542,0.9474744580039821,1.0602768282312898,1.0602768282312898,-0.10661797201873578,1.2905019256804085e-05,0
1407888000000000000,0.001616386670279,-0.39524180528366454,-0.6900367300734505,0.557036109583019,0.6821801592489253,0.6821801592489253,-0.4919434521239849,1.4235620177277712e-05,0
1407974400000000000,0.0067155684981506,-0.4487977945936401,2.726715086212148,-3.276842549536112,1.2135905211189197,1.2135905211189197,-0.877268932229234,1.2740917213855499e-05,0
1408320000000000000,0.0105388524419296,-0.47544767568951257,0.537355720067975,-0.9499151203641164,2.8056815435442153,2.8056815435442153,-0.6846061921766095,1.2124314642458768e-05,0
1408406400000000000,0.0029483116130798,-0.4591450906792215,0.15844151426070313,1.0600294851533236,1.9824524425473673,1.9824524425473673,-0.10661797201873578,1.2298422835778035e-05,0
1408492800000000000,-0.0028149992705591,-0.5061718080824598,0.5328007633993154,0.6391586808883851,1.5887109168833458,1.5887109168833458,0.47137024813913786,1.1624748596038344e-05,0
1408579200000000000,0.0020043000756105,-0.5446982064703224,1.6724965421055475,-0.9589895771751539,1.5003237726031784,1.5003237726031784,1.627346688454885,1.1361757756406711e-05,0
1408665600000000000,0.0027967213545059,-0.5889225459638194,0.36590768010191704,0.3968814763695823,1.0580922194491245,1.0580922194491245,0.08604476803388877,1.1471395541653712e-05,0
1408924800000000000,-0.0008723905385931,-0.6284449192757348,0.6584089494063097,0.07319893025417361,0.9464492619240167,0.9464492619240167,-0.4919434521239849,1.19507058614739e-05,0
1409011200000000000,-0.0001960407071773,-0.6667391447942517,1.05748294280025,-0.4858816612556574,0.7493140743075987,0.7493140743075987,0.856695728244387,1.2808430659508802e-05,0
1409097600000000000,0.0039518011472649,-0.7040662323894871,1.3161933808363933,-0.4112235442071708,1.053916688160525,1.053916688160525,0.27870750808651334,1.4063741540783904e-05,0
1409184000000000000,0.0023033153566769,-0.7309861631917227,0.3883106360102342,1.6638636370565953,0.8187426074198951,0.8187426074198951,-1.0699316722818586,1.5383317379722728e-05,0
1409529600000000000,0.0091791242460611,-0.7629121527800652,1.9555874604917418,-0.8043607793218388,1.3499531625632593,1.3499531625632593,-0.10661797201873578,1.6968039336124582e-05,0
1409616000000000000,0.0068711670335596,-0.7319010911656862,-0.19169895361542538,0.6605256477943972,0.8666164711579103,0.8666164711579103,0.47137024813913786,1.559009453217864e-05,0
1409702400000000000,0.0038956679592612,-0.733146832545789,0.7996654305762091,0.3935271828004742,0.9984712865559379,0.9984712865559379,-0.4919434521239849,1.565486159860785e-05,0
1409788800000000000,-0.0023009595892866,-0.7583002018307048,0.6279802068380619,-0.6769570769703149,1.3635740646701726,1.3635740646701726,0.27870750808651334,1.712299320864814e-05,0
1409875200000000000,-0.0011246630312066,-0.7821945677395427,0.9383592327410941,0.4651333401340433,1.3346815669673895,1.3346815669673895,-0.4919434521239849,1.8994709694261096e-05,0
1410134400000000000,0.0107068414772985,-0.8097288090148698,-2.4237173270922647,-1.8560909228806466,0.18586929485937648,0.18586929485937648,-1.4552571523871076,2.0847506582736777e-05,0
1410220800000000000,-0.0025662903013833,-0.7478354025113997,1.1475252433727348,0.781788309872336,0.35240318674100796,0.35240318674100796,-0.2992807120713603,1.699863634901624e-05,0
1410307200000000000,-0.0072444356329281,-0.7709754253418529,1.4486022910010963,-0.5124052930639584,0.515955441737776,0.515955441737776,0.27870750808651334,1.77450931919933e-05,0
1410393600000000000,-0.0010383197500981,-0.7452200754841801,0.7298434447154029,0.646357815341971,0.7043878513683529,0.7043878513683529,-0.10661797201873578,1.6599269602865553e-05,0
1410480000000000000,0.0024457500763813,-0.7755269207748211,1.6092935468653318,-0.3023729246554014,0.8159402288537213,0.8159402288537213,-0.10661797201873578,1.8425058312544223e-05,0
1410739200000000000,-0.0078650351244085,-0.8040866729562186,0.5360391352363955,0.6957516352529429,1.2048910727274476,1.2048910727274476,0.08604476803388877,2.0342576203147983e-05,0
1410825600000000000,-0.0136591521166137,-0.765045804833044,0.4570764004218919,0.8482950059435559,1.1174588882796297,1.1174588882796297,0.08604476803388877,1.72724750793062e-05,0
1410912000000000000,0.0053556862718972,-0.6229430481535785,0.9148991918811259,-0.26065566003947077,0.8948791573529975,0.8948791573529975,-0.10661797201873578,1.2316288946806044e-05,0
1410998400000000000,0.0173090507143806,-0.6468118658286255,1.2177745549850016,-0.6022506870752906,1.3368629914930925,1.3368629914930925,-0.4919434521239849,1.224185343612928e-05,0
1411084800000000000,0.0008253403644006,-0.48228774924954615,-0.007904494192512877,-0.16941963722657002,1.0102944262145517,1.0102944262145517,0.27870750808651334,1.1905871965210769e-05,0
1411344000000000000,0.0030550787543243,-0.5313385435402618,1.0692968800465124,0.03228745875411659,1.3609550259827385,1.3609550259827385,-1.262594412334483,1.1430720972862116e-05,0
1411430400000000000,-0.0159309479003991,-0.573602171283146,-0.10666170623989038,0.37591128305854443,0.9364229650047708,0.9364229650047708,-0.10661797201873578,1.1504359856282444e-05,0
1411516800000000000,-0.0018913800776086,-0.42202606944935017,-0.1935864405460389,0.7017199464669174,0.8769048578072528,0.8769048578072528,-0.6846061921766095,1.3189713015311183e-05,0
1411603200000000000,-0.0113798365457159,-0.46985736936419975,0.40879159510587115,0.09484845950145558,0.6039180469451462,0.6039180469451462,-0.6846061921766095,1.234454000268128e-05,0
1411689600000000000,0.0071785556145695,-0.42059102647719476,0.4660242580567738,0.5335810235934743,0.5378150381459156,0.5378150381459156,-0.4919434521239849,1.3342615583719909e-05,0
1411948800000000000,-0.001249416472118,-0.44558586864481126,1.4654407586013065,-1.0919786416286699,0.3048889542547894,0.3048889542547894,-1.0699316722818586,1.2703516645418303e-05,0
1412035200000000000,0.0007410215869771,-0.49402031844462646,0.8687642480214637,-1.5188647713283618,0.4523276374536047,0.4523276374536047,-0.2992807120713603,1.1787477278640598e-05,0
1412121600000000000,-0.0024198097296141,-0.5423936207714077,0.374679236696121,-0.05419649028820914,0.42304809315718805,0.42304809315718805,-1.262594412334483,1.1373675683322076e-05,0
1412640000000000000,-0.0117927938243055,-0.5804821712280681,-0.308517966542358,3.1925135187789895,-0.09329442000345624,-0.09329442000345624,-1.4552571523871076,1.1392651479603439e-05,0
1412726400000000000,-0.0012360173819577,-0.5087911860010405,0.46034797184245246,0.10999739624173156,0.39565628505323325,0.39565628505323325,-1.4552571523871076,1.1532187885377103e-05,0
1412812800000000000,0.0149148806783457,-0.5534568501101678,1.3237822979250333,-1.1032002409642672,1.027998474933779,1.027998474933779,-1.262594412334483,1.1430491142022821e-05,0
1412899200000000000,-0.0127177984648417,-0.4564897239627195,0.9516794791823638,-0.13571364823384455,1.2935721288466682,1.2935721288466682,0.08604476803388877,1.2543272016448022e-05,0
1413158400000000000,0.0030868286329098,-0.38719645454885476,0.9344000905722554,-1.009682914661656,2.7953529589059722,2.7953529589059722,-0.877268932229234,1.4536634408317393e-05,0
1413244800000000000,-0.0025717157348472,-0.4381124986605526,1.016600166121176,0.4426204169055991,2.6968894334587827,2.6968894334587827,-0.6846061921766095,1.303420730215585e-05,0
1413417600000000000,-0.01483479931274,-0.4822023046040251,-1.1301785770045643,-2.0548330763000555,1.3323271867832642,1.3323271867832642,-0.877268932229234,1.2304594717830773e-05,0
1413504000000000000,0.0040572186087942,-0.37030036168363045,0.2647485222781765,1.2446805762677116,0.49609068038810017,0.49609068038810017,-0.877268932229234,1.5322907882384743e-05,0
1413763200000000000,0.0127339443040601,-0.41867237572619376,-0.01582519128840962,,-0.41341052231665654,-0.41341052231665654,-1.6479198924397322,1.3909076509947603e-05,0
1413849600000000000,0.006117516281268,-0.3780963086924999,-0.6999831672439966,0.9568822387324688,-0.7750118495650478,-0.7750118495650478,0.27870750808651334,1.5135781903653205e-05,0
1413936000000000000,0.0085596353672847,-0.41441409382336575,-0.27252505352319695,0.5553170996907452,-0.5001013622971855,-0.5001013622971855,0.27870750808651334,1.3843124779878808e-05,0
1414368000000000000,-0.0005253705499506,-0.4270289757581042,0.9035048198230021,-0.992660481839382,0.343365383853437,0.343365383853437,-1.262594412334483,1.3238561254983711e-05,0
1414454400000000000,0.0044820887038708,-0.47817194165948496,0.019844715181479986,-0.29216832562719397,0.24956001533866518,0.24956001533866518,-0.4919434521239849,1.2057672913337902e-05,0
1414540800000000000,0.0077987616445356,-0.5176480109953926,0.5527412918706974,0.6168211680838587,0.3123412599222967,0.3123412599222967,0.47137024813913786,1.1517096242731478e-05,0
1414627200000000000,0.0096866308772769,-0.5289046201444418,-0.10235467705304821,-0.07114028419927769,0.8922362510626723,0.8922362510626723,-0.4919434521239849,1.1438634465400714e-05,0
1414713600000000000,0.0185556576560087,-0.5178169678566044,-0.34412649511884175,1.501872541111498,0.34092303226880716,0.34092303226880716,-0.6846061921766095,1.1848770297637234e-05,0
1414972800000000000,0.0002343090530689,-0.353145898457968,0.17566403891275165,-0.5906812253251393,1.0044142329120043,1.0044142329120043,-1.0699316722818586,1.613015633188166e-05,0
1415145600000000000,0.0016983597607461,-0.40941968279597096,0.8061134687768793,-1.4173435120769327,1.1997410576095056,1.1997410576095056,-0.877268932229234,1.4018532625440094e-05,0
1415318400000000000,-0.0001558958106129,-0.46206221697327426,-1.0050540902667593,0.7096471990811271,-0.25344519821650385,-0.25344519821650385,-0.877268932229234,1.2403366654850757e-05,0
1415577600000000000,0.0008692394702429,-0.5117195544018319,-0.6944265143230308,0.7727120107261796,-0.27479318846928463,-0.27479318846928463,-1.262594412334483,1.1584277434899655e-05,0
1415664000000000000,0.0022027303251594,-0.559049673176702,0.19652896289759395,-0.4636391959759245,-0.1610972200912451,-0.1610972200912451,-0.4919434521239849,1.1357999012504293e-05,0
1415750400000000000,0.0024661992049072,-0.602004499474447,-0.07144987889219631,-0.5425676446519891,0.13815834365026552,0.13815834365026552,-0.10661797201873578,1.1586976649992174e-05,0
1415836800000000000,-0.0030404381788521,-0.6416812240681697,0.6116359483803772,-0.2561266563810872,0.48072356729377796,0.48072356729377796,-0.10661797201873578,1.2172677555540065e-05,0
1415923200000000000,0.0038274777659741,-0.6696618507251153,1.5495207755629017,-0.566921923676065,0.521129342213873,0.521129342213873,-0.10661797201873578,1.2880633468118501e-05,0
1416182400000000000,0.004857088011971,-0.6996460006260357,1.2849472456896494,-0.35662930553656236,1.8604587666193126,1.8604587666193126,-0.4919434521239849,1.388066020084916e-05,0
1416268800000000000,-0.000575394208982,-0.7212454600137548,0.3644272243255522,0.578832254736622,1.7812189933004605,1.7812189933004605,-0.4919434521239849,1.492250694976503e-05,0
1416355200000000000,-0.0051880252764123,-0.7543957893032688,0.6849806377235879,-1.0475222088542415,1.5041010849039778,1.5041010849039778,0.08604476803388877,1.661238239412927e-05,0
1416441600000000000,0.0023356006982236,-0.7554809031265839,1.155232333098391,0.34049472445112716,1.665201863072571,1.665201863072571,0.08604476803388877,1.7050864828962032e-05,0
1416528000000000000,0.0089399376461338,-0.7857084429139408,0.7352116092292358,0.11436669954493056,1.3651024351899754,1.3651024351899754,-0.2992807120713603,1.8770445752738802e-05,0
1416787200000000000,0.0062091372497189,-0.7552849218218481,0.789161476117287,-0.4471346372827176,1.452664401267775,1.452664401267775,-0.4919434521239849,1.708975646490657e-05,0
1416873600000000000,-0.0078915015338096,-0.7610418657247108,2.0823102840381433,-1.6777251021428767,1.749828050982175,1.749828050982175,-0.6846061921766095,1.7052441894030393e-05,0
1416960000000000000,0.0014936543234813,-0.7272523681708692,-0.22917443263309253,0.06499886254495917,1.440705742935764,1.440705742935764,-0.10661797201873578,1.5564679629392056e-05,0
1417046400000000000,0.0021744557137674,-0.7610695141373713,0.2388851812461513,0.5343322266289129,1.462017915310265,1.462017915310265,-0.4919434521239849,1.7271263497240115e-05,0
1417132800000000000,0.0110113893394212,-0.7913715672896217,0.705763710719847,-0.6221513895025231,1.1606464076001641,1.1606464076001641,0.47137024813913786,1.901801971595681e-05,0
1417392000000000000,-0.0037738408764703,-0.7270333724889692,0.39888375575876583,1.7164159727269224,0.12936195549030255,0.12936195549030255,-1.0699316722818586,1.5643331265251157e-05,0
1417478400000000000,-0.0036532942570473,-0.7434436508896674,-0.11202303233428725,-0.9211447401397239,0.016882562191582944,0.016882562191582944,0.27870750808651334,1.6165315916431607e-05,0
1417564800000000000,0.0015179851960037,-0.7594714129510116,-0.6087486106615205,0.21752539632251677,-0.4044684996261107,-0.4044684996261107,-0.2992807120713603,1.7343126697223683e-05,0
1417651200000000000,0.0031282823512937,-0.7911971997844107,1.6573008868736863,-1.4844583144558015,0.06903463524146722,0.06903463524146722,-0.2992807120713603,1.985069250142536e-05,0
1417737600000000000,-0.0030522205151575,-0.8160771214491672,0.4246422096253071,-0.8459835086885362,0.5750585401732736,0.5750585401732736,0.27870750808651334,2.233936608341569e-05,0
1417996800000000000,-0.0117869607408896,-0.830762431588187,0.5594149736040838,0.4824692401114304,0.7834147240664773,0.7834147240664773,-0.6846061921766095,2.2990498912962784e-05,0
1418083200000000000,-0.0116277720181471,-0.7154328033813586,-1.2764620071618813,0.3500982024584109,0.5693872524109244,0.5693872524109244,-0.10661797201873578,1.515269048062117e-05,0
1418169600000000000,0.0017908343779797,-0.6249362092875221,-0.44482743915922834,-0.006583734921107862,-0.10442461518742398,-0.10442461518742398,-0.2992807120713603,1.2197806108225894e-05,0
1418256000000000000,-0.0075382293595515,-0.6646773616456092,0.6458013676902475,-0.4629695446709813,-0.03353471589500473,-0.03353471589500473,0.27870750808651334,1.2624988681635377e-05,0
1418342400000000000,-0.0083309534630779,-0.6472943162317581,-1.0680876260501686,0.5786563989293948,-0.49688952337070036,-0.49688952337070036,-0.4919434521239849,1.2277117270113756e-05,0
1418601600000000000,-0.0005473221143822,-0.621196973396857,1.1030175706462904,0.8159091375776413,-0.5434867224396089,-0.5434867224396089,-0.4919434521239849,1.1903996053941446e-05,0
1418688000000000000,-0.0186654461743745,-0.6606992166108724,1.1304710605593686,0.18722757502050705,-0.3881317011137864,-0.3881317011137864,-0.6846061921766095,1.2598860065462677e-05,0
1418774400000000000,-0.0046964556608114,-0.42467159245080166,0.0798270799361643,0.06901319405475059,-0.020181494503921607,-0.020181494503921607,0.47137024813913786,1.326250720394755e-05,0
1418860800000000000,0.0159987603204074,-0.4571408846563187,-0.3572011999561894,0.03785899991851033,0.45279365934628035,0.45279365934628035,0.27870750808651334,1.2845858740431139e-05,0
1418947200000000000,0.0080442791656528,-0.3557761407485675,0.36363994285711015,0.3946204285715318,0.7544633789496226,0.7544633789496226,-0.877268932229234,1.6283712009287365e-05,0
1419206400000000000,0.0119402723205388,-0.378285123517049,0.5831865904787414,0.5547698611950778,-0.06444220847489124,-0.06444220847489124,0.08604476803388877,1.5676115148378507e-05,0
1419292800000000000,-0.0068712222608494,-0.3539104321849943,0.07811106194239588,0.8042894049955571,0.07509188397125875,0.07509188397125875,-0.4919434521239849,1.6737538921002723e-05,0
1419379200000000000,-0.0113010553438477,-0.3735785451419427,0.18252893454426683,0.07073316156484832,0.017038935803152633,0.017038935803152633,-0.6846061921766095,1.60300548866529e-05,0
1419552000000000000,0.0032489093702821,-0.3376108117882693,0.5055919737105449,-0.6593372945430205,0.4278092540187392,0.4278092540187392,-1.4552571523871076,1.7594161654537786e-05,0
1419811200000000000,0.0055450509168578,-0.3909645793280253,-0.8376675083652955,0.3357462912667745,-0.1416483207740692,-0.1416483207740692,-0.2992807120713603,1.4915188216286248e-05,0
1419897600000000000,0.0002364654197514,-0.43016180029294526,1.3539839249739822,-0.8793466045163935,0.3079795510381559,0.3079795510381559,0.27870750808651334,1.3248249840762109e-05,0
1419984000000000000,0.004167969146088,-0.48204602088882886,1.5555335711734168,-1.6558761739222085,0.6445256599956231,0.6445256599956231,-0.6846061921766095,1.2024806141744047e-05,0
1420156800000000000,0.0135208899126345,-0.5228479604748965,0.5459380966922909,0.6542796608262492,1.1929893779169773,1.1929893779169773,0.47137024813913786,1.1792059201160406e-05,0
1420416000000000000,-0.0020329035926431,-0.45567609078589627,-2.7662801345304637,,0.9550225110934267,0.9550225110934267,-1.6479198924397322,1.525196328087504e-05,0
1420502400000000000,-0.0304220829180295,-0.5009188844260589,0.47535085578764336,-0.08860403378393254,0.7643955764112907,0.7643955764112907,-0.2992807120713603,4.5052661277291444e-05,0
1420588800000000000,-0.0031116297926513,0.012421603194691348,-0.43825875991258895,0.9052418424038194,0.4489231507650103,0.4489231507650103,-0.6846061921766095,0.0004098094754174663,0
1420675200000000000,0.0162214424605465,-0.05660358281975217,-0.2963502558443397,0.6885281888415711,-0.04918248056746094,-0.04918248056746094,0.08604476803388877,0.0004674297493522999,0
1420761600000000000,0.0060415571776879,-0.008093556174447835,-0.7884533545249424,1.6508657057623326,-1.2116349157637352,-1.2116349157637352,-0.877268932229234,0.0005078486111542364,0
1421020800000000000,0.0046364677367432,-0.0692502313898599,-0.5124510799931543,0.435148063899515,-1.3884748110552978,-1.3884748110552978,-0.10661797201873578,0.00033320214561627923,0
1421107200000000000,-0.002839496664365,-0.13336819369045097,1.1151701582610674,0.005245918129581858,-0.9360289757544391,-0.9360289757544391,-0.2992807120713603,0.0001669755603232894,0
1421193600000000000,-0.0026362628028638,-0.19491662039799262,-0.8009294904517593,1.3380522703068407,-0.9400280505707341,-0.9400280505707341,-1.262594412334483,9.173772522374338e-05,0
1421280000000000000,0.0258307299503242,-0.25361338440555636,-1.2821594184308678,-0.4797508976693347,-0.9289165345419785,-0.9289165345419785,-0.10661797201873578,0.0001083928251052472,0
1421366400000000000,0.002310616221134,0.019544108699088743,0.2764867290784761,-0.5539410707331658,-0.3749961181996379,-0.3749961181996379,0.08604476803388877,0.0003853173473927371,0
1421625600000000000,0.0043248203159316,-0.05613889529192648,1.5239586122081195,0.3468607522700179,0.7959559492138448,0.7959559492138448,-0.10661797201873578,0.0003324913327958248,0
1421712000000000000,0.016803931894622,-0.12224920759673226,0.5128268521441051,-1.0470860939757571,1.3713171373540678,1.3713171373540678,-0.2992807120713603,0.0002292185635629355,0
1421798400000000000,0.0038909887639506,-0.056266257955246375,-0.5648416840506267,-0.025135767080551385,1.1016394672073027,1.1016394672073027,0.08604476803388877,0.00022275113904796046,0
1421884800000000000,0.0036476596725423,-0.12389785329359503,1.3159617791454656,-1.041256955892975,1.6147258404929496,1.6147258404929496,-0.4919434521239849,0.00013161013146138656,0
1421971200000000000,0.0084332168549455,-0.18843760450929986,-0.050822069812312985,2.081862764207484,0.8882331652147374,0.8882331652147374,-0.877268932229234,6.710098489441497e-05,0
1422316800000000000,0.0084413856608369,-0.22064532589501273,-1.5658566534695342,-1.7320230578046099,-1.0642814879122287,-1.0642814879122287,-0.877268932229234,4.217050236986105e-05,0
1422403200000000000,0.000426350341849,-0.2502990588686896,-1.2607597701487006,-0.3011544106055731,-1.4521124169021213,-1.4521124169021213,0.08604476803388877,3.0736533433138995e-05,0
1422489600000000000,0.0042593170470792,-0.3124349817105977,-0.9641920717804225,-0.22907521400337527,-2.1759571505969295,-2.1759571505969295,0.27870750808651334,2.1613931007597856e-05,0
1422576000000000000,-0.0161534056387028,-0.36350548035176916,0.608392597510251,-0.3006474384645405,-1.35320955982692,-1.35320955982692,0.08604476803388877,1.8142341884561484e-05,0
1422835200000000000,-0.0013063506955069,-0.24646507765645992,0.5715572652831147,0.7842355584774178,0.9155860674043501,0.9155860674043501,0.47137024813913786,2.7292505684468108e-05,0
1422921600000000000,-0.0046542982322204,-0.3063694187839769,0.3651468761528835,0.3053936752786076,1.3416896254438127,1.3416896254438127,1.4346839484022607,2.160962540560933e-05,0
1423008000000000000,-0.0037584872121479,-0.34746936929493305,-1.8976366720849793,0.7014827709756407,0.5384121844377454,0.5384121844377454,0.27870750808651334,1.7637023418983475e-05,0
1423094400000000000,-0.0013765100457609,-0.3913266795212537,-0.15332560744828647,0.802817450792379,0.06834757421496077,0.06834757421496077,0.856695728244387,1.4879339799129671e-05,0
1423180800000000000,-0.0058310324086079,-0.4426321594357187,0.7920734110512261,0.021176649532778712,-0.09237834410073843,-0.09237834410073843,1.242021208349636,1.2995728940527216e-05,0
1423440000000000000,-0.0156746171972853,-0.4646145377120813,-0.16685372659641515,0.20310987436509942,0.36182824005951136,0.36182824005951136,-0.10661797201873578,1.2749492007951832e-05,0
1423526400000000000,0.0045869991503771,-0.339283564307587,-0.0952872248401554,1.0771783003877298,0.38043174322973633,0.38043174322973633,-0.10661797201873578,1.7130656668906636e-05,0
1423612800000000000,0.0071949086167784,-0.3871763644835437,0.4390066011186418,0.9639867635176488,0.2672604379190726,0.2672604379190726,-0.6846061921766095,1.5086493975951287e-05,0
1423699200000000000,0.0097064786272237,-0.41462356839370923,0.09167377226101392,0.1554059759639294,0.3286792310062627,0.3286792310062627,0.856695728244387,1.388460870785835e-05,0
1423785600000000000,0.0107268172689105,-0.41476784228273234,0.1698962112287141,0.10861356522737999,0.151429333625063,0.151429333625063,0.27870750808651334,1.378998312510482e-05,0
1424044800000000000,0.0004370868354434,-0.4025080676991592,0.5109206846092248,1.5529740905789688,0.5603817321253727,0.5603817321253727,-1.4552571523871076,1.4043111334446546e-05,0
1424217600000000000,0.0067596684272623,-0.45608653550320205,2.0306258159155455,-1.1609678822490106,1.0899958162087606,1.0899958162087606,-1.0699316722818586,1.2553493490804539e-05,0
1424304000000000000,0.0029497438893496,-0.48181851690944666,-0.23049232647394075,-0.0009287945174277063,1.1601900086075436,1.1601900086075436,-0.4919434521239849,1.193987556543109e-05,0
1424390400000000000,-0.0069604370777794,-0.5274668301136618,1.096574633296879,-0.054858509436745195,1.0657329600187644,1.0657329600187644,-0.2992807120713603,1.1443470920485995e-05,0
1424649600000000000,-0.0089433113192368,-0.5309794172081742,-0.2966434691681506,-0.6525469163056996,0.42840586949444953,0.42840586949444953,0.27870750808651334,1.1395715846762167e-05,0
1424736000000000000,0.0008162806567537,-0.5098958306070316,0.34529438973000987,0.9013845032618787,0.6129673531008644,0.6129673531008644,0.6640329881917624,1.1516069286082345e-05,0
1424822400000000000,0.000587630561085,-0.5573399105968166,-0.8545655392543724,0.8496785135652356,-0.012447083939710413,-0.012447083939710413,0.47137024813913786,1.1347720749233125e-05,0
1424908800000000000,-0.0095582544879628,-0.6019782437668001,1.3170006248316588,-0.5394677084462178,0.006501660002961756,0.006501660002961756,-0.2992807120713603,1.1538371091731693e-05,0
1424995200000000000,0.0183421253958649,-0.5636408098875479,1.3007141990364814,-0.40119513301053517,0.5916447741836693,0.5916447741836693,-0.4919434521239849,1.159412944002869e-05,0
1425254400000000000,0.0126003788387932,-0.3940109438192675,-0.14226994491520514,1.3039987210427315,0.4334291095333461,0.4334291095333461,-1.0699316722818586,1.4489060841197365e-05,0
1425340800000000000,0.0044003858673006,-0.3584320936864854,0.8430619577523194,-0.3519994308044237,0.28151378902840674,0.28151378902840674,0.08604476803388877,1.617656589565645e-05,0
1425427200000000000,-0.0082147923882021,-0.4060077396141967,-0.22195449817947238,0.13447449778756823,-0.20655928714808533,-0.20655928714808533,0.27870750808651334,1.430252693225769e-05,0
1425513600000000000,0.0016908482052135,-0.4069509698078657,1.23659073631667,-1.3425130052539251,0.38032817554045983,0.38032817554045983,-0.877268932229234,1.408381270267086e-05,0
1425859200000000000,-0.0204590481140191,-0.4597450445984877,0.7538314294839811,0.004087679810944083,0.9153545450639969,0.9153545450639969,-0.6846061921766095,1.4031178431589215e-05,0
1425945600000000000,-0.0051177291370559,-0.23020187372523887,0.7250721167288489,0.4415523764984724,0.751393424276359,0.751393424276359,0.27870750808651334,2.953734321005006e-05,0
1426032000000000000,-0.0013898014383852,-0.2734244948260906,0.1914519565681248,0.597486515727543,0.5371467207361706,0.5371467207361706,-0.2992807120713603,2.5446888119649844e-05,0
1426118400000000000,0.0087034220055012,-0.3315721520452232,1.729327725984016,-1.2096928371527949,1.0995103407497229,1.0995103407497229,-0.4919434521239849,1.9538797599882745e-05,0
1426204800000000000,-0.0147215514720097,-0.349846656599725,0.10478241245460203,-0.681932709649248,1.1342082535657008,1.1342082535657008,0.27870750808651334,1.846333739736936e-05,0
1426464000000000000,-0.0016896819631506,-0.2615178017549341,0.06581330381245515,0.8883596149203243,0.7449125427184012,0.7449125427184012,-1.262594412334483,2.528371328234045e-05,0
1426550400000000000,0.010388094769848,-0.3195282645328357,1.0654645428349896,-0.04751009372865344,0.5321192104903927,0.5321192104903927,0.27870750808651334,2.0526985815258567e-05,0
1426636800000000000,-0.0042965180681336,-0.32090569988075024,-0.17665552677683424,1.5344646746448627,0.44190767530574393,0.44190767530574393,-0.2992807120713603,1.945388253830624e-05,0
1426723200000000000,-0.0059178429387673,-0.36331700026422614,0.9739413051846928,0.4607718939169106,0.5690533974906284,0.5690533974906284,-0.6846061921766095,1.6533080920313042e-05,0
1426809600000000000,-0.007410433126336,-0.3907860701950247,-0.3824223174281661,-0.07652443410856835,0.5064910203978201,0.5064910203978201,-0.2992807120713603,1.4911752118701095e-05,0
1427068800000000000,-0.0023362039252688,-0.4019304353126446,-1.9880159283740488,-1.0830398779276271,0.1862001290151807,0.1862001290151807,-0.4919434521239849,1.4186447828296054e-05,0
1427155200000000000,-0.0009301819792756,-0.4492949341130391,0.20766239797968133,0.6368461240980848,-0.05942132766317119,-0.05942132766317119,0.6640329881917624,1.270072616853317e-05,0
1427241600000000000,-0.0014232834235154,-0.498316123109396,-0.8807076266234602,0.9474108320476679,-0.21914067049668975,-0.21914067049668975,-0.4919434521239849,1.1845607532575862e-05,0
1427328000000000000,-0.0223620971083219,-0.5430600922167071,1.1200129157317564,-1.5141929308375033,-0.5091753516942248,-0.5091753516942248,-1.262594412334483,1.2656343770431813e-05,0
1427414400000000000,-8.990891811211022e-05,-0.2441044498611824,1.1737308964653241,-0.9707726342438773,-0.10684506009317679,-0.10684506009317679,-0.877268932229234,2.716426199569992e-05,0
1427673600000000000,0.017928732765285,-0.30622937262480315,-0.5626902617089399,0.12384439569063962,1.1279782669062488,1.1279782669062488,-0.2992807120713603,2.4570097148752032e-05,0
1427760000000000000,-0.0001530685679444,-0.19340000479504538,0.8568116076752128,0.589474869788355,1.043612263775225,1.043612263775225,0.47137024813913786,3.9311415902102786e-05,0
1427846400000000000,0.0111553075287278,-0.25827654506771314,0.7630996132086111,0.23701170296575663,0.9119893611964499,0.9119893611964499,1.4346839484022607,3.0315699315056726e-05,0
1428278400000000000,0.0085411337249402,-0.2565437655400887,-0.19274691503011449,0.5344849250027509,1.08236838799436,1.08236838799436,-0.4919434521239849,2.8368761988771448e-05,0
1428364800000000000,4.6121183134830896e-05,-0.2824819841728194,1.3770318414636302,-1.1607366806738062,1.3216970407813873,1.3216970407813873,1.627346688454885,2.4104253915064178e-05,0
1428451200000000000,0.0062275331572998,-0.34258939446163417,0.04869294763857071,0.2892932989635334,1.349459719065862,1.349459719065862,-0.6846061921766095,1.8290130458763458e-05,0
1428537600000000000,0.0073058701712128,-0.38064463230868667,1.8232423900057242,-1.654291514191963,0.9999681247153701,0.9999681247153701,-0.4919434521239849,1.5495341748215244e-05,0
1428624000000000000,0.0002334809071557,-0.40766806818783896,1.6825738677562943,0.0042029792352606885,1.5298573560448063,1.5298573560448063,-0.6846061921766095,1.4023333267608493e-05,0
1428883200000000000,0.0060916874846368,-0.46083991797448665,-0.38626914805098345,0.32387182963278344,1.5221114987760882,1.5221114987760882,-0.6846061921766095,1.2475434351574837e-05,0
1429142400000000000,-0.0145150465251854,-0.4913939293004681,-0.6183097158891718,1.6931000279757231,-0.04185934528013661,-0.04185934528013661,-0.4919434521239849,1.2136490461991545e-05,0
1429228800000000000,-0.0116332322327412,-0.3840840689090515,0.8840556506633848,0.4015797308684509,0.04653687497253422,0.04653687497253422,-0.4919434521239849,1.5382011743468675e-05,0
1429488000000000000,-0.0185181166395568,-0.34189251413876603,1.4766746876313175,-1.9990167688448608,0.820819359422141,0.820819359422141,-0.877268932229234,2.058666470586364e-05,0
1429574400000000000,-0.0083621357545242,-0.1811838703155115,0.6312673122480004,0.9306358206655271,1.2213561965932886,1.2213561965932886,0.47137024813913786,4.379180050084348e-05,0
1429660800000000000,0.0061818253391529,-0.20070465351519576,-1.7411005203723915,1.0234727213640917,0.3798940648874202,0.3798940648874202,-0.877268932229234,4.2001542712945446e-05,0
1429747200000000000,-0.0037319262025762,-0.2487101875616931,-0.33277144657197694,0.7846874829033877,-0.2914118201116844,-0.2914118201116844,-1.0699316722818586,3.139683396680338e-05,0
1429833600000000000,-0.0111414361987288,-0.2990965180046097,-0.23345453413020217,1.1153848644772637,-0.0530162135888634,-0.0530162135888634,-0.2992807120713603,2.4155961437255365e-05,0
1430092800000000000,-0.0110722021738192,-0.2740553946896663,-0.2835795269596601,-1.5377715924760513,0.20799675669133394,0.20799675669133394,-0.877268932229234,2.712072590790494e-05,0
1430179200000000000,0.0087033783611285,-0.25273945715071006,-1.6550784907684506,0.0617883036296638,-0.2158528094623767,-0.2158528094623767,-0.2992807120713603,3.6333601632081955e-05,0
1430265600000000000,-0.0055490174921902,-0.27749351883932083,-0.3628526901675756,0.5896841509820858,-0.2573298268754229,-0.2573298268754229,-0.4919434521239849,7.224307554607297e-05,0
1430352000000000000,-0.0070944957684806,-0.3143006073818303,0.017429947433971506,0.6369406044123228,-0.6268277492090465,-0.6268277492090465,0.47137024813913786,0.0003228466718295875,0
1430697600000000000,0.0182220379751438,-0.3351182100042806,-3.694300056650902,,-0.45867771900391796,-0.45867771900391796,-1.6479198924397322,0.0022593820533089877,0
1430784000000000000,-0.0008585577695799,-0.21181860238386352,1.669410318675192,-0.9371424834428509,0.07084465382025609,0.07084465382025609,-0.2992807120713603,0.018223948945298517,0
1430870400000000000,-0.0277453653883998,-0.27464804750203736,-0.9279145016704907,0.016835727310309818,-0.37680018436341256,-0.37680018436341256,0.08604476803388877,0.09227442981374825,0
1430956800000000000,-0.0049151341398104,0.08998188735678213,-1.9403345966250634,1.0318165670580353,-1.3777326240726662,-1.3777326240726662,-0.877268932229234,0.5673568827009752,1
1431043200000000000,0.0165185427140141,0.024723282967038563,0.2867931488937699,0.23029645998620993,-1.4656144410713807,-1.4656144410713807,-0.10661797201873578,0.7557017506656087,1
1431302400000000000,0.0161960341674642,0.06787298715042021,-0.11969614805993886,-0.6432547506559877,-0.2701156293062086,-0.2701156293062086,-0.6846061921766095,0.9001588779410745,1
1431388800000000000,-0.0241073419925435,0.10136366901918757,0.056184084298562295,-0.1262199499528398,0.36984434099061697,0.36984434099061697,-1.0699316722818586,0.9723926610814085,1
1431475200000000000,0.0132623072083406,0.2947039978461609,0.33768526281328526,-0.09389766550123005,0.3861571939698883,0.3861571939698883,0.6640329881917624,0.9977926406188188,1
1431561600000000000,-0.0013669794296785,0.26994478522674353,0.31510009476047307,0.7256978195886017,0.6056825140981369,0.6056825140981369,0.47137024813913786,0.9984037370846222,1
1431648000000000000,0.0046279521918878,0.1816798192162169,1.2455343717536758,0.15363175540653223,0.5990195379706293,0.5990195379706293,-0.4919434521239849,0.9940696835846718,1
1431907200000000000,0.0133809139137836,0.10302966419020662,1.5339447416711138,1.4031157145075082,1.3561514851492218,1.3561514851492218,-1.0699316722818586,0.9628501312137073,1
1431993600000000000,-0.0009558345015271,0.09659857570700547,-0.8607226658345812,0.13514533810037133,0.9792556884133601,0.9792556884133601,1.0493584682970116,0.8723825553656698,1
1432080000000000000,0.0068616566932103,0.01695656925035384,-0.5753270626121262,-0.6935977186413381,0.39560052876702256,0.39560052876702256,-0.2992807120713603,0.6275845692988885,1
1432166400000000000,-0.000267153481263,-0.04108631806393153,0.8789819353596356,1.009996442177571,0.22965198141728843,0.22965198141728843,-0.877268932229234,0.33104216560447924,0
1432252800000000000,0.0044964894818342,-0.11419556865358339,1.8279067141677052,-1.059408874422809,0.9099336387394831,0.9099336387394831,0.08604476803388877,0.11740497991802033,0
1432512000000000000,-0.0105413228961067,-0.17622618208692806,-1.1749932027346182,2.702456510972252,0.868102103551238,0.868102103551238,-1.262594412334483,0.030856851201241417,0
1432598400000000000,-0.0036985237912854,-0.17192013277995366,-0.2645236149203368,-0.021974927097996973,0.5015651985958166,0.5015651985958166,-0.6846061921766095,0.007810195141560943,0
1432684800000000000,-0.0005697510609127,-0.22730091843001834,-0.1041003097573135,-0.8027116487879156,-0.11771633854077983,-0.11771633854077983,-0.2992807120713603,0.0014897060374412018,0
1432771200000000000,-0.0018734224796336,-0.2897545399947495,-1.3548384369730624,0.6933959549205083,-0.6039852507713213,-0.6039852507713213,-0.2992807120713603,0.00023106308732970463,0
1432857600000000000,0.0136876467831972,-0.34555329712013955,1.386310749503316,-0.0568940475834118,-0.4738056904823013,-0.4738056904823013,0.47137024813913786,4.3931292637562596e-05,0
1433116800000000000,-2.9643593685729908e-05,-0.29968165980127487,-0.36762491104607714,1.6185899617717914,0.12920850462631361,0.12920850462631361,-1.4552571523871076,2.6507707101697503e-05,0
1433203200000000000,-0.0236306089312696,-0.35875576036845086,0.9807447648197762,-0.34379253837819107,0.8778515154463485,0.8778515154463485,1.0493584682970116,3.15025038252243e-05,0
1433289600000000000,-0.0123814043972364,-0.07685212592309165,-0.18640051062581425,-3.4683248604552337,0.37373789961375925,0.37373789961375925,-1.4552571523871076,0.00013624007698943174,0
1433376000000000000,-0.0005471860103022,-0.05930182811559454,-0.5824808063234119,0.3949780419287669,0.16670711209425018,0.16670711209425018,-0.2992807120713603,0.00017127987034722787,0
1433462400000000000,-0.0019636033769903,-0.1310790463720338,-0.6597585138289056,1.4656110452651512,-0.25051100518042113,-0.25051100518042113,-0.2992807120713603,0.00010917170306206259,0
1433721600000000000,-0.0087321487398675,-0.19579181574298052,-0.7072551626482617,1.3179805905959496,-0.6201742227685051,-0.6201742227685051,-1.0699316722818586,6.0136453249201824e-05,0
1433808000000000000,-0.0027074902267056,-0.21025091952331654,-0.3522196973158716,-0.0901910316639604,-0.5463668029386995,-0.5463668029386995,-0.10661797201873578,4.3424169615775e-05,0
1433894400000000000,0.0126404408480797,-0.26775440561095537,0.7201053532192784,-0.10499505139193314,-0.10406809178349087,-0.10406809178349087,-0.4919434521239849,3.239256198776973e-05,0
1433980800000000000,-0.0197771607529252,-0.24612774030895448,0.5523916805840006,0.08405140647404064,0.35337253204639957,0.35337253204639957,0.6640329881917624,4.450760084235581e-05,0
1434067200000000000,0.0022008448289133,-0.07741757780495725,0.06700313151267169,0.45312257795239946,0.10065281464979926,0.10065281464979926,0.6640329881917624,0.00010711181698070943,0
1434326400000000000,0.0038757800540692,-0.14796941030489727,2.47087061993526,-2.676152325427087,1.5425675521594349,1.5425675521594349,-1.0699316722818586,7.789585674892495e-05,0
1434412800000000000,0.0041590853857635,-0.2103593590096025,0.15220834717032852,0.9068962688294703,1.41429361382282,1.41429361382282,-0.2992807120713603,4.6137149472881225e-05,0
1434499200000000000,0.005483675969067,-0.2680249169428869,1.017847077973305,-1.361712730874118,1.7190751666066684,1.7190751666066684,0.08604476803388877,2.8890274823880947e-05,0
1434585600000000000,0.0102115147270589,-0.3157597689057412,-0.9137630899852436,0.11310463929007256,0.9286105506360208,0.9286105506360208,-0.6846061921766095,2.132752749072789e-05,0
1434672000000000000,0.0061404434830307,-0.31951703975891316,0.03053485866074596,0.3352222684734112,0.8948408380491306,0.8948408380491306,0.08604476803388877,1.9792025387808883e-05,0
1434931200000000000,0.0154604393327622,-0.3597651660619507,-0.16025746932894758,,0.5170898243748979,0.5170898243748979,-1.6479198924397322,1.760339590251053e-05,0
1435017600000000000,0.0034001576033196,-0.283166695344077,-0.07663611785225193,0.3040979314058112,0.7854207733110051,0.7854207733110051,0.6640329881917624,2.249207861446457e-05,0
1435104000000000000,-0.0024727884395158,-0.3392477539219207,0.13739239151325205,0.8228868127255384,0.8196726659698035,0.8196726659698035,0.27870750808651334,1.82549586603539e-05,0
1435190400000000000,0.0044335324134881,-0.38990623473661795,-0.9824792674661024,1.1353687532465275,0.5152325895768289,0.5152325895768289,-0.877268932229234,1.501030451059153e-05,0
1435276800000000000,-0.0020144580738723,-0.4353355665507981,0.6167804423234173,0.0527706237063098,-0.13822017068822623,-0.13822017068822623,1.242021208349636,1.3121089510273426e-05,0
1435536000000000000,-0.0075091485816652,-0.48190309516649554,0.3896698305117575,-1.6667032165770435,0.5403842072115366,0.5403842072115366,-1.0699316722818586,1.2023521427551474e-05,0
1435622400000000000,0.0060046813650915,-0.48362844837993674,-0.13839800156364673,0.8229259394622044,0.8109442710949089,0.8109442710949089,0.27870750808651334,1.1878967378257966e-05,0
1435708800000000000,0.0100526429119175,-0.5131466966913414,-0.2848542483433152,0.6647739739808123,0.5219361514259583,0.5219361514259583,0.27870750808651334,1.1552375914111194e-05,0
1435795200000000000,-0.0009645447643201,-0.49908514153307176,0.6261714559238505,0.03887283373450228,0.7433779152411312,0.7433779152411312,-0.4919434521239849,1.163357026391852e-05,0
1435881600000000000,0.0047254040314225,-0.5450593469836481,-0.02254163017212214,-0.4002414627629508,0.19361589930199566,0.19361589930199566,-0.6846061921766095,1.1355700191897991e-05,0
1436140800000000000,0.0043805431106717,-0.578678569434218,-0.4232959875253662,,-0.11970957512979565,-0.11970957512979565,-1.6479198924397322,1.1396657851891641e-05,0
1436227200000000000,-0.0013327799926047,-0.6119589812694815,-1.421571641872682,0.11945070394378557,-0.7760889141075548,-0.7760889141075548,-0.2992807120713603,1.1698235848482886e-05,0
1436313600000000000,-0.0175127525255737,-0.6499334585880768,-0.13302868360935524,0.6124268691068591,-0.8115042057907587,-0.8115042057907587,0.08604476803388877,1.2309558782459153e-05,0
1436400000000000000,-0.0041338217950059,-0.4450765656021752,0.40613238608601365,0.05788139446612959,-0.7518257735512889,-0.7518257735512889,-0.6846061921766095,1.2640489090233319e-05,0
1436486400000000000,0.0038348430969963,-0.4799966190769808,1.1436975742644213,0.024341615296357446,-0.12631742146995303,-0.12631742146995303,0.27870750808651334,1.1979354485273144e-05,0
1436745600000000000,0.0117836567339471,-0.5224558851177211,-2.474944828143282,-1.3974575404071252,-0.12062594030504158,-0.12062594030504158,-1.4552571523871076,1.1510845864380861e-05,0
1436832000000000000,-0.0006563631896272,-0.48317935252868066,-0.04739081666677133,-0.37789478257741405,-0.2659973300825341,-0.2659973300825341,0.47137024813913786,1.1830563249667949e-05,0
1436918400000000000,0.0082107432951097,-0.5307859721084531,1.2589999414314845,-1.3548718058288975,-0.22903854769175225,-0.22903854769175225,-0.4919434521239849,1.1415597084183325e-05,0
1437004800000000000,0.009835561378738,-0.5366191336027395,0.6523347757712238,0.5729464352326861,-0.2156575770347616,-0.2156575770347616,0.08604476803388877,1.1362930292782527e-05,0
1437091200000000000,0.000209062052318,-0.5228282359933444,1.2405797499251467,-1.3215486126430878,0.21269797629647821,0.21269797629647821,-0.2992807120713603,1.1420103274189284e-05,0
1437350400000000000,-0.000743543008016,-0.5693066246923022,0.1003846652439108,-0.625161822872537,0.2117362374658137,0.2117362374658137,-1.0699316722818586,1.1363475916971869e-05,0
1437436800000000000,-0.0086384042959938,-0.6115603774408387,0.9204935846989107,-0.05539847489399891,0.29769130767672886,0.29769130767672886,-0.10661797201873578,1.1617981671652168e-05,0
1437523200000000000,0.0121250808588124,-0.5853904594916366,-1.6247570191861787,-1.1215033298528494,-0.6207578163768361,-0.6207578163768361,-1.0699316722818586,1.14246197568725e-05,0
1437609600000000000,-0.0050745547700366,-0.5325141906944046,-0.027112065954233936,1.4986936589928879,-0.8712796014859711,-0.8712796014859711,0.27870750808651334,1.1374896907484876e-05,0
1437696000000000000,-0.0079772038426155,-0.5538569118756019,-0.114207514861284,0.7080860501108962,-0.2279702562651717,-0.2279702562651717,-0.6846061921766095,1.1362000944815563e-05,0
1437955200000000000,-0.019020189089775,-0.5428454817640674,-0.7943744741651773,3.122337699653546,0.17306280543945152,0.17306280543945152,-1.4552571523871076,1.185637237137887e-05,0
1438041600000000000,-0.0028745977394444,-0.3277789989875237,0.6196792628910158,0.33059379372183473,0.3803839607839954,0.3803839607839954,0.27870750808651334,1.7796217459158367e-05,0
1438128000000000000,0.0045535850933296,-0.3774152947429883,0.4996219820369663,-0.5068870571203186,0.5771395986629212,0.5771395986629212,-0.2992807120713603,1.553772424941834e-05,0
1438214400000000000,0.0055665344162307,-0.4230536599242557,-1.1417449946818337,-1.230200128509678,0.3273867133894103,0.3273867133894103,-0.6846061921766095,1.3557319590624885e-05,0
1438300800000000000,0.0130998158712683,-0.45991005567991666,-1.0419301620082715,0.9404240414167869,-0.5849052825624019,-0.5849052825624019,-0.877268932229234,1.2591131629978015e-05,0
1438560000000000000,0.0011946892258352,-0.40839576218018925,0.8949844224667838,0.8620489651656369,0.06458854291291219,0.06458854291291219,-1.0699316722818586,1.3713900788245685e-05,0
1438646400000000000,-0.0030655933038692,-0.46156836066783463,-0.12808184529930852,-0.8755351873955145,0.3895060331262891,0.3895060331262891,-0.10661797201873578,1.2394725111654025e-05,0
1438732800000000000,0.0059760495252578,-0.5017294656772743,-1.0317513877150146,-1.2054485416411216,0.3927687163942254,0.3927687163942254,-0.4919434521239849,1.1679924816574404e-05,0
1438819200000000000,0.0024130893825477,-0.530121019420221,0.6141310614806443,-0.31894107161204643,0.4360901575723177,0.4360901575723177,0.08604476803388877,1.1407682834217283e-05,0
1438905600000000000,-0.002804226255741,-0.5743375578888114,0.4771712410488734,0.4114838727223729,0.2758037758836863,0.2758037758836863,-0.10661797201873578,1.1377946550176166e-05,0
1439164800000000000,-0.0045640272766171,-0.6083632734961663,-1.9310764675251724,2.1202903652815457,-0.5421870084449902,-0.5421870084449902,-1.0699316722818586,1.1622714007609288e-05,0
1439251200000000000,-0.0074464894442594,-0.6279252749323481,0.11354470459665662,0.8296677582224471,-0.7026439243473601,-0.7026439243473601,-0.6846061921766095,1.1864529108738487e-05,0
1439337600000000000,-0.0134311748403183,-0.6157206236779132,0.409508681471359,0.31591583192719513,-0.7243323413059235,-0.7243323413059235,0.08604476803388877,1.1719378899945435e-05,0
1439424000000000000,0.0007661537895581,-0.5077785764049645,1.252189821180293,0.05682885755013334,0.03702472333376962,0.03702472333376962,-0.877268932229234,1.1593519608766905e-05,0
1439510400000000000,0.0192842700246075,-0.5553495528277484,0.8702867840398509,-0.7832621569056877,0.23990353762420147,0.23990353762420147,0.6640329881917624,1.1739498482608817e-05,0
1439769600000000000,-0.0048541357972207,-0.3661958056101035,-2.034819401478954,0.4875698253524025,0.580703727971416,0.580703727971416,-1.4552571523871076,1.6304258635232502e-05,0
1439856000000000000,-0.001268897173926,-0.40173607996679644,1.0706891635612386,-0.6199250382545026,0.5225258824202742,0.5225258824202742,0.6640329881917624,2.1970918564038046e-05,0
1439942400000000000,0.003372375730519,-0.4527210644707971,-0.07283755703476756,-0.24779874266164717,0.22021875598702328,0.22021875598702328,0.856695728244387,9.021220296683055e-05,0
1440028800000000000,-0.0145130734956471,-0.49872296239106445,0.7269988289123425,0.36349009503436147,-0.1048342807743733,-0.1048342807743733,1.8200094285075097,0.0008762770636593306,0
1440115200000000000,-0.008732870680242,-0.3901960232308671,-0.03685540137384448,-0.0003119483329894796,-0.10027628348325379,-0.10027628348325379,0.6640329881917624,0.010293962252303944,0
1440374400000000000,-0.0609725995392517,-0.3866076087971964,0.8103145133487288,-0.294172560039624,1.4148963691460423,1.4148963691460423,0.27870750808651334,0.10266556292370475,0
1440460800000000000,0.0091398425148358,1.105799078039866,-0.13143339369330279,-0.5527548546894872,1.139736279270799,1.139736279270799,1.627346688454885,0.9999999985310173,1
1440547200000000000,-0.0113384290206531,0.9939919826928358,0.5309820213346386,0.11963043780266754,1.3217497127748798,1.3217497127748798,-0.10661797201873578,0.9999999999963048,1
1440633600000000000,0.0199615408679432,0.912754819139678,-0.1870685460651039,0.6503621726942469,0.7334711789522103,0.7334711789522103,-0.6846061921766095,0.9999999999721376,1
1440720000000000000,0.0066454173430795,0.90859259978201,-0.04408424355832437,-0.12942685402068924,0.32460787480862996,0.32460787480862996,1.4346839484022607,0.9999999999691899,1
1440979200000000000,-0.0038377197180878,0.79674750636884,0.8324518445438741,0.7346213213292658,0.42811662496942493,0.42811662496942493,-0.877268932229234,0.9999999995871495,1
1441065600000000000,-0.0235395704702459,0.6864055172778436,0.4590599204357767,-1.1439477367692035,0.6352253077885341,0.6352253077885341,0.08604476803388877,0.9999999956350967,1
1441152000000000000,-0.008882308721944,0.7791281846906567,0.9229005860895393,-0.01806040248603923,0.9451806258988783,0.9451806258988783,0.08604476803388877,0.9999999993901902,1
1441238400000000000,0.0136424252274776,0.6945669903895311,-0.40165257006267363,0.24195222007882325,0.4695338945755141,0.4695338945755141,-0.2992807120713603,0.9999999963081682,1
1441324800000000000,-0.0217025774501897,0.6415404122181093,2.343466679452335,-3.3216335063772258,1.3431223190870127,1.3431223190870127,-1.262594412334483,0.9999999892472934,1
1441584000000000000,-0.0126531136580957,0.7109824741336055,-0.59474720565997,0.06061210497829125,-0.04010630603229435,-0.04010630603229435,-0.877268932229234,0.9999999973730249,1
1441670400000000000,0.0169807677548254,0.6613552755970254,1.292490118405883,-1.266864654521396,0.5029306887877886,0.5029306887877886,-0.2992807120713603,0.9999999927489825,1
1441756800000000000,0.0168123335375422,0.6453060195837352,0.23087442590349305,0.2930370861958375,-0.1742352645029525,-0.1742352645029525,-0.10661797201873578,0.999999990016913,1
1441843200000000000,-0.0039085826532683,0.6287813296147794,0.5917382768837806,,-0.5591027834072907,-0.5591027834072907,-1.6479198924397322,0.999999986177599,1
1441929600000000000,0.0001540317435698,0.5278700820205745,0.980451029492717,0.9915363026556416,0.812497473932473,0.812497473932473,0.47137024813913786,0.9999999085859003,1
1442188800000000000,0.0105929453984274,0.4242881302423924,0.2703884006675507,1.942371676634824,1.9339277979047715,1.9339277979047715,-1.262594412334483,0.9999994640708548,1
1442275200000000000,-0.0054963440346811,0.36507809051537043,0.05740682304811909,0.7965146226286369,1.7626542983915403,1.7626542983915403,-0.4919434521239849,0.999998600918241,1
1442361600000000000,0.0089075730435619,0.28611983041724626,0.3194102031286211,1.0760844754970518,1.5507656385723145,1.5507656385723145,-0.10661797201873578,0.9999950837374526,1
1442534400000000000,0.0104213197402917,0.2238353349524717,-1.1046308443595598,-0.1217099426293776,0.11336373635568366,0.11336373635568366,-1.0699316722818586,0.9999811575668898,1
1442793600000000000,-0.0006015169913181,0.17766213812450735,3.1221724011266185,,1.087733799005759,1.087733799005759,-1.6479198924397322,0.9998878557413693,1
1442880000000000000,-0.0209139361191767,0.09315043383672468,0.1925503017288002,0.909644331892413,0.900361622858186,0.900361622858186,0.08604476803388877,0.9993185628835259,1
1442966400000000000,0.0043364869720647,0.2253411949684563,0.19991611153470676,-1.2361552416074681,1.318518407025459,1.318518407025459,-1.0699316722818586,0.9979545373242199,1
1443052800000000000,0.0028699470722847,0.14324906283782604,1.3596607791883857,0.1340681067467894,1.5075558766972776,1.5075558766972776,-0.6846061921766095,0.9805639409709258,1
1443398400000000000,-0.0092951223724626,0.06184077666179651,-0.047540480391914795,-0.05316753372484683,0.3383784987003004,0.3383784987003004,-0.6846061921766095,0.9015474990602654,1
1443484800000000000,0.0060873145802312,0.031467514120435476,0.7908191818220477,0.06933802502879267,0.1560431891274639,0.1560431891274639,0.47137024813913786,0.7530052150068146,1
1443571200000000000,0.0133739027610214,-0.03189748920237541,0.9259106026193515,-1.4006290994666275,0.03511604487250665,0.03511604487250665,-0.877268932229234,0.5463362604074534,1
1443657600000000000,0.0002515754959328,-0.025414034771895855,1.2926606635129867,-0.25143926599125294,1.446455748006928,1.446455748006928,0.27870750808651334,0.3853704809673645,0
1444003200000000000,0.0209588019821642,-0.0997791008417414,0.639646373290161,-0.7055111061705569,2.188016447201742,2.188016447201742,-0.877268932229234,0.2526852784276543,0
1444089600000000000,0.0041297606980133,0.03648483113148386,-0.966156100788939,-1.0749845460160792,1.4639799915448917,1.4639799915448917,-0.10661797201873578,0.19310488975163187,0
1444176000000000000,0.0030005595334899,-0.0356461183382359,1.1420647040441503,-0.41409208633005407,1.3015994183708144,1.3015994183708144,1.242021208349636,0.10563739426463518,0
1444262400000000000,-0.0058932581603976,-0.1069484107131279,0.0887206397769453,0.12826284909912575,0.9533299646241385,0.9533299646241385,-0.10661797201873578,0.039546046636778964,0
1444348800000000000,0.0073963094292302,-0.15326912133541362,0.08771885854687052,1.750305204152041,0.32886594029198357,0.32886594029198357,-0.10661797201873578,0.011287428245135244,0
1444608000000000000,-0.0056449363258414,-0.19629847226077374,0.7409818156781016,0.6945489212261785,0.019369704524123184,0.019369704524123184,-0.10661797201873578,0.0025478959133742205,0
1444694400000000000,-0.0014623268695636,-0.2381761250765206,0.5728600782072772,0.06307897740637806,0.17455475918840707,0.17455475918840707,0.47137024813913786,0.0004782704929513267,0
1444780800000000000,-0.0029311448392646,-0.29816150179265144,-0.3040224352268642,0.9027051547678847,0.04898681478455078,0.04898681478455078,0.27870750808651334,8.410014633162698e-05,0
1444867200000000000,0.0087921410807536,-0.34937689748049444,-0.7400188887070726,0.3549178838130159,0.06819253157054982,0.06819253157054982,0.27870750808651334,2.4848335414429416e-05,0
1444953600000000000,0.0071448275156084,-0.3652675397892404,0.5139761127729913,0.8257609922160111,0.26212423967609777,0.26212423967609777,-0.4919434521239849,1.6987709877332273e-05,0
1445212800000000000,0.0044690883706706,-0.3947971122720643,-1.884368019742553,0.19873556394510244,0.5905683177572109,0.5905683177572109,-1.4552571523871076,1.4677819249942217e-05,0
1445299200000000000,-0.0016205672034621,-0.4397421416095673,0.8606154742707918,0.3226136467185469,1.1036323472475402,1.1036323472475402,-0.6846061921766095,1.2969499274875345e-05,0
1445385600000000000,-0.0012051093404612,-0.4874180880159018,-1.730750191117997,0.7904336774471553,0.38411241863960327,0.38411241863960327,-0.6846061921766095,1.1894843539957613e-05,0
1445558400000000000,0.0052879318689634,-0.5334648862787095,0.9174815435884132,1.3884695306750734,-0.09403167403318123,-0.09403167403318123,-0.6846061921766095,1.1407236623879156e-05,0
1445817600000000000,-0.0042160476348582,-0.5643779531290707,2.8881549067540306,,0.8666039486797541,0.8666039486797541,-1.6479198924397322,1.133934718932084e-05,0
1445904000000000000,-0.0033527781799373,-0.5900616415046716,-0.7327725413515322,0.7632767039776669,0.1478133342111653,0.1478133342111653,-0.2992807120713603,1.1459233612183324e-05,0
1445990400000000000,-0.0075225686348222,-0.6197889582693623,1.7601224309107046,-0.8265327006342699,0.417911702122351,0.417911702122351,-0.6846061921766095,1.1735775657124913e-05,0
1446076800000000000,-0.0073021729802976,-0.6074973197287502,-2.373025544648233,-0.12943839530740303,-0.7107047222863208,-0.7107047222863208,-1.262594412334483,1.1617304391568014e-05,0
1446163200000000000,-0.0056807513422626,-0.5992144801150285,-0.20462818061530028,1.4146609303364779,0.439726098593247,0.439726098593247,0.27870750808651334,1.1544487868181776e-05,0
1446422400000000000,-0.0018614353765358,-0.6094880299037216,-1.7587519329798496,-0.7130770075129982,-0.8113683682110727,-0.8113683682110727,-1.262594412334483,1.168279354255915e-05,0
1446508800000000000,0.0012289844981697,-0.6456669050197654,1.7334097199854757,-0.4774980925605781,0.5048999016981689,0.5048999016981689,0.08604476803388877,1.228700165469911e-05,0
1446595200000000000,-0.0025464428174963,-0.6848338076714546,-0.027578333429686963,0.6672483536915126,0.5616510936747677,0.5616510936747677,0.47137024813913786,1.3304438067620283e-05,0
1446681600000000000,-0.0105967298586547,-0.7126253052155286,1.1918373818140848,-1.1933389707171929,1.3210631507390795,1.3210631507390795,-0.2992807120713603,1.412181047252626e-05,0
1446768000000000000,-0.0001446145447922,-0.6416085801294545,-1.6785813669296874,0.3295839739192577,-0.1620888710062582,-0.1620888710062582,-0.2992807120713603,1.2411473479826827e-05,0
1447027200000000000,-0.0049276522249893,-0.6805649245190096,-0.7641468668284029,3.5042992914910354,-1.0086658110866398,-1.0086658110866398,-1.4552571523871076,1.3128697082257608e-05,0
1447113600000000000,-0.0167981368479892,-0.6909355230969497,0.7135292901747893,-1.7401175957040167,-1.1619816979064956,-1.1619816979064956,-0.877268932229234,1.3346417424291544e-05,0
1447372800000000000,-0.0027146086971354,-0.49323310629805134,0.010344538888333919,3.426816208784295,-1.741134511737792,-1.741134511737792,-1.4552571523871076,1.1852996967277474e-05,0
1447632000000000000,0.0056973016429889,-0.5331105326697556,0.17624461757680968,-0.020376532025783843,-0.41672047511111904,-0.41672047511111904,-0.6846061921766095,1.1405414484168938e-05,0
1447718400000000000,0.0039567183391247,-0.5612172622967938,2.505281225196224,-1.8387370960121576,1.1881269645425452,1.1881269645425452,-0.4919434521239849,1.1340675773239526e-05,0
1447804800000000000,-0.0135845913820275,-0.5978668483149754,-1.1585468676582273,-0.6687084034103847,0.813452929703215,0.813452929703215,-1.0699316722818586,1.1529395508860877e-05,0
1447891200000000000,0.0142478689427783,-0.49008997209876237,0.22298589409722264,0.13662579549484413,0.7736320597011622,0.7736320597011622,0.6640329881917624,1.1908263910550177e-05,0
1447977600000000000,0.0017580157603643,-0.4152421803320555,1.1400017876580173,0.3524366411838084,0.9359558678330371,0.9359558678330371,-0.4919434521239849,1.3419058105517054e-05,0
1448236800000000000,-0.0009295680963622,-0.4674707489275182,-0.04548291096358005,0.951872744318116,0.19787465900109946,0.19787465900109946,0.27870750808651334,1.224974989861784e-05,0
1448323200000000000,-0.0022511419581774,-0.5154162818534478,-0.24044057022998627,0.3913678362215974,0.04932889823296003,0.04932889823296003,0.08604476803388877,1.1540612121623218e-05,0
1448496000000000000,0.0066431524907187,-0.5560092449416066,1.0783061957246034,0.41758355883633264,0.16425369151437655,0.16425369151437655,-0.10661797201873578,1.1334929869387187e-05,0
1448582400000000000,0.0074432960618276,-0.5748306861143415,0.19392510654385645,1.0259701354016135,0.4071225306077698,0.4071225306077698,1.242021208349636,1.1359088034469557e-05,0
1448841600000000000,-0.0009384329548349,-0.5846021099437211,1.7999846512124371,-2.531322453879287,2.1559315937103283,2.1559315937103283,-1.0699316722818586,1.1441573419659677e-05,0
1448928000000000000,0.0024732192560477,-0.6254443750297499,-0.8865844409147053,0.6798447925230766,1.5261096113392536,1.5261096113392536,0.08604476803388877,1.1895110133536594e-05,0
1449014400000000000,-0.0029648056574549,-0.6636399947271492,0.005717473769003646,0.4456636153016611,1.4657819258379534,1.4657819258379534,-0.4919434521239849,1.2670101550115807e-05,0
1449100800000000000,-0.0085088285592863,-0.690506356774656,2.039029142037201,-1.5967802696320097,1.874333074120539,1.874333074120539,-0.2992807120713603,1.335108121008276e-05,0
1449187200000000000,-0.01051393274392,-0.6565811095241986,-0.16958911275506197,-0.37568357120635304,0.9047326064640941,0.9047326064640941,0.08604476803388877,1.2493886889344958e-05,0
1449446400000000000,-0.0021225558652615,-0.5955230114563203,0.2234019419613852,1.4725846770003594,1.100781264073674,1.100781264073674,-0.6846061921766095,1.1605878660073184e-05,0
1449532800000000000,-0.008236846826399,-0.6314957242537397,1.1681855471113218,0.8486860170966208,1.4733963769675842,1.4733963769675842,0.08604476803388877,1.1906546291703418e-05,0
1449619200000000000,-0.0116494760359169,-0.6085452168075103,-0.5425312406259301,0.5240792712603112,0.645908349134923,0.645908349134923,0.08604476803388877,1.1628584476978385e-05,0
1449705600000000000,0.0092574839139351,-0.5350876163430639,-0.346150899402335,2.3918040006802217,0.5893135990742469,0.5893135990742469,-1.0699316722818586,1.1385004116160355e-05,0
1449792000000000000,-0.009526788440796,-0.5286355364707398,0.40308061318026556,-0.3346575534359652,0.30129694946652774,0.30129694946652774,0.47137024813913786,1.141036378633617e-05,0
1450051200000000000,0.0051898297247641,-0.4997474049735633,-0.7215339434503535,1.115400856362852,0.6802626637204949,0.6802626637204949,-0.4919434521239849,1.1617000647447688e-05,0
1450137600000000000,0.0066250342311558,-0.533676322028034,1.474262859269011,-0.6080085650674416,1.2637743263252743,1.2637743263252743,-0.2992807120713603,1.1382439181518683e-05,0
1450224000000000000,0.0064717605906419,-0.554449363378351,2.687375715249703,-3.313615961792419,1.9959775556951396,1.9959775556951396,-1.0699316722818586,1.1322198944839551e-05,0
1450310400000000000,0.0119845868239735,-0.5748637124359028,-0.5793926014849846,-0.9360786476349057,1.3047782029921242,1.3047782029921242,-0.877268932229234,1.1358518109020204e-05,0
1450396800000000000,-0.0105599234296625,-0.5256687273197068,2.3213891691752093,-1.2404485096449223,1.6719540867651619,1.6719540867651619,-0.6846061921766095,1.1445833296382263e-05,0
1450656000000000000,0.0092970839936813,-0.481872622202487,0.47124276643625235,2.4892541046969887,1.0666890998334526,1.0666890998334526,-1.4552571523871076,1.1886941703193177e-05,0
1450742400000000000,-0.0061905952301657,-0.4802424199167195,-0.2284446810637615,0.41468926038699566,1.1791812206808259,1.1791812206808259,0.27870750808651334,1.1931857313939122e-05,0
1450828800000000000,0.0102032371351069,-0.49582990093019313,0.42020740723641076,0.8873429123725016,0.5697803492918534,0.5697803492918534,-0.4919434521239849,1.1743931030195607e-05,0
1450915200000000000,-0.0006231818889286,-0.4816855168780653,0.6737744046479198,-0.3234626547123464,0.8554414328368016,0.8554414328368016,-0.4919434521239849,1.1872048442028325e-05,0
1451260800000000000,0.0081210742469741,-0.529445672218279,0.6720428308247637,-1.2546202589609068,1.217364806346436,1.217364806346436,-1.262594412334483,1.142536864175166e-05,0
1451347200000000000,0.000479408231073,-0.5363488993477483,-0.6609751469885801,-0.2058572221241005,0.7895269445820606,0.7895269445820606,-0.6846061921766095,1.1363715596010134e-05,0
1451433600000000000,-0.0041326797069952,-0.5821921832540023,-1.270327787032696,-0.5152158393260501,0.1710242645240205,0.1710242645240205,-0.877268932229234,1.1408255188248342e-05,0
1451520000000000000,0.0063247528004326,-0.6071515475111616,0.5191255776782825,1.1658347309420003,0.050447378382364766,0.050447378382364766,-0.2992807120713603,1.1633776378737819e-05,0
1451865600000000000,-0.0197050145234202,-0.6245685934431796,0.15817677276223752,0.7208790846720865,0.5601811383457476,0.5601811383457476,-1.0699316722818586,1.2112896046980015e-05,0
1451952000000000000,-0.0008538680302466,-0.371847362223443,0.9657036224180264,-0.5262940905774142,0.7033263415324508,0.7033263415324508,-0.6846061921766095,1.5212652567882902e-05,0
1452038400000000000,-0.0056229552549625,-0.42556585989740925,-0.46790520897831817,1.005430202197729,0.622567498442513,0.622567498442513,-0.877268932229234,1.372112409089364e-05,0
1452124800000000000,-0.0225624324733549,-0.4506932257370845,0.8883007519874005,-0.595276065404241,0.6416410025791308,0.6416410025791308,1.627346688454885,1.5429493252023065e-05,0
1452211200000000000,0.0043574301946149,-0.1717662952628285,-0.488064018525289,-0.18324453317232117,0.3494500672806934,0.3494500672806934,-0.6846061921766095,4.336679971987357e-05,0
1452470400000000000,-0.0049455432107058,-0.23093963282741964,1.4692307990627673,-0.5512831750337899,0.33376278960685535,0.33376278960685535,-0.4919434521239849,3.491977628787587e-05,0
1452556800000000000,-0.0071049470232057,-0.27526655880879264,-0.05584568334347491,-0.05461917283618393,0.031128043193824614,0.031128043193824614,-0.2992807120713603,2.6466276773334645e-05,0
1452643200000000000,0.0069132015057189,-0.29917099744573045,-0.37546405042221154,0.8920457656610014,0.06722060417569005,0.06722060417569005,-0.2992807120713603,2.2267992873839357e-05,0
1452729600000000000,-0.0033909243778356,-0.33538852528398555,-0.3171340769965946,0.8904084539674244,-0.3963688179577898,-0.3963688179577898,-0.6846061921766095,1.861425458067746e-05,0
1452816000000000000,-0.0132225829045312,-0.38203272304832553,1.1912906246828652,-0.14879195462214015,0.6237874871646399,0.6237874871646399,0.08604476803388877,1.6141735372730903e-05,0
1453075200000000000,-0.0117387215413259,-0.31484720332447613,-0.5392456011064751,2.6322783742368525,0.1871156717883477,0.1871156717883477,-1.0699316722818586,2.043533902899571e-05,0
1453161600000000000,0.0113756844633348,-0.2795222896488862,1.4624084105669366,0.70908884230995,0.7575265416512083,0.7575265416512083,-0.4919434521239849,2.5116399007686563e-05,0
1453248000000000000,-0.0170645596338279,-0.2730153788504883,-0.2960863550592649,1.5863815772160685,0.2807657996301979,0.2807657996301979,-0.10661797201873578,3.09465761721133e-05,0
1453334400000000000,-0.0044563049278707,-0.15374398668507247,-1.4829500625383745,1.2649019415839757,-0.03108129117461218,-0.03108129117461218,-0.4919434521239849,5.966431614322749e-05,0
1453420800000000000,0.0198180393784127,-0.2061972511308208,-0.2970330223082976,1.204338734524407,-0.358656225547099,-0.358656225547099,0.6640329881917624,6.325017209439252e-05,0
1453680000000000000,0.001844010986664,-0.0739762005958781,-0.42818909049367354,1.7135931289197543,-0.19847406485850966,-0.19847406485850966,-0.4919434521239849,0.00011871656901323572,0
1453852800000000000,0.0002151550935434,-0.1452009939994828,2.4870492852964903,-2.3621065272564676,1.3363665929695825,1.3363665929695825,-1.4552571523871076,8.291524645805362e-05,0
1453939200000000000,-0.0017628513745914,-0.21302944982184147,-1.408910162194781,-0.08999770847488073,0.8418167214852322,0.8418167214852322,-0.877268932229234,4.818872123235306e-05,0
1454025600000000000,0.0185350984938957,-0.27363077702073774,-1.4086539686393618,0.372813904457885,-0.06520438512672741,-0.06520438512672741,0.47137024813913786,3.617335993503316e-05,0
1454284800000000000,-0.0010052726631166,-0.15470535735747362,0.39513084404426146,0.2208366391518448,-1.3878847500163767,-1.3878847500163767,0.27870750808651334,6.751786685485175e-05,0
1454371200000000000,-0.0133766629206659,-0.22045364156987501,-0.10042446518031924,0.2677303701399037,-0.9684654499135547,-0.9684654499135547,0.27870750808651334,8.947709126393743e-05,0
1454457600000000000,-0.0126542537612866,-0.17220499754761728,-1.5766142577266988,0.5748094992183315,-1.0223030937294657,-1.0223030937294657,-1.0699316722818586,0.00025747559922938623,0
1454544000000000000,0.005715953184809,-0.14039226981776365,0.21861675590333068,1.2000696875578165,-0.7535709353096224,-0.7535709353096224,-1.262594412334483,0.0008351011466030927,0
1454630400000000000,0.0114282484242265,-0.19501287130526282,0.6986838971690996,-0.3717240667108306,-0.10597636414217933,-0.10597636414217933,0.08604476803388877,0.0025022949719269746,0
1454889600000000000,-0.0136931019234252,-0.1961550681254103,-1.1385027880031753,0.7508120771398021,-0.7491444159979418,-0.7491444159979418,-0.877268932229234,0.009590301511758168,0
1454976000000000000,-0.012127772043135,-0.1461026158339113,0.1907570875971458,1.2340831273982154,-0.7580744964785596,-0.7580744964785596,1.4346839484022607,0.039661361209308445,0
1455062400000000000,-0.011368534484495,-0.1245044531312613,-0.43968367709942996,1.7727081674768899,-1.1229644852257399,-1.1229644852257399,-1.262594412334483,0.13247226408109808,0
1455148800000000000,-0.0337333633197819,-0.11510493685766421,-0.6202216266025892,0.1647152913226409,-1.0684233905476375,-1.0684233905476375,2.205334908612759,0.3792294686116171,0
1455235200000000000,0.0006591672782349,0.36396333208737935,0.5316966244490486,-0.7060158610990821,-0.4622052831975397,-0.4622052831975397,0.27870750808651334,0.9925639564428572,1
1455494400000000000,0.0257368959166137,0.2687997632631536,-1.2400505510381077,0.8912511517056754,-0.19914150672822536,-0.19914150672822536,-0.877268932229234,0.9996699137519366,1
1455580800000000000,-0.0161425754990748,0.4354502931309468,1.0969163245623064,-0.18746352435466004,0.35126634205517143,0.35126634205517143,0.27870750808651334,0.9999983160265432,1
1455667200000000000,0.0085048856518307,0.4490235068132968,0.3904322183582436,-0.7050769089216506,0.3059857413827807,0.3059857413827807,-0.4919434521239849,0.9999996380748969,1
1455753600000000000,0.0116502910075185,0.37350334362866044,0.2527261086954526,0.12905875370203987,0.14075651153730298,0.14075651153730298,-0.4919434521239849,0.9999987943540568,1
1455840000000000000,0.0026384323585623,0.3268409704701817,1.367030745169046,0.971857447556656,0.609355982436637,0.609355982436637,-0.6846061921766095,0.999997408160036,1
1456099200000000000,0.003295165423269,0.2351480214582618,1.5145783635300167,-0.4565711377694886,1.3966979838360265,1.3966979838360265,-0.877268932229234,0.9999895535367104,1
1456185600000000000,-0.0174292103005059,0.14965754673676013,-0.7743862595398636,-0.21370955384617443,1.0674695088170545,1.0674695088170545,-1.0699316722818586,0.999971584417419,1
1456272000000000000,-0.0128608796700014,0.21407347996307977,2.1755984720797055,-1.8580798431893324,1.326646136334176,1.326646136334176,-0.10661797201873578,0.9999848524772753,1
1456358400000000000,-0.006876725240095,0.20866179298389453,-0.4208846630519247,3.0454374662502377,1.2004429430189139,1.2004429430189139,-1.4552571523871076,0.9999824012129105,1
1456444800000000000,0.0084498250215755,0.14783065422070082,-0.3919842299655496,1.156188489724193,0.6849602508255349,0.6849602508255349,-0.4919434521239849,0.9999546946265739,1
1456704000000000000,-0.0060927355742289,0.09163015142448815,-0.20601356100289908,-0.4598825814527599,0.784366080444932,0.784366080444932,-0.2992807120713603,0.9999037187770197,1
1456790400000000000,0.0331150269508819,0.03330065763285688,0.034951676758082646,1.0051350120450202,0.9304789183924699,0.9304789183924699,-0.6846061921766095,0.9998767883106535,1
1456876800000000000,0.0200882345975481,0.41453897877231843,-0.552050362055369,0.5101899501696234,0.8791716513398322,0.8791716513398322,-0.4919434521239849,0.9999987315401815,1
1456963200000000000,0.014382727390574,0.4643852737969623,0.8860618290678607,-0.7143856981087675,0.6333548818875868,0.6333548818875868,1.242021208349636,0.9999997225393038,1
1457049600000000000,0.0013033933343828,0.4370137142143871,0.9597560596497143,-0.28805492149063444,0.37076382770013616,0.37076382770013616,-0.10661797201873578,0.9999995132198337,1
1457395200000000000,-6.718875810813698e-06,0.338152204738921,-0.09260719385300777,0.6505868867391681,1.2076446558880813,1.2076446558880813,-0.4919434521239849,0.9999848761605498,1
1457481600000000000,0.0061929600024488,0.24458000686125497,1.4960499940642322,-1.3692139341073992,1.379547204868744,1.379547204868744,-1.0699316722818586,0.999220227092337,1
1457568000000000000,-0.0060793974986435,0.1688410334115437,2.0625398932201158,-1.8211440788244802,1.89514418143967,1.89514418143967,0.27870750808651334,0.9871581100794494,1
1457654400000000000,0.0032074889464729,0.10540509872611849,0.31124381510793264,-0.38637407875672314,1.3198189015709605,1.3198189015709605,1.0493584682970116,0.9131874054804672,1
1457913600000000000,0.0037942631968658,0.026796134619273288,1.113939837757321,-0.23445175021023387,1.057772209670602,1.057772209670602,-0.4919434521239849,0.6930870114942216,1
1458000000000000000,-0.010420532757604,-0.045860473910694304,0.762124077043487,1.1602875682932305,0.6409396124875293,0.6409396124875293,-1.0699316722818586,0.4003132044190314,0
1458086400000000000,0.0051004869597104,-0.05533222566522542,1.4559843407938136,-0.4651691599418024,1.0078723739063205,1.0078723739063205,-0.2992807120713603,0.19776089210011508,0
1458172800000000000,0.0018385894298917,-0.11827112968342698,-1.2878015117120594,0.6071867211531163,0.4224406306456374,0.4224406306456374,-0.6846061921766095,0.0681947287952642,0
1458259200000000000,0.0121455354001086,-0.18707604718904022,0.5955812634346758,1.6684742809829003,0.8570590939827439,0.8570590939827439,-0.6846061921766095,0.01721872807634048,0
1458518400000000000,0.0130516598291204,-0.18033348688940729,-0.2700884737634817,-1.6453787206917938,0.3759391785540303,0.3759391785540303,-0.6846061921766095,0.004525960099232663,0
1458604800000000000,0.0013813866658977,-0.16267117659738103,-0.7529387354665947,0.4527006580191766,0.5473829870540212,0.5473829870540212,-1.0699316722818586,0.0012323484214606505,0
1458691200000000000,0.0002073820485646,-0.2294740968445738,1.6184782154387172,-1.4381518592742004,0.8752602612693486,0.8752602612693486,-0.6846061921766095,0.00025717996286326515,0
1459123200000000000,-0.0132277622974579,-0.29265390428629984,1.7939583759789584,-1.1564232225949094,2.346301474713342,2.346301474713342,-0.6846061921766095,5.906816169629855e-05,0
1459209600000000000,-0.0023796985402065,-0.23749132750463628,1.182532185528739,-1.376145174254838,2.244944215896349,2.244944215896349,0.27870750808651334,3.681709685851014e-05,0
1459296000000000000,0.0180279329159478,-0.2946311414414006,-0.2417211083125997,0.37812784088037066,1.5155763664337645,1.5155763664337645,0.27870750808651334,2.7715577113055114e-05,0
1459382400000000000,0.0004135698294723,-0.1818374269718871,1.482034496408142,0.056538078003158146,1.3210175769411994,1.3210175769411994,-0.6846061921766095,4.29646872187752e-05,0
1459468800000000000,-0.0032812610960895,-0.24775143986346296,0.2097272738322154,0.5639716130854178,1.429765248972133,1.429765248972133,0.27870750808651334,3.157299434023133e-05,0
1459728000000000000,0.0059139837185546,-0.30046340668710725,-0.2922552523074443,-0.44941549690739196,0.7993779090375871,0.7993779090375871,-1.0699316722818586,2.3447701215196745e-05,0
1459814400000000000,-0.0202584208946938,-0.34347874216597857,0.5972001034057893,-0.19197319870117274,0.5157549220483372,0.5157549220483372,-0.6846061921766095,2.2901015167139486e-05,0
1459900800000000000,0.0014654006885952,-0.1447499438361719,-0.94516473493564,1.8013456041654312,0.1455682252300522,0.1455682252300522,-1.262594412334483,5.524883537096294e-05,0
1459987200000000000,-0.0089573577941213,-0.212473500382434,1.2123964879308624,-0.6986577820184195,0.2905775891305539,0.2905775891305539,-0.2992807120713603,4.281826990121005e-05,0
1460073600000000000,0.0011588138717068,-0.2230451885490822,1.3573952896264887,-2.5919843800546305,0.6293950677435732,0.6293950677435732,-0.4919434521239849,3.637496489923222e-05,0
1460332800000000000,0.015263021567415,-0.28665243414440106,0.679016391756949,-1.708189381319419,1.2007906917510804,1.2007906917510804,-0.4919434521239849,2.7196204074409384e-05,0
1460419200000000000,0.0048829015384887,-0.22360968207606954,0.724989800282815,-1.1774790483094495,1.0445583597773977,1.0445583597773977,0.27870750808651334,3.3980287025905956e-05,0
1460505600000000000,0.0181888630048617,-0.27730325830226576,0.20732282459835727,0.5236134494642599,0.6759165095453171,0.6759165095453171,-0.877268932229234,3.0573276369264354e-05,0
1460937600000000000,0.0081509347042485,-0.16431899368078165,1.8307823878779992,-1.841230648691059,0.7702673459977263,0.7702673459977263,-1.262594412334483,5.105042027045836e-05,0
1461110400000000000,6.292661701482301e-06,-0.20070951128470918,1.244030523331947,-0.20716067506652425,1.2939629735389726,1.2939629735389726,0.6640329881917624,4.286977575654112e-05,0
1461196800000000000,-0.0003412181075164,-0.26533205973685103,1.3918293005277498,-1.1837795773545552,1.518121801519006,1.518121801519006,-0.4919434521239849,2.850452915789904e-05,0
1461283200000000000,-0.0016127659027939,-0.32598073301403896,-0.8279830808463288,1.104365601499519,1.7811224949819493,1.7811224949819493,-0.4919434521239849,1.9957112141604503e-05,0
1461542400000000000,-0.0056175110317398,-0.38045496261680667,1.7840403205459063,-2.0560984630750667,1.1067083482758042,1.1067083482758042,-1.4552571523871076,1.5712166971904508e-05,0
1461628800000000000,0.0136052345659834,-0.4091022709201683,0.11199850694311476,0.6500156550704064,0.6964740316760302,0.6964740316760302,-0.10661797201873578,1.437282413296954e-05,0
1461715200000000000,0.0021640210559946,-0.3563098221800198,-0.02191344844976729,0.3153009461654004,0.9548499251422686,0.9548499251422686,0.6640329881917624,1.6352803146907143e-05,0
1461801600000000000,-0.0167627158699707,-0.4112829992859888,0.8195032430070116,1.8172483524750538,0.912083158994562,0.912083158994562,-0.6846061921766095,1.5020138161857655e-05,0
1461888000000000000,0.0003248769344116,-0.2737490409050651,0.14007256433551316,-0.07638201177446387,0.9192028019785523,0.9192028019785523,0.27870750808651334,2.3143591967508702e-05,0
1462147200000000000,-0.0056081833742117,-0.33453469047732176,-0.25041560554249537,-3.259813292621736,0.2351158997563476,0.2351158997563476,-0.877268932229234,1.8798922887358913e-05,0
1462233600000000000,-0.0075741738575637,-0.3667101388034651,-0.03050557897563897,0.2526173177789832,-0.037344170698092136,-0.037344170698092136,0.08604476803388877,1.634432952653469e-05,0
1462320000000000000,-0.0052350803802913,-0.3782781611766203,0.6764291349207622,-0.14213197485222287,0.13457845555124007,0.13457845555124007,-0.4919434521239849,1.5389308657211177e-05,0
1462406400000000000,0.0037495319075121,-0.41011822160505096,0.705027425825244,0.5740163319873353,0.3545316453417848,0.3545316453417848,-1.0699316722818586,1.3936166852951916e-05,0
1462492800000000000,-0.0002650218241854,-0.4573036264809793,-0.28508526714687776,-0.3746338426218716,0.27227677427746044,0.27227677427746044,-0.6846061921766095,1.2518649404080123e-05,0
1462752000000000000,0.0170009042776952,-0.5070926254130294,-0.05044458285794388,0.3455720857607365,0.2858993783920287,0.2858993783920287,-0.877268932229234,1.1927945845136755e-05,0
1462838400000000000,0.0027612316174809,-0.37737323438568077,1.1701579644406648,-0.5822940251555645,0.4349913596094377,0.4349913596094377,-0.4919434521239849,1.4905618527020772e-05,0
1462924800000000000,-0.0049502005585438,-0.429797242496953,0.3755906184587458,1.5208421667018894,0.6467630420724364,0.6467630420724364,-0.877268932229234,1.3293165151285035e-05,0
1463011200000000000,0.0065463420522076,-0.460004797759948,-0.43829372701234537,-0.12411705949037949,0.5025663398824985,0.5025663398824985,0.27870750808651334,1.2412296675895892e-05,0
1463097600000000000,-0.0108812233515407,-0.4871543496476529,0.8153873645933508,-0.5276893368688291,0.6110685498985079,0.6110685498985079,1.0493584682970116,1.1956528521200451e-05,0
1463356800000000000,0.0058498663461592,-0.44337837072703146,0.4930945071079796,1.1411107861496914,0.2945913868400501,0.2945913868400501,-0.4919434521239849,1.2651951935661707e-05,0
1463443200000000000,0.0038091656381104,-0.4769159503110597,1.0586588186888868,-1.3636590256020955,0.774421460976664,0.774421460976664,0.27870750808651334,1.2025123260362343e-05,0
1463529600000000000,-0.0026140778146703,-0.5196813732321058,1.2900568444678382,-1.014392498103403,0.926571034704047,0.926571034704047,1.0493584682970116,1.1493181678434915e-05,0
1463616000000000000,-0.0110838613858264,-0.5583244658582978,0.271112415358421,-0.05580239984476555,1.394853544265234,1.394853544265234,-0.2992807120713603,1.1350615088841995e-05,0
1463702400000000000,-0.0043390900326874,-0.5018339126110686,1.4775086655033878,-1.2314292247425969,1.482301424994435,1.482301424994435,-0.2992807120713603,1.159199889315541e-05,0
1463961600000000000,-0.0024094956185153,-0.5312621896719688,0.963414864017482,0.4126321265452257,1.6708290417276854,1.6708290417276854,-0.6846061921766095,1.1400638691398108e-05,0
1464048000000000000,0.0022997953380331,-0.5701235052616718,-0.1215150309728254,-0.054514425256546775,1.5449770518151125,1.5449770518151125,-0.10661797201873578,1.1443905299783775e-05,0
1464134400000000000,0.0237262813366222,-0.6121832862041469,0.5769951638236459,-1.2918177562683124,1.2563283157460599,1.2563283157460599,-0.2992807120713603,1.2604198600125682e-05,0
1464220800000000000,0.0168393595342784,-0.29650114695472796,1.6205242697134363,-1.4849070219905065,1.7299013822662404,1.7299013822662404,-0.6846061921766095,2.317396809235814e-05,0
1464307200000000000,0.0107234347618368,-0.2051848716375767,-0.6291461752122918,0.7683719665649422,0.7834780358162975,0.7834780358162975,-0.2992807120713603,3.7910860277726444e-05,0
1464566400000000000,0.0026752262230023,-0.21342888991089887,1.305732509672321,-1.0642955463641293,0.4060841354430383,0.4060841354430383,-0.4919434521239849,3.7076672018521534e-05,0
1464652800000000000,-0.0022523239460265,-0.27550570134952945,-0.09539115597212701,0.6917611603360313,-0.14393184755071384,-0.14393184755071384,-0.877268932229234,2.6285146510247548e-05,0
1464739200000000000,0.0024296262330994,-0.3308531836468645,-0.6047696675925844,0.015312209982057597,-0.13611825219530693,-0.13611825219530693,0.47137024813913786,1.928619799462961e-05,0
1464825600000000000,0.0047564254428807,-0.3867657863639611,-1.505896171863305,,-0.590256554032691,-0.590256554032691,-1.6479198924397322,1.5256234474034624e-05,0
1464912000000000000,0.0002250167286977,-0.43077241361156493,-1.7255416762915496,-0.9950760677359622,-0.8307956285484338,-0.8307956285484338,-1.0699316722818586,1.3259662259710309e-05,0
1465171200000000000,-0.0024053331374929,-0.4826134924731265,-0.024525000742344937,-0.15442937522861933,-0.13121001248605701,-0.13121001248605701,1.0493584682970116,1.1989520131846227e-05,0
1465257600000000000,0.0079430070714572,-0.5246225474940015,1.1478988355322448,0.07096655292183783,0.719431952617442,0.719431952617442,0.47137024813913786,1.1461330554354651e-05,0
1465344000000000000,0.0007980422292402,-0.53380564786948,-0.41720684398051444,1.8077586329016266,1.1388028948601316,1.1388028948601316,-1.4552571523871076,1.1373425164336032e-05,0
1465430400000000000,-0.0084301856371499,-0.5798497445225513,1.2166156829309465,-0.27626994930234783,1.0980869142470193,1.0980869142470193,-0.6846061921766095,1.1373146887996694e-05,0
1465516800000000000,-0.0040980298028367,-0.5601655240721379,-0.16007516714987874,0.5351522477662048,0.5759087020754811,0.5759087020754811,-0.4919434521239849,1.1327711187871723e-05,0
1465776000000000000,-0.0073031447296469,-0.5870275648394454,1.3116353499666145,-0.18273117424392238,0.5429310614093212,0.5429310614093212,-0.4919434521239849,1.1413610224329635e-05,0
1465862400000000000,-0.0002157902993896,-0.5808267168258974,0.985506423756999,-0.9974863646523605,0.4688517772786768,0.4688517772786768,-0.2992807120713603,1.1415689840561305e-05,0
1465948800000000000,0.0119825911101933,-0.6233747213294586,1.9268244414526063,-1.9298045027798798,1.137782263276364,1.137782263276364,-0.4919434521239849,1.1756053967734611e-05,0
1466035200000000000,-0.0080563476172897,-0.5675233702255164,1.6366009939015675,-0.22974451162436937,1.9319908818461737,1.9319908818461737,-0.4919434521239849,1.1363010586941166e-05,0
1466121600000000000,0.0036110989197415,-0.5540645834628866,-1.4689527577434613,0.09270330986164192,1.4185730990312355,1.4185730990312355,-0.4919434521239849,1.1328644927133408e-05,0
1466380800000000000,0.0083248762334282,-0.5927561100841926,0.49186636540491746,0.7332843923486186,0.8292427136075925,0.8292427136075925,-1.0699316722818586,1.1456504572573041e-05,0
1466467200000000000,-0.0022601974495153,-0.5914806637213721,-0.7055845899697836,0.7105259830940865,0.0784833888861522,0.0784833888861522,-1.0699316722818586,1.1492813762570859e-05,0
1466553600000000000,-0.0019727952444882,-0.6270927509683804,1.6014533578672419,0.42446966277440923,1.0626650172976635,1.0626650172976635,0.47137024813913786,1.1915662738190602e-05,0
1466640000000000000,0.0081036488925214,-0.6616488877192155,1.4671860666737515,0.31727468511442614,1.1870868286679084,1.1870868286679084,-0.4919434521239849,1.2595035968566405e-05,0
1466726400000000000,-0.0222332696976114,-0.6560834696553843,1.0326815825333147,1.088343816792947,1.2570182407209647,1.2570182407209647,-0.10661797201873578,1.2974870643088858e-05,0
1466985600000000000,0.0007538756415223,-0.3268544469677149,1.3536233833929399,-1.4505683634628495,1.4644266061986484,1.4644266061986484,-0.10661797201873578,1.795323152197402e-05,0
1467072000000000000,0.0040868972986644,-0.38477761884490175,0.5175185918128619,0.14307745498246843,1.1600221571890956,1.1600221571890956,0.47137024813913786,1.5210746055885446e-05,0
1467158400000000000,0.0093253922536919,-0.43212243324653987,0.1677194435323104,1.0672455542578043,0.882768981412707,0.882768981412707,1.0493584682970116,1.3320781766073012e-05,0
1467244800000000000,0.0101566807593836,-0.4349395680603342,-1.1725700408805508,0.5854219181123174,0.32186520516959155,0.32186520516959155,0.6640329881917624,1.3082460801051025e-05,0
1467331200000000000,0.0048867894542098,-0.42772087894225486,0.6031376269054024,0.3300222879239321,0.48190181743596916,0.48190181743596916,1.242021208349636,1.3164854162946995e-05,0
1467590400000000000,0.0050722259326849,-0.46834250515302406,2.966081601555233,-3.2627649720542204,1.3233847362729059,1.3233847362729059,-0.4919434521239849,1.2220498306531853e-05,0
1467676800000000000,-0.0041600260138615,-0.5051618162554538,-0.2328259696923214,0.5760253965767006,1.624608357985285,1.624608357985285,-0.2992807120713603,1.1629672690316478e-05,0
1467849600000000000,0.0002339226096985,-0.5356186435336402,-2.4576235692870276,-1.0273419677906785,0.1285395665843555,0.1285395665843555,-1.4552571523871076,1.1383713050626263e-05,0
1467936000000000000,-0.0017646132140196,-0.5813628728412015,-0.11773847382925615,1.837688882370616,-0.35225982007773143,-0.35225982007773143,0.08604476803388877,1.1417863270733233e-05,0
1468195200000000000,0.0172357704308392,-0.6197391410951351,0.7265664343269495,0.74088169088129,-0.25102439048591724,-0.25102439048591724,-0.6846061921766095,1.1781537891239079e-05,0
1468281600000000000,0.0062569595942416,-0.46269100702381993,0.3144532400788456,0.40890609742247375,0.6375313788803924,0.6375313788803924,-0.10661797201873578,1.2214771719304286e-05,0
1468368000000000000,-0.0001818960901539,-0.49187854470544673,-0.3092644839324077,1.9977158041946599,0.5761400275708322,0.5761400275708322,-0.6846061921766095,1.1772725319144586e-05,0
1468454400000000000,0.0053264781029264,-0.5397599353261683,1.876788797861659,-1.6581598566578877,0.8442611324201543,0.8442611324201543,-0.877268932229234,1.1376876459446941e-05,0
1468540800000000000,-0.0027591572520208,-0.5699643541168208,1.2848616805279192,-0.13472197419122772,1.2588782859155925,1.2588782859155925,0.08604476803388877,1.1359746663684522e-05,0
1468800000000000000,-0.0038357821106622,-0.6045273083599558,0.9245726113604124,-1.8058200349800402,1.957803607346156,1.957803607346156,-1.262594412334483,1.15941466619933e-05,0
1468886400000000000,0.0023301434628515,-0.6299648810307853,0.5404407046471442,0.4089556528031015,1.5294533523692562,1.5294533523692562,1.4346839484022607,1.1982643785578605e-05,0
1468972800000000000,0.0043639864706521,-0.6682577086354294,0.6177430621010744,-0.6309708276291928,1.315616529647719,1.315616529647719,0.6640329881917624,1.280577931402676e-05,0
1469059200000000000,-0.0065296748506876,-0.6953655888256978,0.13218106403903362,0.4537014440844223,1.5387393782538883,1.5387393782538883,1.8200094285075097,1.3605484168093255e-05,0
1469145600000000000,0.0036478885225085,-0.6872913848142544,-0.30743605733237783,0.7639897738213625,0.6223206324487341,0.6223206324487341,-0.10661797201873578,1.3517846598020091e-05,0
1469404800000000000,0.0109974930243212,-0.7169611054825832,-0.14984695558716163,0.267025438408506,0.6154349440807356,0.6154349440807356,-0.4919434521239849,1.4346956710768292e-05,0
1469491200000000000,-0.0052245810557146,-0.6639963809730861,-0.016794933645669124,-0.19635705183098084,0.5676824857821048,0.5676824857821048,0.6640329881917624,1.2869577797084719e-05,0
1469577600000000000,0.0029232563005614,-0.67299994187286,0.40073979769170176,-1.25127826481889,0.7946797102390676,0.7946797102390676,-0.2992807120713603,1.3046996834379137e-05,0
1469664000000000000,0.0058442139411648,-0.7067180698583462,-0.4899358587044884,-0.07397851922207666,0.7445096445868998,0.7445096445868998,0.47137024813913786,1.4125607758221973e-05,0
1469750400000000000,-0.0032129615963578,-0.7200467672441111,-0.9531498220177016,-1.7223049211384691,-0.3766323588008868,-0.3766323588008868,0.47137024813913786,1.4844234292140516e-05,0
1470009600000000000,-0.0002257817306269,-0.7411296684345848,1.2127065690247392,1.379720115715427,0.04909919914837431,0.04909919914837431,-1.0699316722818586,1.605743293905127e-05,0
1470096000000000000,-0.0015816745902789,-0.7737154444075327,0.1350466964307263,1.1426648031761677,0.24942981525627614,0.24942981525627614,0.08604476803388877,1.819137244379527e-05,0
1470182400000000000,-0.0090927837382057,-0.8000505367919363,1.0572139308340243,0.11978200840940102,0.8938276562850527,0.8938276562850527,-0.2992807120713603,1.989866145804096e-05,0
1470268800000000000,0.0007311673892417,-0.7417114226982934,-1.6931463207720925,0.7800544733220589,0.08435979448603786,0.08435979448603786,-0.877268932229234,1.6552208330518798e-05,0
1470355200000000000,0.0153245270883402,-0.7751093631838074,0.895271064787406,0.7447687683611628,0.5260280101844252,0.5260280101844252,-0.6846061921766095,1.7456559386377016e-05,0
1470614400000000000,0.0032423172214172,-0.6269666916680381,-1.839790126955644,-1.0151806047289356,-0.21649251973967473,-0.21649251973967473,-1.0699316722818586,1.2424633416294183e-05,0
1470700800000000000,-0.0038068328301676,-0.6624672589849014,-0.46210672417459975,0.4174712350920169,0.17810236745080693,0.17810236745080693,-0.10661797201873578,1.2667459474624939e-05,0
1470787200000000000,-0.0119339403558223,-0.6837184192094267,0.5380501766443789,0.8636850574720472,0.06359952249888376,0.06359952249888376,-0.4919434521239849,1.3080864286763743e-05,0
1470873600000000000,0.0019630860910883,-0.5928528365840655,-0.15873258761609269,1.3777503432036509,-0.044972979230899636,-0.044972979230899636,-0.10661797201873578,1.164410091400508e-05,0
1471305600000000000,0.0058486143833095,-0.6342455063440596,-1.3317414610461196,-0.5851847552389667,-0.40580157787795734,-0.40580157787795734,0.27870750808651334,1.2021982651509811e-05,0
1471392000000000000,-0.0021428662849281,-0.6534551986142647,-0.39832202700097086,0.21019465749872093,-0.7359420148506669,-0.7359420148506669,-0.6846061921766095,1.24660549630799e-05,0
1471478400000000000,0.0056887871001746,-0.6854818055321239,1.9069635193720516,-0.7355455020359133,-0.2027862633411523,-0.2027862633411523,0.08604476803388877,1.3333243338662686e-05,0
1471564800000000000,-0.0007323592374647,-0.7018741204874284,0.9106191123959093,0.25360270764977877,0.9272757239433098,0.9272757239433098,-0.4919434521239849,1.405709374832267e-05,0
1471824000000000000,-0.0043651652530661,-0.7358850204938093,1.3901225594690716,-0.45392526732713107,2.0120738779753284,2.0120738779753284,-0.877268932229234,1.5547706521072006e-05,0
1471910400000000000,0.0003996372089627,-0.7466039397557694,-0.560328935956843,-0.055130736883845274,1.2212130553280784,1.2212130553280784,-0.6846061921766095,1.6465562728719005e-05,0
1471996800000000000,0.002048290749933,-0.7795831277995664,0.31044912200409636,0.6703691747258621,1.0288358074244894,1.0288358074244894,-0.10661797201873578,1.877031958491098e-05,0
1472083200000000000,-0.0067391421502295,-0.8089817494488643,1.0374909143894258,-2.038996516796484,1.0828435128121292,1.0828435128121292,-0.6846061921766095,2.113038067369875e-05,0
1472169600000000000,-0.0022896225356679,-0.7856030534547752,1.7335490689918556,-1.0526008466848964,1.2646085617793121,1.2646085617793121,0.08604476803388877,1.9809372387387554e-05,0
1472428800000000000,0.004062914858462,-0.8075635409717214,-0.2826811251116493,1.4612289119473947,1.2720469040839382,1.2720469040839382,-0.877268932229234,2.1463603434527967e-05,0
1472515200000000000,0.0157796028316789,-0.8262011074460582,0.1133430635933356,0.9775810207791339,0.9758224626117754,0.9758224626117754,0.27870750808651334,2.216501067679114e-05,0
1472601600000000000,0.0047745981624819,-0.6555546765327354,0.604868087593047,1.3705665501700195,0.6140373943165865,0.6140373943165865,-0.4919434521239849,1.3401621464415488e-05,0
1472688000000000000,-0.0013154039773133,-0.6810100317103595,0.2739373395248303,2.2757698196681035,0.31068311081193883,0.31068311081193883,-1.262594412334483,1.3336223344631556e-05,0
1472774400000000000,0.0039808288831956,-0.7146102591696407,1.2844601510772033,-1.3058648271164965,0.6500234860746041,0.6500234860746041,-0.877268932229234,1.448486829989029e-05,0
1473120000000000000,0.0150233474468299,-0.74061814124664,-0.5705370697426365,1.092611105339074,0.45115955423465776,0.45115955423465776,-0.2992807120713603,1.533421489553679e-05,0
1473206400000000000,-0.0028049819116828,-0.606553213233048,1.5621884326264346,-0.014323550318975002,0.5401820034153542,0.5401820034153542,-0.10661797201873578,1.195494114569973e-05,0
1473292800000000000,0.0038667014380895,-0.6383710989220931,2.1886588329396526,-1.181209278741742,0.8941837076863657,0.8941837076863657,-0.877268932229234,1.2135641291994793e-05,0
1473379200000000000,-0.0096301143518348,-0.6702986016262321,0.4423713311468911,0.521837639862788,1.938050300064651,1.938050300064651,0.08604476803388877,1.272212704887941e-05,0
1473638400000000000,-0.0171882299396912,-0.6218223789537928,0.13872411097446924,0.2566836670391353,0.43091169717816025,0.43091169717816025,-0.4919434521239849,1.1978247015307361e-05,0
1473811200000000000,0.0012613090035687,-0.4313969154684537,-0.7154068453344663,1.7981734665906968,0.26114428912863785,0.26114428912863785,-0.877268932229234,1.2941253831444372e-05,0
1473897600000000000,0.0018260991839711,-0.4832075669607854,0.9394236762707562,-0.6481933594791076,0.8738607453548417,0.8738607453548417,-0.10661797201873578,1.1951056458127678e-05,0
1473984000000000000,0.0042573919410826,-0.5313833581076093,0.7350817815422876,-0.38226336261395033,1.2656805006853968,1.2656805006853968,0.08604476803388877,1.1422648035084068e-05,0
1474243200000000000,0.0032465772692253,-0.5685073729411538,0.44034998839662615,0.10186614430482598,1.0167389313073856,1.0167389313073856,0.27870750808651334,1.136271321873912e-05,0
1474329600000000000,-0.0036964832905136,-0.6077490033698129,1.3674726969619413,0.011698595105735511,1.1539448794332454,1.1539448794332454,-1.4552571523871076,1.1630293677631774e-05,0
1474416000000000000,0.0001424253843608,-0.6339237831963171,-1.865697956235608,-1.307885446397673,0.32029631924699775,0.32029631924699775,-1.0699316722818586,1.2045432961546702e-05,0
1474502400000000000,0.0102354930170989,-0.6736986064224597,0.5109904475478998,0.310479668945689,0.5370596645964596,0.5370596645964596,-0.2992807120713603,1.2814734114708262e-05,0
1474588800000000000,-0.0040567760733005,-0.6384606107111569,1.3741524288487283,-0.8371345637901014,0.5966026627119702,0.5966026627119702,-0.877268932229234,1.2186755134928261e-05,0
1474848000000000000,-0.0123615900172105,-0.6596839299351688,-0.4414557577736917,2.2400367089218056,0.887867516743726,0.887867516743726,-1.262594412334483,1.2441328249776149e-05,0
1474934400000000000,-0.0019104927510736,-0.5647956272910035,1.8290719633218928,-1.398443547624834,1.3103626407529296,1.3103626407529296,-0.877268932229234,1.1435239572970401e-05,0
1475020800000000000,0.0044408733836031,-0.6036563984378824,-0.5575543019269196,-1.0627595951618531,0.6911773589615936,0.6911773589615936,-0.6846061921766095,1.160038324789526e-05,0
1475107200000000000,-0.0177550621960591,-0.6348734358760552,-0.042707071149733815,0.4356045377515039,0.7236504528649789,0.7236504528649789,-0.877268932229234,1.2079361546761487e-05,0
1475193600000000000,0.0023136770509358,-0.42786699297140623,1.332064409178918,-0.35595089850822287,0.6902483441508196,0.6902483441508196,0.08604476803388877,1.3072191742247439e-05,0
1475452800000000000,0.0146348095219124,-0.4783946898790211,1.1035344968592897,1.254506944401959,0.6639779648954154,0.6639779648954154,-0.6846061921766095,1.2256668165717386e-05,0
1475539200000000000,0.0035471948830647,-0.39852591157247075,-0.004619113165306914,-0.22048073597558146,0.841214667139669,0.841214667139669,-0.6846061921766095,1.4052157613266446e-05,0
1475625600000000000,-0.0028778699216004,-0.447201226429057,-0.010401519491476508,-2.6883872707052103,0.8515698218783546,0.8515698218783546,-1.0699316722818586,1.2736140928694881e-05,0
1475712000000000000,-0.0039419526365027,-0.4892593178346331,0.7298308078374824,-0.16541999826422943,0.6585311083873695,0.6585311083873695,-0.10661797201873578,1.1856181271624169e-05,0
1475798400000000000,-0.0013730217286708,-0.5223352607207661,-0.5498405425599302,-0.21315931469894153,0.4174977733132982,0.4174977733132982,-0.6846061921766095,1.1463344738927426e-05,0
1476057600000000000,0.0012869056479532,-0.5657650910915746,-1.8322495437832902,-0.6169857093606349,0.6278183614765086,0.6278183614765086,-1.262594412334483,1.1363599080131214e-05,0
1476316800000000000,-0.0156754771216134,-0.6097015736933358,-1.052239321702176,0.8034251205149475,-0.1387198612059447,-0.1387198612059447,-0.877268932229234,1.1672720310725823e-05,0
1476403200000000000,0.001171641761961,-0.4562205456769367,2.5613946589337613,,-0.17583330418687948,-0.17583330418687948,-1.6479198924397322,1.2320516783431197e-05,0
1476662400000000000,-0.0073668169692744,-0.506658464371522,-3.3002963092072597,-2.6690141520803556,0.19485903147887534,0.19485903147887534,-1.0699316722818586,1.1672372226551781e-05,0
1476748800000000000,0.0183162749892034,-0.5076272166720774,-1.3806893743695139,-2.5360205169287213,0.0895783306482976,0.0895783306482976,-1.0699316722818586,1.1969659445440618e-05,0
1476835200000000000,-0.002168862965894,-0.350245008695612,-1.0792268643861147,1.7957980179612119,-1.0773789656630681,-1.0773789656630681,-1.0699316722818586,1.6335479252765706e-05,0
1476921600000000000,0.0046433567024341,-0.4014190398147468,0.39579497111274037,-0.47373364756339276,-1.4788680453595537,-1.4788680453595537,0.6640329881917624,1.4353100612471187e-05,0
1477008000000000000,-0.0007302693005771,-0.44506460660146596,0.09479892374902349,-0.5813758053137354,-1.6782185862260925,-1.6782185862260925,-0.10661797201873578,1.2805002804268645e-05,0
1477267200000000000,0.0018274215664756,-0.49476914816963663,1.2193051273338997,1.3636032887234153,1.0047284557790899,1.0047284557790899,-0.4919434521239849,1.1787115330839253e-05,0
1477353600000000000,-0.0020287520787162,-0.5422630359996412,0.5027654537202464,1.2089912720180092,1.0390165531188387,1.0390165531188387,-0.10661797201873578,1.1373345385647977e-05,0
1477440000000000000,-0.0087886141432832,-0.5820822013035958,-1.1294314473057376,0.7768324812136237,0.6466042810061458,0.6466042810061458,-0.6846061921766095,1.138499910375261e-05,0
1477526400000000000,0.0,-0.5572719324570311,-1.1032525184320563,0.8297316421763091,-0.02158801289401198,-0.02158801289401198,-0.10661797201873578,1.1344671880727803e-05,0
1477612800000000000,0.0026371858270232,-0.6015121320097856,-0.5523837376835525,-0.5313053044698244,-0.3298368177103757,-0.3298368177103757,-0.10661797201873578,1.163212648919158e-05,0
1478044800000000000,-0.0130980125467139,-0.6767817811608688,0.8757730318201249,0.5483374658295339,1.872208954151678,1.872208954151678,-0.6846061921766095,1.2787995639258188e-05,0
1478131200000000000,-0.0034178384703509,-0.5643308461291446,-0.4048468439467521,-1.5092091256664906,1.919500125046112,1.919500125046112,-1.0699316722818586,1.1453713865041304e-05,0
1478217600000000000,-0.0060525159761116,-0.5954740069780298,-0.5597236815069437,-0.20648843591774704,1.2654464243304617,1.2654464243304617,-1.0699316722818586,1.1492130582412541e-05,0
1478476800000000000,0.0074775084884729,-0.6023539968556478,-1.3082801749428101,-0.38111630378838723,-0.33232901515247215,-0.33232901515247215,-0.6846061921766095,1.1564501316396039e-05,0
1478563200000000000,0.0054575679826926,-0.6093195254699496,-2.089022824405047,-0.9974865140212695,-0.8721713019925352,-0.8721713019925352,-0.4919434521239849,1.1727429262285295e-05,0
1478649600000000000,-0.0131425976316571,-0.6334756542482285,0.9595655418667757,0.4614912602159372,-0.38518147537456693,-0.38518147537456693,0.6640329881917624,1.2827405464215415e-05,0
1478736000000000000,0.0110570040404547,-0.5280390819585921,0.7264207022594351,0.43615331028823634,-0.29416493733505694,-0.29416493733505694,1.0493584682970116,2.2026370031616234e-05,0
1478822400000000000,-0.0272813871024,-0.498708531308451,-0.8779267593067658,1.5332031210570003,-0.8190566808279444,-0.8190566808279444,-0.2992807120713603,0.00014026033841906362,0
1479168000000000000,-0.022902856859881,-0.07830051414096989,-0.11758759263641275,0.5067462813964112,0.9261383919069858,0.9261383919069858,0.47137024813913786,0.0015528975146876299,0
1479254400000000000,0.0003883961302774,0.12400387186891877,-0.21986574633210107,0.6880773029510497,1.137071908502955,1.137071908502955,-0.2992807120713603,0.004046134776358625,0
1479340800000000000,-0.0039094394399234,0.041566274746129964,0.07275060255400724,-0.4837384493071658,1.1029353853574448,1.1029353853574448,-0.2992807120713603,0.003955832013265691,0
1479427200000000000,-0.0007242886837538,-0.025792065185469913,0.9002897677609983,0.18220217893143717,0.4153558652185435,0.4153558652185435,0.08604476803388877,0.0030050386708174517,0
1479686400000000000,-0.018121871425978,-0.09914541149032971,0.9587655261831395,-0.2630978050129413,1.4349500976042855,1.4349500976042855,-0.4919434521239849,0.002115680967228789,0
1479772800000000000,0.0091894274947825,0.011870943610536894,1.0973810943512055,-0.396211774258268,1.763383037080918,1.763383037080918,0.27870750808651334,0.001902528552360896,0
1479859200000000000,0.0038664021768522,-0.029002053402220774,1.4586380871245617,-0.7953775746843837,1.9423548530169887,1.9423548530169887,-0.4919434521239849,0.0013075758216190836,0
1479945600000000000,-0.0084756620986245,-0.09827112600592647,1.8808428511393134,-1.9650649652485395,2.5937149119780414,2.5937149119780414,-0.6846061921766095,0.0006999532937367569,0
1480032000000000000,0.0185081971326499,-0.1235601579966058,-0.2114449222915994,1.160238180734949,1.6726212665176645,1.6726212665176645,-0.877268932229234,0.0004255339421293364,0
1480291200000000000,0.0015516218520139,-0.02865969364006536,-0.7047702749717286,0.8346712293384314,-0.08928825272848856,-0.08928825272848856,-0.2992807120713603,0.0003890516354171242,0
1480377600000000000,0.0018747258935887,-0.10264139067508234,-1.0060132056243527,0.10149348592213533,-1.0146351247562575,-1.0146351247562575,-0.2992807120713603,0.00021562753529848257,0
1480464000000000000,0.0100632436210104,-0.17226050942232152,-0.30127725936643834,-0.3542186568197464,-1.0434297963590862,-1.0434297963590862,-0.2992807120713603,9.815587636996999e-05,0
1480550400000000000,-0.0038495313077255,-0.19044243791201604,1.5952815631864865,1.1542716631803072,0.4029975635441655,0.4029975635441655,-0.2992807120713603,5.79601002470114e-05,0
1480636800000000000,-0.0130348946163291,-0.24389459745888603,1.9909251612080163,-1.1740815714865735,0.5154675816028019,0.5154675816028019,-1.0699316722818586,3.811768494328634e-05,0
1480896000000000000,0.0051740815952034,-0.19793002677788646,0.5695521957275874,0.3623922810881071,2.190559832792144,2.190559832792144,-0.877268932229234,4.120937150083137e-05,0
1480982400000000000,0.0017699108511295,-0.2517842582627986,-2.4761452158978137,-2.8421413605594963,0.8855131104628983,0.8855131104628983,-1.4552571523871076,3.036798800651768e-05,0
1481068800000000000,-0.0050599790817267,-0.31327465936748417,-0.3490869205731479,0.12175347484173618,0.13545047560785664,0.13545047560785664,-0.2992807120713603,2.1627610644868792e-05,0
1481155200000000000,0.017714169916451,-0.35110720747964086,-0.23163552243204216,0.5747047442124018,-0.036512825353012014,-0.036512825353012014,-1.262594412334483,1.910219169734878e-05,0
1481241600000000000,0.0018051676124941,-0.23488355866824284,0.3048582576195447,2.4603599983167324,-0.6886662383569575,-0.6886662383569575,-1.262594412334483,2.9328547576944085e-05,0
1481500800000000000,-0.0110696301085065,-0.29727468448196936,-1.3998348656357016,-0.4187669172331355,-0.5196312262647284,-0.5196312262647284,-1.262594412334483,2.305110439689823e-05,0
1481673600000000000,-0.0047974988003114,-0.3162905631120955,-0.11510798618168462,4.254134780354346,-0.48227973070895247,-0.48227973070895247,-1.4552571523871076,2.016974449753944e-05,0
1481760000000000000,-0.0035320811496494,-0.355742782472984,0.9116488313023111,1.1131800629801876,-0.2877803347249537,-0.2877803347249537,-0.6846061921766095,1.6958014687914536e-05,0
1481846400000000000,-0.001736925332793,-0.4003213326630136,-1.0922120316516877,1.0748426313768344,-0.5964576606600874,-0.5964576606600874,-1.0699316722818586,1.4444291389309553e-05,0
1482105600000000000,-0.0043216675473717,-0.4499937045996376,-0.429323890815681,3.4454941262326932,-0.17347589715178588,-0.17347589715178588,-1.4552571523871076,1.271610602409435e-05,0
1482192000000000000,-0.0027121205636996,-0.48329492534173857,-2.4310551146291965,-0.41560931059197376,-1.2449393091343752,-1.2449393091343752,-1.0699316722818586,1.1933949267942154e-05,0
1482278400000000000,-0.0026140364419853,-0.523830660795934,1.8251595402055598,-3.494495023426974,-0.3098110569875646,-0.3098110569875646,-1.4552571523871076,1.1458641204128653e-05,0
1482364800000000000,-0.0102491742213465,-0.5622022049562014,-0.1781691097674353,-3.8371110366897483,-0.46886777439941296,-0.46886777439941296,-1.4552571523871076,1.1339305680053817e-05,0
1482451200000000000,0.0008330679821808,-0.5184569647288582,-0.5599169191945855,,-0.5575175946967791,-0.5575175946967791,-1.6479198924397322,1.144548009535441e-05,0
1482710400000000000,-0.0097521850030884,-0.5653983043963581,-0.5347838193377937,1.4527012874918044,0.5786262017023355,0.5786262017023355,-1.262594412334483,1.1350144177740059e-05,0
1482796800000000000,0.0156328778358968,-0.5287706411721156,1.2720264180020229,-0.5305049743447157,0.4013260542818233,0.4013260542818233,-1.0699316722818586,1.153275711883906e-05,0
1482883200000000000,0.0002489466427699,-0.4222940478417162,0.22920457563372354,2.232274118668253,0.5319047731788723,0.5319047731788723,-1.262594412334483,1.316614697027511e-05,0
1482969600000000000,0.0085200765943986,-0.4746385876542393,2.4958520359988356,-2.6648797594746076,1.511394636451707,1.511394636451707,-0.877268932229234,1.2143588658749616e-05,0
1483056000000000000,0.0100925025171995,-0.4823095803244233,-0.249411619813287,-3.8317699882663363,1.0407464280034475,1.0407464280034475,-1.4552571523871076,1.1950533421055501e-05,0
1483315200000000000,-0.0007698979027411,-0.471005144973534,0.05354017194302319,0.34156191663502156,-0.5782448016787135,-0.5782448016787135,0.27870750808651334,1.206047596083259e-05,0
1483401600000000000,0.0015575613575361,-0.519098362222991,-0.47107946469549405,0.5107979051175793,-1.5292588909526883,-1.5292588909526883,-0.4919434521239849,1.1500753955169112e-05,0
1483488000000000000,-0.0002136393470761,-0.5655274311181054,0.6375666308976996,-1.6830559703704668,-1.2449487162458142,-1.2449487162458142,-0.877268932229234,1.1359680937389846e-05,0
1483574400000000000,0.0101189259729877,-0.6089979861859249,-0.26018055822941133,0.7157247326644499,-0.6421141344265842,-0.6421141344265842,-1.0699316722818586,1.1592337745015376e-05,0
1483660800000000000,-0.0036324930615801,-0.5833183643679548,-0.555639994195769,-0.36372514753634544,-0.18008024292903807,-0.18008024292903807,-0.877268932229234,1.1437962628239115e-05,0
1483920000000000000,-0.000940542632975,-0.6117160714544139,0.42773056226378253,0.5749702593304578,-0.19941766341110953,-0.19941766341110953,-0.6846061921766095,1.1700233315039326e-05,0
1484006400000000000,0.006360193250249,-0.6508737789731762,-0.5648738578645325,0.9466494158359507,-0.297083423740448,-0.297083423740448,-0.877268932229234,1.2323508995152532e-05,0
1484092800000000000,0.0110444941375065,-0.6643519331203158,-1.430448078644252,-1.2463988499165708,-0.57749259851465,-0.57749259851465,-0.6846061921766095,1.2593790456271941e-05,0
1484179200000000000,0.0031629810720875,-0.6179523616992373,1.1010483263114772,-0.7267195489777738,-0.08297820274974314,-0.08297820274974314,-1.262594412334483,1.1881801317976105e-05,0
1484265600000000000,-0.0008151796539613,-0.654347428806585,1.6235326632264735,-2.566501242121436,0.3817531414855443,0.3817531414855443,-1.262594412334483,1.2495107771150895e-05,0
1484524800000000000,0.0014810071904502,-0.6911649580689938,1.5316049327295678,-0.16447033390631496,1.5037108349894652,1.5037108349894652,-0.6846061921766095,1.3604321012598956e-05,0
1484611200000000000,-0.001760750075312,-0.727267710970359,1.2935779109100431,-0.18392495841132228,1.5654238699929532,1.5654238699929532,-1.0699316722818586,1.5177747463469485e-05,0
1484697600000000000,0.0022598879674375,-0.7560269929236548,0.13482862243716842,-0.15366931131577077,1.0882377545675046,1.0882377545675046,-1.0699316722818586,1.6979896128694627e-05,0
1484784000000000000,0.0021480547533008,-0.7864319887134364,-0.425294729401822,0.997287679586664,0.768954477308587,0.768954477308587,0.47137024813913786,1.9322505092555036e-05,0
1484870400000000000,-0.0102178802464588,-0.8151235404182654,-0.6513608605105206,0.8182244034730664,0.6145810810252273,0.6145810810252273,-0.10661797201873578,2.124968117237441e-05,0
1485129600000000000,0.0050356440298158,-0.7341308792304703,-1.251119294889816,1.1562313648994285,-0.24532580877439294,-0.24532580877439294,-1.0699316722818586,1.6208115649962613e-05,0
1485216000000000000,0.0099957322821512,-0.7517578676148987,-1.6578887520208878,1.6791727442810795,-0.6404189484681437,-0.6404189484681437,-0.877268932229234,1.6307032302891852e-05,0
1485302400000000000,0.0148668985383623,-0.7099569478401223,-1.4628142247846099,3.2178731910865936,-0.9005205322198511,-0.9005205322198511,-1.262594412334483,1.4245212778277535e-05,0
1485475200000000000,0.0044653286907273,-0.585459773895598,0.04923557464511725,-1.7799201173481571,-0.9203641698387391,-0.9203641698387391,-1.4552571523871076,1.1673544447878091e-05,0
1485734400000000000,-0.0009841380903137,-0.6177978048679991,-0.09706592432537037,1.4807147528392974,0.5588612017851307,0.5588612017851307,-0.877268932229234,1.1794137546993122e-05,0
1485820800000000000,-0.0083110852188643,-0.6564580764423236,0.6363576200680534,-0.8437297955512847,0.30854320656095485,0.30854320656095485,-1.0699316722818586,1.2390649236285406e-05,0
1485907200000000000,0.0179543284874153,-0.6295497614029714,1.0908084506918696,-1.1316051568827785,0.6424068228575442,0.6424068228575442,-1.4552571523871076,1.2008984729033337e-05,0
1485993600000000000,0.00204572496732,-0.4542072011683403,0.20543354727406737,2.06441951220017,0.41756815745671516,0.41756815745671516,-0.877268932229234,1.2388829092024785e-05,0
1486080000000000000,0.0007668233343177,-0.5037177387747097,1.1793738307085353,0.7342018541973109,0.977286306938831,0.977286306938831,0.27870750808651334,1.1654305962328268e-05,0
1486339200000000000,0.0068521085989636,-0.551525730625536,-1.6287662377828807,-0.8195432506286342,-0.7710773261090056,-0.7710773261090056,-1.262594412334483,1.1344951736354752e-05,0
1486425600000000000,-0.0037280876822229,-0.5688707566350687,-1.0433637725966565,1.2265562315455087,-1.1713642372044268,-1.1713642372044268,-1.0699316722818586,1.1350741154043213e-05,0
1486512000000000000,8.553173850807276e-05,-0.5976748934739397,0.9567162095156039,-0.4469987068344522,-1.2427344507699076,-1.2427344507699076,-0.877268932229234,1.1549364456876903e-05,0
1486598400000000000,0.0010657487804178,-0.6395879904065112,-1.3412596922285895,-0.31127353330414564,-1.456678329625132,-1.456678329625132,-0.2992807120713603,1.2160452316208662e-05,0
1486684800000000000,0.0017242727924366,-0.679231998084095,0.4509059551294967,1.9001524838854247,-0.8243532571372165,-0.8243532571372165,-1.0699316722818586,1.3186959261416914e-05,0
1486944000000000000,0.0013069223565665,-0.7157263782412474,0.6633564394190963,0.5317078842636189,-1.1114211118652315,-1.1114211118652315,-0.877268932229234,1.4626547267607003e-05,0
1487030400000000000,-0.0014490821077153,-0.750485636158664,-0.9416430926957963,0.7389378271129566,-0.983328833235104,-0.983328833235104,-1.0699316722818586,1.6497854023816734e-05,0
1487116800000000000,-0.0077182103048163,-0.778966186538836,-0.9283800529618342,1.272281103374704,-1.4254423186749736,-1.4254423186749736,-1.0699316722818586,1.8177061553746745e-05,0
1487203200000000000,0.0060904853366915,-0.745431736762458,1.4946299227590651,0.15436389861994249,-0.4765436243950975,-0.4765436243950975,-0.10661797201873578,1.6480877575435885e-05,0
1487289600000000000,0.0049660260841438,-0.7532025913418481,0.7247484615552674,0.5198172310713228,0.3355065897762151,0.3355065897762151,-0.2992807120713603,1.6811632401862487e-05,0
1487548800000000000,0.0064968675020789,-0.7698343942700306,1.0020736212904002,1.4687339333423823,0.5848528993327212,0.5848528993327212,-0.4919434521239849,1.785715340815628e-05,0
1487635200000000000,0.0032213817527225,-0.7713719698533822,0.6962656778925406,-0.15594416028080177,1.105613483040078,1.105613483040078,0.08604476803388877,1.8346826025265827e-05,0
1487721600000000000,0.0021363673161383,-0.7972258640440352,0.42723375863987495,0.013461126039031015,0.7634725233728983,0.7634725233728983,-0.2992807120713603,2.065639710331941e-05,0
1487808000000000000,0.0014104252886116,-0.8252267829901422,1.320518586655042,-0.2492439641523953,0.9544394475522429,0.9544394475522429,-0.6846061921766095,2.4013224434439815e-05,0
1488153600000000000,-0.0047992157934504,-0.8527969599878685,1.3137878419104982,-0.22702175626716203,1.8176341949590058,1.8176341949590058,-0.2992807120713603,2.776977596074787e-05,0
1488240000000000000,-0.0019239764630964,-0.8483669386228416,-1.2673681735718938,-0.41932661543594363,0.98811832314146,0.98811832314146,-0.6846061921766095,2.8184493209257892e-05,0
1488326400000000000,0.0074276596143023,-0.8676685781076797,0.3192312694738812,-0.33352442906377217,0.5730241931832297,0.5730241931832297,-0.4919434521239849,3.050602485441735e-05,0
1488412800000000000,-0.0051609401115677,-0.848071899986854,0.87910198558825,-0.4398661242083712,0.5256802920838288,0.5256802920838288,-0.4919434521239849,2.8046739228433683e-05,0
1488499200000000000,-0.0002472504647169,-0.8401020170736395,-0.14777647970640967,1.6761520984062401,0.3625166435350691,0.3625166435350691,-0.6846061921766095,2.7153697581326415e-05,0
1488758400000000000,0.0073792833177025,-0.8661308088330935,0.5186432227657647,1.7936571657245641,0.853675007072051,0.853675007072051,-1.4552571523871076,3.0208474768782047e-05,0
1488844800000000000,-0.001848072076356,-0.8473423997123913,0.4389105858513994,0.6310039521559092,0.7125769658705575,0.7125769658705575,-0.877268932229234,2.866498067217905e-05,0
1488931200000000000,-0.0025292759007722,-0.8671201002748379,0.22325961181767226,0.06857385822382735,0.8315081075521137,0.8315081075521137,-1.262594412334483,3.185272467400771e-05,0
1489017600000000000,0.0003025208654424,-0.8813357130773779,-1.0718856932688583,-1.4877740590132107,0.4203705596870059,0.4203705596870059,-1.262594412334483,3.5809392940309606e-05,0
1489104000000000000,0.0008453695473995,-0.9053622382577196,2.228447168353485,-0.7674874706492795,0.7601113988313298,0.7601113988313298,-0.2992807120713603,4.150589589515337e-05,0
1489449600000000000,0.0169190589685852,-0.9279291549804048,2.468099196013802,,1.5931932459481768,1.5931932459481768,-1.6479198924397322,4.229346456598516e-05,0
1489536000000000000,-0.0002421549155174,-0.7005114277251835,-0.8862971722200208,0.09111970272289531,1.6526814067916806,1.6526814067916806,-1.0699316722818586,1.6828774518336712e-05,0
1489622400000000000,0.0075555246752815,-0.7356510587028754,0.6227781695476305,0.5935651342594653,1.1380035855418655,1.1380035855418655,-0.4919434521239849,1.5728415691663616e-05,0
1489708800000000000,0.0006934253912419,-0.7289415455116445,-1.0805561810558295,-0.7994644706004311,-0.06855500541820057,-0.06855500541820057,-0.877268932229234,1.5507369617474505e-05,0
1489968000000000000,-0.0036310400180971,-0.7631431407328196,0.9456353292721774,-0.05810035585783163,0.24028626204636178,0.24028626204636178,0.27870750808651334,1.7344718023570717e-05,0
1490054400000000000,-0.0005863115999817,-0.7777438155244117,-0.03657882763399224,-1.9739186838410205,0.028937333352067083,0.028937333352067083,-0.6846061921766095,1.8673875563173083e-05,0
1490140800000000000,-0.0100320425436534,-0.8071852564204565,0.8823651736240269,0.04878216648610173,0.6581280861552357,0.6581280861552357,-0.10661797201873578,2.045348409957776e-05,0
1490227200000000000,0.0061655414240061,-0.7310150387976291,-0.2480756256240044,0.5362640869170072,0.6626784627130797,0.6626784627130797,-0.4919434521239849,1.5952973375982493e-05,0
1490313600000000000,0.0023853850750034,-0.7393598434273974,1.8301775058651475,-1.1583452369549716,1.0922363481253816,1.0922363481253816,-1.0699316722818586,1.603058551651476e-05,0
1490572800000000000,-0.0069188963418471,-0.7705046395902789,0.47971018806547044,-0.7320169541967804,0.94787542985603,0.94787542985603,-1.4552571523871076,1.7608362440894447e-05,0
1490659200000000000,0.0061280484260037,-0.7492482722579781,2.3924740970330176,-3.107261202430907,1.7942717787732991,1.7942717787732991,-1.262594412334483,1.664154275708789e-05,0
1490745600000000000,0.0047137323415894,-0.7563249267261871,-1.555462389185033,-1.0187209163058313,0.7090457664277909,0.7090457664277909,-1.262594412334483,1.706821982408396e-05,0
1490832000000000000,0.0032701122498964,-0.7745588226598059,-1.102442376051744,0.2816692475319223,0.16862478708747147,0.16862478708747147,-0.4919434521239849,1.8481925397633808e-05,0
1490918400000000000,0.0,-0.7999641251826536,-0.2512491966631589,1.7954765497240148,-0.0009561015608915626,-0.0009561015608915626,-1.0699316722818586,2.0875281669348692e-05,0
1491177600000000000,0.0069629874333823,-0.8290902960162053,0.327501573154727,-0.13358187138726962,-1.2917950995189462,-1.2917950995189462,-0.4919434521239849,2.3868378086905435e-05,0
1491350400000000000,0.0029509594186491,-0.819556143845815,-0.203415449533533,0.9355932961425516,-0.454906989242709,-0.454906989242709,-0.2992807120713603,2.3781386182116577e-05,0
1491436800000000000,-0.0003454609996294,-0.843204748545133,1.7047744738987507,-1.848353427698388,0.22411927940751145,0.22411927940751145,-0.877268932229234,2.6854793662709908e-05,0
1491523200000000000,-0.0068959675911915,-0.8688180100858395,-1.3960521054666564,0.5652278015398904,0.6178066013254903,0.6178066013254903,-0.877268932229234,3.0217508203042354e-05,0
1491782400000000000,-0.0018334976368336,-0.8357193033291465,1.617134011894656,-0.12339490891136633,1.5644729584863124,1.5644729584863124,-1.4552571523871076,2.6732877518599886e-05,0
1491955200000000000,-0.003638722628744,-0.854415265612243,0.9685261197365757,0.3229303011055374,1.3284774331938864,1.3284774331938864,-0.6846061921766095,2.8672146304199095e-05,0
1492041600000000000,-0.0057371491660003,-0.8611736505805633,-0.34884431607643007,1.0520965254668528,1.6641472529637373,1.6641472529637373,-0.6846061921766095,2.9677816127549277e-05,0
1492387200000000000,-0.0012575110864404,-0.8448472527504939,-0.2960790889716716,1.5394613505963737,0.3369797479667706,0.3369797479667706,-0.6846061921766095,2.8200433597041546e-05,0
1492473600000000000,-0.0037435443192956,-0.8675209503384074,2.018616947537971,-0.9219074664640443,1.095840886817048,1.095840886817048,-0.6846061921766095,3.148575343118987e-05,0
1492560000000000000,-0.0001812754481099,-0.8721702261037694,-1.5591389358169179,1.4945960608398838,0.28135708952683053,0.28135708952683053,-0.877268932229234,3.381305322033295e-05,0
1492646400000000000,0.0036075225852634,-0.8961357304299794,-0.6388470186779918,0.6173253891580253,-0.325042879670039,-0.325042879670039,-0.2992807120713603,3.950759050367043e-05,0
1492732800000000000,-0.0018624222643066,-0.910673681773243,1.3494230753661218,1.0358183424998972,0.29103621522476697,0.29103621522476697,-0.877268932229234,4.4084980294819515e-05,0
1492992000000000000,0.0107486360189436,-0.9255238372791014,0.1688152826106818,1.7505166784672506,1.1448563103365101,1.1448563103365101,-1.262594412334483,4.50550491718219e-05,0
1493078400000000000,0.0095710926019384,-0.8432671809956366,-1.878562278814152,1.2093873107208029,0.7474805438917743,0.7474805438917743,-0.6846061921766095,2.879440381038279e-05,0
1493164800000000000,0.0048503590177315,-0.7954207513578863,-1.1181946449889961,-0.040945572118800774,-0.04348453853451421,-0.04348453853451421,-0.4919434521239849,2.165066092229905e-05,0
1493251200000000000,-0.001037682638315,-0.8095163952261901,-1.2005013875968233,1.5322695039551395,-0.5786990280255913,-0.5786990280255913,-0.4919434521239849,2.2298141546906173e-05,0
1493337600000000000,-0.0040866920407427,-0.8354826040829194,-1.149119293356586,2.0584843039090113,-1.6487110402228164,-1.6487110402228164,-1.0699316722818586,2.52258154501672e-05,0
1493683200000000000,0.0010473820656935,-0.8399068977309996,0.2686585354835971,-2.895081937426579,1.2460956974188986,1.2460956974188986,-1.0699316722818586,2.6907353000223614e-05,0
1493769600000000000,-0.0001986077748364,-0.8668454969635019,1.2343718439416236,-0.8200799697488584,2.010095018838951,2.010095018838951,-1.4552571523871076,3.164190640246394e-05,0
1493856000000000000,0.0051361058723783,-0.8911443669910609,-0.26864923049696143,0.699767462248658,1.4713089820430865,1.4713089820430865,-0.6846061921766095,3.664857718892398e-05,0
1493942400000000000,-0.0080021649798102,-0.8945433804633528,0.398306621917631,1.617453492640322,0.7971746506749267,0.7971746506749267,-0.10661797201873578,3.668453127088216e-05,0
1494201600000000000,0.0030915084131222,-0.8402810410850061,-1.0489569903379499,0.4978801701905711,0.5182856484316032,0.5182856484316032,-0.877268932229234,2.8615296573352102e-05,0
1494288000000000000,0.0003005549701442,-0.8618117701143374,-2.0451032295051563,0.04583664405368806,-0.05113524369500061,-0.05113524369500061,-0.2992807120713603,3.072337564556515e-05,0
1494374400000000000,0.009661416055306,-0.8871675262638512,0.38348773564636685,1.440585197336816,-0.05588525886320456,-0.05588525886320456,-0.6846061921766095,3.389043845374172e-05,0
1494460800000000000,0.0016039118008357,-0.8312392762955716,-0.9420259234038872,2.7695176629964227,-0.7693524752255951,-0.7693524752255951,-1.4552571523871076,2.6942018371560492e-05,0
1494547200000000000,-0.0022844037397764,-0.8581180843143296,1.4017455930279215,-1.2633813930755857,-0.710589625467264,-0.710589625467264,-0.6846061921766095,2.976480623606647e-05,0
1494806400000000000,0.0047224209373486,-0.8746102539262983,2.4414742832986187,-1.839952444671674,0.9292679231745241,0.9292679231745241,-1.0699316722818586,3.3028231188253196e-05,0
1494892800000000000,0.0070525497707111,-0.8830413264198822,-0.9160827603677382,1.9163278262796641,0.9375836910181481,0.9375836910181481,-0.6846061921766095,3.465773189196321e-05,0
1494979200000000000,0.0014182164368899,-0.8664697134500963,-0.4433217441567415,2.127125786097863,0.34616962132655155,0.34616962132655155,-1.0699316722818586,3.2525137692663875e-05,0
1495065600000000000,-0.0101608669092315,-0.8912509873121587,-0.3137415429457229,0.39502857718988965,0.4014386130928277,0.4014386130928277,0.27870750808651334,3.4153452093002875e-05,0
1495152000000000000,-0.0001643714140994,-0.7975232646542034,-0.4004602118281946,0.7067637906128482,0.12880973807563784,0.12880973807563784,-0.4919434521239849,2.2823337486344638e-05,0
1495411200000000000,0.0010971618691591,-0.8265502087348362,2.845205825053787,-3.2657699401580387,0.8906798858025431,0.8906798858025431,-1.4552571523871076,2.4474334844347267e-05,0
1495497600000000000,-0.0055353415058651,-0.8543445197101712,1.6528530197750735,-1.5237351589877621,1.5210480411170093,1.5210480411170093,-1.0699316722818586,2.7798988281777954e-05,0
1495584000000000000,-0.0027312115289387,-0.8412833787800558,-0.1937997324010175,1.1899614866134982,1.5872905639340573,1.5872905639340573,-0.6846061921766095,2.6655876958676993e-05,0
1495670400000000000,0.0158135595125637,-0.8562077827512197,0.8473729059743127,0.24524083313724146,2.362262863085631,2.362262863085631,-0.4919434521239849,2.6358065273070773e-05,0
1495756800000000000,0.0089349226953205,-0.6772142750318294,-0.49622005230766747,-2.0035255061445145,1.503130209026415,1.503130209026415,-1.262594412334483,1.4263880919281706e-05,0
1496016000000000000,0.0010209148022137,-0.6597046157018205,-0.4311280714024921,1.1273013115609196,-0.2528125985900431,-0.2528125985900431,-1.0699316722818586,1.2842244704920181e-05,0
1496102400000000000,0.0020436799494468,-0.6981422572620317,0.440777676593809,0.8489178815566175,-0.3831417928036443,-0.3831417928036443,-0.877268932229234,1.3885273883031265e-05,0
1496188800000000000,-0.0003429116745806,-0.732827574909711,1.5557494768273468,-0.00930534534117284,0.274592277737451,0.274592277737451,-0.6846061921766095,1.551961662579797e-05,0
1496275200000000000,-0.000535457415147,-0.7657300300553678,-0.21847390893938995,,0.12162608129129213,0.12162608129129213,-1.6479198924397322,1.7687801595053117e-05,0
1496361600000000000,0.0038818074424912,-0.7960859272011301,-1.7671622061806016,1.3004404433812293,-0.12380782756625233,-0.12380782756625233,-1.262594412334483,2.034341518780321e-05,0
1496620800000000000,0.0022349905117481,-0.8166998836110889,1.6172249770210183,-0.5021523317455517,-0.20865173179106006,-0.20865173179106006,-0.877268932229234,2.293913229601693e-05,0
1496707200000000000,-0.0039300721143596,-0.8431126204118106,1.224166136183216,-0.32167719994455024,0.2537691256980221,0.2537691256980221,0.08604476803388877,2.641397160357747e-05,0
1496793600000000000,0.00277187158673,-0.8482884397610199,0.06570291593287951,1.5569831438958468,0.8412719225980727,0.8412719225980727,-1.4552571523871076,2.8298512973601638e-05,0
1496880000000000000,-0.0017244332330555,-0.870634266602448,-1.0821355276968927,1.86287857161517,0.7080929543244742,0.7080929543244742,-1.0699316722818586,3.266473717022849e-05,0
1496966400000000000,0.0021744203643893,-0.8893017175130233,-1.1069344375342884,1.0614787859803119,0.24104803117973614,0.24104803117973614,0.08604476803388877,3.771091748283899e-05,0
1497225600000000000,-0.0053773061230002,-0.9108368249499791,0.10704584044745996,1.3857278416930872,-0.6404584426948573,-0.6404584426948573,-0.2992807120713603,4.2965971408612904e-05,0
1497312000000000000,-0.0009883839285963,-0.8933436002821624,0.851914905404124,-0.16776296846226701,-0.02052191540561651,-0.02052191540561651,0.6640329881917624,4.1474722764035995e-05,0
1497398400000000000,0.0011703481475408,-0.9135578732285259,0.4641728737176605,0.2954229868457561,0.48307757396995205,0.48307757396995205,0.08604476803388877,4.740427487556407e-05,0
1497484800000000000,-0.0041779772935031,-0.935368608136681,0.2335690199982937,0.29991960046200666,0.6507656473155519,0.6507656473155519,0.08604476803388877,5.516087601476451e-05,0
1497571200000000000,0.0010435092284018,-0.929162226022476,1.884380318583885,-1.0900118589405152,1.1459454926308588,1.1459454926308588,-0.2992807120713603,5.658772551164691e-05,0
1497830400000000000,0.0072224616043765,-0.9499729937154019,1.6525468730053696,-1.0128626334022572,1.7160200178122325,1.7160200178122325,-1.0699316722818586,6.233396940911327e-05,0
1497916800000000000,-0.0004194287506718,-0.9230532226112331,1.490294196035573,,2.1188481075328998,2.1188481075328998,-1.6479198924397322,5.680242931491271e-05,0
1498003200000000000,-0.0020635967138743,-0.942894203977277,0.04555337247900767,-0.8799059419835311,1.5294343198963714,1.5294343198963714,-1.0699316722818586,6.359910285755326e-05,0
1498089600000000000,-0.0003737213698258,-0.9539494221363417,1.9036918487912258,-0.3812189700015592,1.7004139628903976,1.7004139628903976,-1.0699316722818586,7.097445483400576e-05,0
1498176000000000000,-0.005732892290795,-0.9716478933190893,-0.37635427893262186,-0.08910911997386947,1.5224650716335788,1.5224650716335788,-0.877268932229234,7.651650316068765e-05,0
1498521600000000000,-0.0066592132681246,-0.9418422965801605,0.7487725159146941,-0.8619816392054905,1.2670273176615445,1.2670273176615445,0.27870750808651334,6.279947348012642e-05,0
1498608000000000000,-0.002120798705808,-0.9023553594462157,-0.4429343351981103,1.1238341441851771,1.245685884076605,1.245685884076605,-1.0699316722818586,4.991621481040405e-05,0
1498780800000000000,0.0017661798283679,-0.9377620012443043,0.26588689618744976,1.932761299548641,0.9437840222609692,0.9437840222609692,-0.6846061921766095,5.7739987250616785e-05,0
1499040000000000000,0.0098349558626024,-0.9568943283367548,0.2996332075426004,1.139040246633621,1.0766227834247457,1.0766227834247457,-0.4919434521239849,6.151864961162701e-05,0
1499126400000000000,-0.0001768430214008,-0.8863605438130214,0.027812787014235226,0.6578020755234237,1.2275150927363523,1.2275150927363523,-0.10661797201873578,4.3536077573160567e-05,0
1499212800000000000,0.0025245384198064,-0.9093506953455005,2.5482304328142646,-2.189054498382575,1.9590927713539874,1.9590927713539874,-1.262594412334483,4.642189746812326e-05,0
1499299200000000000,0.0038266315788128,-0.9282333362474467,-0.11666765759765398,-0.3347258333320382,1.136624696729924,1.136624696729924,-1.0699316722818586,5.326171240225179e-05,0
1499385600000000000,-0.0009048440978294,-0.9387570992702214,1.7294100576369988,-0.3791359743852927,1.4496025736012488,1.4496025736012488,-1.4552571523871076,5.848443337455799e-05,0
1499644800000000000,0.0108300502235875,-0.9559219244544548,1.9803614599265138,-1.0938258283203934,2.102968285950869,2.102968285950869,-1.0699316722818586,5.9810011596959326e-05,0
1499731200000000000,0.0015339700917757,-0.8662976640246425,1.0362258767206485,0.9376521198734664,2.4725143959008244,2.4725143959008244,-0.10661797201873578,3.782255219215443e-05,0
1499817600000000000,0.0030659727759677,-0.8909170483933477,0.5888647993506592,0.2548685264133956,2.10692637682081,2.10692637682081,0.47137024813913786,3.885558337650016e-05,0
1499904000000000000,0.0076721863955028,-0.9088144607188803,-0.6712232900659921,0.9614757318453205,1.2884272475917407,1.2884272475917407,-0.6846061921766095,4.194987888587993e-05,0
1499990400000000000,-0.0005410630593885,-0.8808698134155113,0.030722083555902915,0.953045734868393,0.9612733232825121,0.9612733232825121,-1.262594412334483,3.770318011187378e-05,0
1500249600000000000,0.0029896131536668,-0.9033994543098917,-0.8083322601953148,0.4915205994453749,-1.0524862225473335,-1.0524862225473335,-0.6846061921766095,4.1725526530930494e-05,0
1500336000000000000,-0.0089955884194955,-0.9207204069276074,-0.6302181658952613,-2.0123790944597943,-1.03934252482136,-1.03934252482136,-0.877268932229234,4.3486338472153175e-05,0
1500422400000000000,0.0073453097434605,-0.8442999468108727,0.26505020929737333,1.1522782414349109,-0.9642314718559813,-0.9642314718559813,-0.877268932229234,2.9347079886017335e-05,0
1500508800000000000,-0.0026601885384835,-0.8284494769099296,-1.7430151939767902,1.3897942953630846,-0.7881754182187912,-0.7881754182187912,-0.877268932229234,2.5569252541179238e-05,0
1500595200000000000,0.0042398516888927,-0.8448720905333257,1.618340960602699,0.3821843613194585,-0.4052200721479498,-0.4052200721479498,-0.4919434521239849,2.7284333134349853e-05,0
1500854400000000000,0.0051454987363173,-0.8594081070353656,-0.4743283241399334,0.3137821285418943,-0.3071026722526537,-0.3071026722526537,-0.10661797201873578,2.983814814630601e-05,0
1500940800000000000,-0.0001856997207542,-0.8656101592185147,-0.24571670614510177,-0.029839316076814153,0.17283828945924143,0.17283828945924143,-0.6846061921766095,3.203247146050331e-05,0
1501027200000000000,0.0056142278030353,-0.8900188978665544,-0.2759433289118673,1.1086957248675815,-0.43435168037899125,-0.43435168037899125,0.47137024813913786,3.697631795563657e-05,0
1501113600000000000,-1.0037915545995924e-05,-0.8889677171241026,0.7563491072767333,0.7594873449812021,-0.04214300848880341,-0.04214300848880341,-0.4919434521239849,3.908579448384441e-05,0
1501200000000000000,-0.0006039221195206,-0.9120722691678541,-1.7106405776431597,0.23867242637843797,-0.61424458226955,-0.61424458226955,-0.10661797201873578,4.595238262504237e-05,0
1501459200000000000,0.0062314413146132,-0.9321996604634913,-0.7277484303927456,0.5495112126962101,0.9501510132136003,0.9501510132136003,-0.877268932229234,5.2638435043080444e-05,0
1501545600000000000,0.0037194224908793,-0.920079257117547,0.8367472991942072,-0.0218441185865722,0.9759216834322341,0.9759216834322341,1.242021208349636,5.149146586035952e-05,0
1501632000000000000,-0.0032828454686495,-0.9319855723475069,0.24445922310739823,0.08131566042212296,1.6026053315095141,1.6026053315095141,0.27870750808651334,5.434775786927936e-05,0
1501718400000000000,-0.0067528598582955,-0.9348045901571659,-0.21801973031072647,0.9010312690174467,1.0711845226414685,1.0711845226414685,-0.6846061921766095,5.326527165828098e-05,0
1501804800000000000,0.0052539828627585,-0.8948653103004093,0.2250234036431738,-0.4062112691819864,0.12643575120506612,0.12643575120506612,-0.2992807120713603,4.262095536282092e-05,0
1502064000000000000,-0.0008944632972548,-0.8968321298963559,1.101829828755834,-0.34349296660935014,-0.42926857855045913,-0.42926857855045913,-0.10661797201873578,4.12417834824061e-05,0
1502150400000000000,-0.0078709511899248,-0.9171294651395051,1.4544364133054648,-1.4533467126930042,0.10681705601831867,0.10681705601831867,-0.6846061921766095,4.3002615536485056e-05,0
1502236800000000000,-0.0070902312842737,-0.8615863967002019,-0.3466565130231462,-1.0156843678744603,-0.07642804255487369,-0.07642804255487369,-0.4919434521239849,3.145437059091378e-05,0
1502323200000000000,-0.0089009580382115,-0.8265659964681659,-0.1321212936418287,1.5096771947705057,0.3145223510747581,0.3145223510747581,-0.4919434521239849,2.4277665892530835e-05,0
1502409600000000000,-0.0112079322048922,-0.7674507838926536,0.025730331528602407,1.1942306922769768,0.6850554774758351,0.6850554774758351,-0.4919434521239849,1.799431020427016e-05,0
1502668800000000000,0.0085466604597317,-0.6758968095116407,-1.2004418027761958,1.4563272904345268,0.16135358184423132,0.16135358184423132,-1.0699316722818586,1.3453997828192202e-05,0
1502841600000000000,0.0104766643914226,-0.6634911117780803,-1.2434656291635415,-0.06750414280229215,-0.9240574708197137,-0.9240574708197137,-0.6846061921766095,1.2685907522715063e-05,0
1502928000000000000,0.0006919277268328,-0.6259537317137663,1.296411769756254,-1.1418567110892759,-0.7647425243391713,-0.7647425243391713,-1.0699316722818586,1.2007239857232373e-05,0
1503014400000000000,-0.0067624124481208,-0.666504422772567,1.503865250585014,-1.2199197318717812,-0.5958114364222978,-0.5958114364222978,-0.2992807120713603,1.2670426167844807e-05,0
1503273600000000000,-0.0084781889031269,-0.6586345721176297,1.2923758792752291,0.3560988388544936,1.818634939631447,1.818634939631447,-0.2992807120713603,1.2515320866190403e-05,0
1503360000000000000,0.0011475670344457,-0.6290974262640608,-0.21628813216634665,-0.29205263699005574,1.333757240488381,1.333757240488381,-0.6846061921766095,1.2042986047868913e-05,0
1503446400000000000,0.0088643637399371,-0.6693311649882828,2.3624787910780585,-1.6188126532737104,1.6089754496243862,1.6089754496243862,-0.6846061921766095,1.2742141371449126e-05,0
1503532800000000000,0.0004616853061997,-0.653610364867615,0.9621501825018351,-0.18669824367890536,1.2368675069996402,1.2368675069996402,-0.4919434521239849,1.2549840918278902e-05,0
1503878400000000000,0.0056399162238638,-0.6924156656633089,0.7930492680548277,-0.20739108642092968,1.1181786247723215,1.1181786247723215,-0.2992807120713603,1.3532512692538294e-05,0
1503964800000000000,-0.0118476083539409,-0.7086450462790223,1.3559024539371616,1.492226028481512,0.7955327267033028,0.7955327267033028,-1.0699316722818586,1.395275542476875e-05,0
1504051200000000000,0.0089785730092648,-0.6151150065488945,1.5734704762643799,-1.0278943861767402,0.9914840697967413,0.9914840697967413,-0.877268932229234,1.1890234841859687e-05,0
1504137600000000000,0.0033834484516002,-0.6037958195272245,0.29243848001441686,-0.0769773946431655,1.1216005588519093,1.1216005588519093,0.27870750808651334,1.164303624824605e-05,0
1504224000000000000,0.0056806050296273,-0.6402295130524751,-0.08779972620541589,0.528582946053755,1.269666080812947,1.269666080812947,-0.6846061921766095,1.2125364937487153e-05,0
1504483200000000000,-0.0061899938685985,-0.6603066889170657,0.9030141341588936,0.7072771672941541,1.3128148979819476,1.3128148979819476,-0.6846061921766095,1.2556607527284508e-05,0
1504569600000000000,0.0039617959979342,-0.6596486305172561,0.4323442708034934,0.774967552874967,0.9470406632956796,0.9470406632956796,-0.2992807120713603,1.2655550504019292e-05,0
1504656000000000000,-0.0036238487939692,-0.6896263945528465,0.7633748079723531,-1.0268954817954348,1.0979936202258056,1.0979936202258056,-1.262594412334483,1.350377730524133e-05,0
1504742400000000000,0.0013806437621763,-0.71012929042786,0.5736201000298914,1.784334534340788,1.3100037638801898,1.3100037638801898,-1.4552571523871076,1.442414631594015e-05,0
1504828800000000000,0.000493278440014,-0.745163389034636,-0.5318265039102763,0.9394966251375697,0.6970141201677916,0.6970141201677916,-0.6846061921766095,1.621722727211023e-05,0
1505088000000000000,0.0071461652446926,-0.778284836823165,-0.10616140245983403,3.3442506857515997,-0.7392429827902526,-0.7392429827902526,-1.4552571523871076,1.827685906608128e-05,0
1505174400000000000,0.0086571582858433,-0.7719293117363752,0.02788684526515522,-0.787152974877489,-0.9141711920007279,-0.9141711920007279,-0.4919434521239849,1.797100957395135e-05,0
1505260800000000000,-0.0013632524119145,-0.7471855786645715,1.9345184059809668,0.3500835436208542,-0.12361409360906868,-0.12361409360906868,-0.4919434521239849,1.674825150177725e-05,0
1505347200000000000,0.0007239751479918,-0.7762228177426371,1.355580429217908,1.9160400285572512,-0.046421850643698984,-0.046421850643698984,-1.0699316722818586,1.8644520857298325e-05,0
1505433600000000000,-0.0001188993408102,-0.8074182912822063,2.9649764880283125,-3.625152167678545,1.990793029575552,1.990793029575552,-1.4552571523871076,2.165920559993994e-05,0
1505692800000000000,0.0066901668857368,-0.8358690605591549,0.00907777303128127,0.90473023239786,0.15829264394865777,0.15829264394865777,-0.4919434521239849,2.4918299050473503e-05,0
1505779200000000000,-0.0005467613092135,-0.828771830538689,3.184749497788997,,0.7446107154876067,0.7446107154876067,-1.6479198924397322,2.5211700419110274e-05,0
1505865600000000000,-0.0006308353135604,-0.854890678281481,0.17448802278225514,2.191322291285113,-0.14984668798950812,-0.14984668798950812,-1.0699316722818586,2.9094041465478203e-05,0
1505952000000000000,-0.001900010615274,-0.8789903373377572,0.02302901451740741,-0.5467206670251805,0.8773999916556149,0.8773999916556149,-0.877268932229234,3.343064203793292e-05,0
1506038400000000000,-0.0156826515481897,-0.8960960255376931,0.2872639651090479,0.26066843592086625,1.1900275728002192,1.1900275728002192,-0.4919434521239849,3.358358914989824e-05,0
1506297600000000000,-0.0092555766090874,-0.6713539303748423,1.2738218531457322,-1.5554505264269767,-0.03965475316827106,-0.03965475316827106,-0.877268932229234,1.4691530928491284e-05,0
1506384000000000000,-0.0001113861252619,-0.628625434303002,1.5676628606677978,-0.6732727409119464,0.4554589864359957,0.4554589864359957,-1.0699316722818586,1.2211813845032541e-05,0
1506470400000000000,-0.0138471401230699,-0.6684240004878962,0.1403391684720778,0.59442509338698,0.4083640158804669,0.4083640158804669,-0.2992807120713603,1.2637455560144967e-05,0
1506556800000000000,0.0034043309606841,-0.5421733874334539,0.4080328286100175,-2.6905039655633503,0.9248951085658881,0.9248951085658881,-1.0699316722818586,1.1446240810444834e-05,0
1506643200000000000,0.002009394926278,-0.5824758430696729,-1.1289271865896084,0.005446873689611641,0.7356077575889377,0.7356077575889377,-0.2992807120713603,1.1431891124346387e-05,0
1506988800000000000,0.0072170540435651,-0.6244104364032969,-2.5102035460283396,,-1.600030565930086,-1.600030565930086,-1.6479198924397322,1.1824481669580092e-05,0
1507075200000000000,0.0056032582003749,-0.6320292709627039,0.02574669146535801,0.49882295861217407,-1.6367618015965282,-1.6367618015965282,-0.10661797201873578,1.200207264440512e-05,0
1507161600000000000,-0.0026460047490028,-0.6533499397590541,-0.052261304874082835,2.113936130959842,-1.7843035315121303,-1.7843035315121303,-0.6846061921766095,1.2445455987424606e-05,0
1507248000000000000,0.0091603384813211,-0.6828012762655905,0.6003312804175999,-1.4907376908883274,-1.2300105976391011,-1.2300105976391011,-0.6846061921766095,1.3140780506137285e-05,0
1507507200000000000,0.0009064103842389,-0.6616711968605897,0.7265500224825913,-1.7570886942447108,0.7643290701801437,0.7643290701801437,-1.4552571523871076,1.2788616038961805e-05,0
1507593600000000000,0.0028192178944088,-0.7000294864279951,-0.511458951456188,1.5885751190818203,0.617138805909184,0.617138805909184,-0.6846061921766095,1.3924878921896405e-05,0
1507680000000000000,-0.0032147605398203,-0.732350272651127,-0.6528710993817378,0.9582226403974332,0.21543990601145027,0.21543990601145027,-0.2992807120713603,1.5349962297032855e-05,0
1507766400000000000,0.0111150462937749,-0.7524787997123051,1.692191237852923,-0.9685274432662965,0.40148859188181085,0.40148859188181085,-1.262594412334483,1.6208225817772774e-05,0
1507852800000000000,0.0070124970121348,-0.692328393601058,-0.8367109440989209,0.04900141918884255,0.1447828617082312,0.1447828617082312,-0.6846061921766095,1.3859596081763775e-05,0
1508112000000000000,0.0062161669177718,-0.6958239904488864,0.9313292535194779,-1.497428660964428,1.158880948400428,1.158880948400428,-0.6846061921766095,1.3794590260714166e-05,0
1508198400000000000,0.0003518722920273,-0.7067725346242432,-2.273305090804511,1.3442454085400004,-0.11221104635404526,-0.11221104635404526,-1.0699316722818586,1.4310186214577304e-05,0
1508284800000000000,-0.00230865740736,-0.742229869673992,0.6921750393998943,-0.02926506000910445,0.37785490591367693,0.37785490591367693,-1.262594412334483,1.597435250068519e-05,0
1508371200000000000,-0.0063171151882634,-0.7672415767493174,0.0670266574163148,0.2361720375179985,-0.07829429426941105,-0.07829429426941105,-0.6846061921766095,1.7455286695078252e-05,0
1508716800000000000,0.0037675566950721,-0.754117066028985,2.384986449736021,-2.2617848052719043,1.410859379532632,1.410859379532632,-1.0699316722818586,1.7068505291043006e-05,0
1508803200000000000,0.0022410729134023,-0.7784647409122935,1.4098606062832348,-0.6106870792933315,1.8412885972712245,1.8412885972712245,-0.2992807120713603,1.8744507737849515e-05,0
1508889600000000000,0.008549942456258,-0.8074353508219068,-3.1972314220506655,-2.5645054205757702,0.896000613330118,0.896000613330118,-0.10661797201873578,2.092418693143679e-05,0
1508976000000000000,0.0046949884744854,-0.7798587227195257,-1.2615648814458222,0.15754397640891177,0.23149084670721115,0.23149084670721115,0.6640329881917624,1.9269954327581357e-05,0
1509062400000000000,-0.0020080474155119,-0.7963694439569655,-1.740892181666426,-0.123519159053819,-0.7599488176193183,-0.7599488176193183,0.08604476803388877,2.0591156660962086e-05,0
1509321600000000000,0.0039252889716531,-0.8190698160073355,1.5083079229047243,0.6459411636256378,-1.8568844066131842,-1.8568844066131842,-0.6846061921766095,2.308742839363434e-05,0
1509408000000000000,-0.0027393276855447,-0.8376810909728909,-2.411543516279779,-1.054532468737023,-2.2254961807088134,-2.2254961807088134,-1.0699316722818586,2.5599178373109374e-05,0
1509494400000000000,0.0101272726369556,-0.8528381979351098,-3.735868929433501,-3.702195960928749,-2.864961902939495,-2.864961902939495,-1.4552571523871076,2.6945380655369754e-05,0
1509580800000000000,-0.0016008396193766,-0.7942595227412643,1.5339220121692003,0.32804572011167665,-2.1952323561039644,-2.1952323561039644,-1.4552571523871076,2.145803837391499e-05,0
1509667200000000000,0.0027495498399802,-0.8190719681353987,-1.5673058287032273,-0.5920486997834092,-1.4868156699861779,-1.4868156699861779,-1.262594412334483,2.3364435021978582e-05,0
1509926400000000000,-6.699055402996047e-05,-0.8435772341740279,-2.9846532779644384,-2.0462815230843594,-0.5432370840410522,-0.5432370840410522,-0.6846061921766095,2.6690946462746274e-05,0
1510012800000000000,-0.0097731435935725,-0.8696969222822447,0.43874885563474675,0.8098775325799739,-0.8942816234297019,-0.8942816234297019,-0.2992807120713603,2.929618022695164e-05,0
1510099200000000000,-0.0045513384645174,-0.7875642970821782,0.5898024153327962,2.7075469093155937,-0.20284660658242518,-0.20284660658242518,-1.262594412334483,2.0853693810724478e-05,0
1510185600000000000,0.0005627572809849,-0.79195896876911,-0.33980643927263593,0.22834610126709814,-0.0606907786021092,-0.0606907786021092,-0.2992807120713603,2.0495735836440112e-05,0
1510272000000000000,0.0012408504033945,-0.8221062231036173,-0.4318464343391828,0.4774854204199997,-0.8634548277471186,-0.8634548277471186,-0.2992807120713603,2.342002090329721e-05,0
1510531200000000000,-0.0094224882779228,-0.8500758113132809,1.6258219350099512,-0.65051963215999,-0.828272221169649,-0.828272221169649,-0.2992807120713603,2.596027842483432e-05,0
1510617600000000000,-0.0037577382836893,-0.77791455754189,1.7006313411807223,-0.7390790487195389,-0.17423451350975142,-0.17423451350975142,-1.262594412334483,1.9582091071672037e-05,0
1510704000000000000,-0.0067521545169891,-0.7902703031501533,-1.4087017273174238,-3.826650028307081,-0.48735368952940483,-0.48735368952940483,-1.4552571523871076,1.925232337761676e-05,0
1510876800000000000,0.0067176011334316,-0.7322415710587569,-1.5061370398832754,0.31471279853198025,-0.8854522613900522,-0.8854522613900522,-0.6846061921766095,1.5864135813570066e-05,0
1511136000000000000,0.0014721733571545,-0.7350518826917468,2.0530275615060165,-2.1111713698112333,-0.9165759137704735,-0.9165759137704735,-1.4552571523871076,1.5852771475082537e-05,0
1511222400000000000,0.0027296504663746,-0.7684019473237794,0.8425606200663107,-0.2924731986840872,-0.19496093529426334,-0.19496093529426334,-0.2992807120713603,1.7913275838320195e-05,0
1511308800000000000,0.0014900834832817,-0.7964774381675268,1.0045129637127643,-1.5148216332474422,0.6097976262353237,0.6097976262353237,-0.877268932229234,2.05625666462256e-05,0
1511395200000000000,0.0006234768735595,-0.825838189784814,1.06901388917456,0.27247590625912493,1.0938130550653815,1.0938130550653815,-0.4919434521239849,2.41884687270083e-05,0
1511481600000000000,0.0039492101048355,-0.8537851178504211,0.09750904041048504,0.5895841706990917,1.634939288216206,1.634939288216206,-1.0699316722818586,2.865528308639356e-05,0
1511740800000000000,0.0009475676238426,-0.8695479462592448,-0.951486143233958,2.3389830209546156,0.1285022876710494,0.1285022876710494,-0.877268932229234,3.2698927928034e-05,0
1511827200000000000,-0.0028213872448567,-0.894542740643014,0.31525904468035354,1.0162440942793283,-0.11310473183875346,-0.11310473183875346,-0.877268932229234,3.851713486315428e-05,0
1511913600000000000,-0.0008634372203591,-0.9044302816161431,-0.2872884600508044,0.5282490322132412,-0.23644692709012885,-0.23644692709012885,-0.4919434521239849,4.1835637255025247e-05,0
1512000000000000000,-0.0130904321504817,-0.9242829672435843,-0.1925085933710736,-0.4957548820374392,0.5796618146466429,0.5796618146466429,-0.6846061921766095,4.210448888380478e-05,0
1512086400000000000,-0.0102957662243262,-0.7578105771246721,-2.028021140725148,0.24868617449484706,-0.9968916957828082,-0.9968916957828082,-1.4552571523871076,1.9468861106426287e-05,0
1512345600000000000,0.0005876866933977,-0.6849697980874997,1.2250219926513601,-1.4496876571941988,0.2453994504142099,0.2453994504142099,-1.0699316722818586,1.4054667110900234e-05,0
1512432000000000000,-0.0009384570480314,-0.7218942429477287,-0.1329477301534518,1.00121392032856,0.26449096637136077,0.26449096637136077,-1.0699316722818586,1.4942731848005436e-05,0
1512518400000000000,-0.0073553654573627,-0.7540435134249399,0.39024367043876546,-0.13255802980282907,1.0396365693197744,1.0396365693197744,-1.0699316722818586,1.6379072801966807e-05,0
1512604800000000000,0.0121323342918719,-0.7287896539003705,1.1930127928735659,1.0540494207211637,1.295349087739795,1.295349087739795,-0.877268932229234,1.5080557155167767e-05,0
1512691200000000000,0.0096857156462463,-0.654451806141898,-1.219064991959926,-0.935307707302196,0.4776824897919265,0.4776824897919265,-1.4552571523871076,1.2638417494785422e-05,0
1512950400000000000,0.0054983510599599,-0.6294468915864254,0.48478832589695203,,0.6890925333131813,0.6890925333131813,-1.6479198924397322,1.2022401113857833e-05,0
1513036800000000000,-0.0079854534576269,-0.6517654701137907,1.5201550714387941,-0.755945534712517,0.7939540429368162,0.7939540429368162,-0.877268932229234,1.2317026776812624e-05,0
1513123200000000000,-0.0046199820794001,-0.629896332392278,2.087808243693416,-2.0828597500728416,1.8539323531247554,1.8539323531247554,-0.6846061921766095,1.1999483933133292e-05,0
1513209600000000000,0.0057862005380184,-0.6472593762247281,0.4931850061710491,1.618109584780392,2.192981147120405,2.192981147120405,-1.0699316722818586,1.2291226199187016e-05,0
1513296000000000000,0.0078843267217833,-0.6659367355466752,1.7184104356399579,-1.0127983866813988,2.0316764622704766,2.0316764622704766,-1.262594412334483,1.269984496601554e-05,0
1513555200000000000,0.0053566386167099,-0.6624754955934865,-1.9026572023416566,0.5223059489783604,0.1338422228052503,0.1338422228052503,-1.4552571523871076,1.2706512294399308e-05,0
1513641600000000000,0.0071408679743189,-0.6833091864705371,-0.27407540093331834,2.225925445881615,-0.11209384182164711,-0.11209384182164711,-1.4552571523871076,1.3243240292160456e-05,0
1513728000000000000,-0.0018175387542658,-0.6863102291496433,1.4143705637070978,1.6054013727187426,-0.2095501537862268,-0.2095501537862268,-1.0699316722818586,1.3491549210879191e-05,0
1513814400000000000,-0.0003735201388922,-0.7175992261424927,0.052794587060113876,0.37773927290553416,-0.043464162667539205,-0.043464162667539205,-0.877268932229234,1.4731221562710804e-05,0
1513900800000000000,0.0050350692095142,-0.7514154034757099,0.559376838344359,-0.04003859253443774,-0.037247706745178806,-0.037247706745178806,0.856695728244387,1.6523158880397426e-05,0
1514246400000000000,0.0036623979675021,-0.7676665503589011,-0.8918217217121157,0.27444824629413506,-1.160689818062149,-1.160689818062149,-0.6846061921766095,1.786013986218419e-05,0
1514332800000000000,-0.0038768496273459,-0.7916029707024494,0.28402090603220714,1.3078818664627112,-1.2489518393230863,-1.2489518393230863,-0.4919434521239849,1.9805205070003135e-05,0
1514419200000000000,-0.0012256021006669,-0.8017967735941021,1.089171649819584,-1.9789023741552034,-1.1995755093735356,-1.1995755093735356,-0.877268932229234,2.120577456154868e-05,0
1514505600000000000,0.0050265048012466,-0.8276198722979973,1.0882693096915388,2.3107506498582633,0.2641644873664883,0.2641644873664883,-1.262594412334483,2.3899575479081143e-05,0
1514851200000000000,-0.0084395122885362,-0.8376183611698342,0.17034726135420858,0.48361587883879975,0.7683648921572935,0.7683648921572935,-0.877268932229234,2.4707691014726128e-05,0
1514937600000000000,9.5760673203421e-05,-0.7846402247554545,0.3344808923981897,-0.9646313483424527,0.5267471112918632,0.5267471112918632,-0.6846061921766095,2.029252436144213e-05,0
1515024000000000000,0.0058812093687898,-0.8148949889881284,-0.714735339520318,-0.13336178644039787,0.13154160477226212,0.13154160477226212,-0.6846061921766095,2.2304744693670623e-05,0
1515110400000000000,0.005132056867763,-0.8183580593060159,0.6171886942774991,-3.1731187406993073,0.11107549736838625,0.11107549736838625,-1.4552571523871076,2.308136133350451e-05,0
1515369600000000000,0.006113570815585,-0.8282743115024904,-1.060311455351269,-1.3169298823296012,-0.8967166102005373,-0.8967166102005373,-0.877268932229234,2.4301681033756783e-05,0
1515456000000000000,0.0012605846162125,-0.8281583421654848,-0.24921604553003557,,-0.7475000181389994,-0.7475000181389994,-1.6479198924397322,2.5110998700183494e-05,0
1515542400000000000,-0.0004513385294137,-0.8557070408149046,0.32324378273820786,0.10790437149057902,-0.8417205123697686,-0.8417205123697686,-1.262594412334483,2.9488137328919273e-05,0
1515628800000000000,0.0017854294613236,-0.8802192414473845,-1.4983542829635823,1.3705336004821331,-1.461057291806935,-1.461057291806935,-1.0699316722818586,3.5271463356343374e-05,0
1515715200000000000,0.0028172876803263,-0.9034015520898825,-2.2396973385894743,-0.3872301113463444,-1.5034346002888486,-1.5034346002888486,-1.262594412334483,4.212018187220766e-05,0
1515974400000000000,0.0056295129008365,-0.921516904797253,0.5531292812526044,0.2688224362048387,-2.3553580130541607,-2.3553580130541607,-0.4919434521239849,4.791181369483581e-05,0
1516060800000000000,-0.0038335658715686,-0.917178370152202,-2.029221922307683,0.5136528698006095,-2.5255212286315016,-2.5255212286315016,-1.4552571523871076,4.7649792865984134e-05,0
1516147200000000000,0.0081995535364297,-0.9163075387975081,0.8928435927797692,0.03595386857277246,-1.5214230348368718,-1.5214230348368718,-1.0699316722818586,4.559661506378398e-05,0
1516233600000000000,0.0026336022006909,-0.8796740165973743,-0.14600017124164635,2.1022380547600505,-1.4093515708960218,-1.4093515708960218,-1.4552571523871076,3.771852593631496e-05,0
1516320000000000000,0.0071574797298409,-0.9003077826407393,0.07437686577274849,-1.1111811795402562,-0.19901734815021996,-0.19901734815021996,-0.6846061921766095,3.93492296480172e-05,0
1516579200000000000,0.0065413824387291,-0.8803807255048302,-0.961027775282672,0.6297520153599814,0.4857799752486037,0.4857799752486037,-1.262594412334483,3.5105191701019076e-05,0
1516665600000000000,0.0106577453981743,-0.8702918364408884,-0.17023641221228392,0.05494698528448947,0.14502250830462757,0.14502250830462757,-1.262594412334483,3.113139872526512e-05,0
1516752000000000000,0.000207472782716,-0.7994714892864153,0.8543091589032575,0.09696031953260197,0.4656595929078235,0.4656595929078235,-0.6846061921766095,2.26172097619694e-05,0
1516838400000000000,-0.001475886471805,-0.8288847651687367,0.1986055598463223,-0.6158830479427886,0.5054796016705557,0.5054796016705557,-0.2992807120713603,2.4652129201035504e-05,0
1517270400000000000,-0.0072813500350772,-0.8557186950690054,-3.671679743551157,-3.630112389199029,-2.2195353256853214,-2.2195353256853214,-1.4552571523871076,2.7544276382615734e-05,0
1517356800000000000,-0.0019884815852113,-0.8186112265090061,0.09400659259738132,1.0905872076937242,-2.4632411384076023,-2.4632411384076023,-1.262594412334483,2.3814130087071536e-05,0
1517443200000000000,-0.0009798141281276,-0.8397847599249689,0.25931521839768573,,-2.443781389969242,-2.443781389969242,-1.6479198924397322,2.4065255619707155e-05,0
1517788800000000000,-0.0087786206983058,-0.4209545996244321,-1.0929943046099841,-2.1970541079226007,0.07985727524230614,0.07985727524230614,-1.4552571523871076,1.4608685261606285e-05,0
1517875200000000000,-0.0159040816546759,-0.41373294875918176,-1.0956655672867779,0.5858389118137204,-0.30147777930885705,-0.30147777930885705,-0.6846061921766095,1.45661684354698e-05,0
1517961600000000000,-0.0020548141539544,-0.2928883596286446,-0.16634500661815696,1.4278079337375273,-0.4379180278076383,-0.4379180278076383,-0.877268932229234,2.1101962539038054e-05,0
1518048000000000000,0.0095138511458138,-0.3479006464109344,1.548009408636225,-0.4369299031542047,-0.33217028615661204,-0.33217028615661204,-0.4919434521239849,1.7827108418994103e-05,0
1518134400000000000,-0.0115920444485001,-0.35642209762180826,-1.9429812258290837,-1.1148137501635678,-0.870577762416659,-0.870577762416659,-0.6846061921766095,1.7215650883359414e-05,0
1518393600000000000,0.0080782545170889,-0.3182493437617656,0.3342420994767231,0.2048262790255944,-0.6659440364189717,-0.6659440364189717,0.08604476803388877,1.9374441871748658e-05,0
1518566400000000000,-0.0036928186917027,-0.3434567018723994,0.18165405505652937,-1.5938443494422285,-0.06813941901193975,-0.06813941901193975,0.6640329881917624,1.7640144263262222e-05,0
1518652800000000000,0.0042382236684079,-0.3879483603044444,1.0162124252217994,-0.7582040112280547,0.8803943959348792,0.8803943959348792,2.975985868823257,1.5042892192993219e-05,0
1518739200000000000,-0.0088771974425149,-0.43441904239132967,1.1567003499621327,-1.171209281354827,1.855212790653988,1.855212790653988,4.131962309139005,1.3268435001728502e-05,0
1518998400000000000,-0.0070952702880844,-0.4245984322908529,1.6605003934836366,-1.7113179979686348,1.9946889683201656,1.9946889683201656,4.32462504919163,1.3335859598851211e-05,0
1519084800000000000,-0.0017358770846747,-0.4360164846625287,1.136246984128318,-0.9361798849363053,2.033164597667582,2.033164597667582,3.553974088981131,1.2945832810779236e-05,0
1519171200000000000,0.003569718731482,-0.4835366495600683,1.0082474977493825,-1.210960769735789,1.9855798273369578,1.9855798273369578,0.6640329881917624,1.1948558510323867e-05,0
1519257600000000000,-0.0014196242279203,-0.5268775921962742,1.30808527150392,-1.515662325055175,1.9580634341986118,1.9580634341986118,1.8200094285075097,1.144300717067384e-05,0
1519344000000000000,0.010381515779008,-0.5698818513812077,1.307540323686654,-1.375611564014311,2.0689464935791215,2.0689464935791215,1.242021208349636,1.1343233189839362e-05,0
1519603200000000000,0.0086886119084176,-0.5451203458959093,0.7736459889330712,-0.32550094436875804,1.38321697490667,1.38321697490667,2.012672168560134,1.1326814676439273e-05,0
1519689600000000000,-0.002677764703635,-0.5443395374421096,1.071634220882026,-0.1721872225951852,1.307425443989145,1.307425443989145,2.012672168560134,1.1331529952764581e-05,0
1519776000000000000,-0.005839305714195,-0.5810404999933518,0.46401257067542145,-1.7415338972698944,1.0370428019835691,1.0370428019835691,0.856695728244387,1.138692687180769e-05,0
1519862400000000000,-0.0032933705438877,-0.5913533175882068,0.9397295994749745,0.07392319744399492,1.0813038720446242,1.0813038720446242,0.856695728244387,1.147186107604412e-05,0
1520208000000000000,-0.0095594759578815,-0.6213604029722124,0.7234348642800313,-0.7976887612313501,1.0565403413107366,1.0565403413107366,1.4346839484022607,1.1739243491538219e-05,0
1520294400000000000,-0.0106366569240448,-0.5805165440215795,0.45459855110229996,-0.8089137033941831,0.9010374380456304,0.9010374380456304,-0.2992807120713603,1.1412915037265912e-05,0
1520380800000000000,-0.0093170999384615,-0.5282183227976744,1.0136888632250889,-0.331828238800016,1.035759386404701,1.035759386404701,0.47137024813913786,1.1414033731959557e-05,0
1520467200000000000,0.008672981093711,-0.5023259662348243,1.2001804671955776,-0.006726379495859728,1.1431488929096572,1.1431488929096572,-0.2992807120713603,1.1608333480165072e-05,0
1520553600000000000,-0.0015438368683495,-0.5057975854687614,1.203314486074417,-2.095621164840275,1.4838355133695922,1.4838355133695922,0.27870750808651334,1.1595006684633897e-05,0
1520812800000000000,0.0188448453263506,-0.5496967897523098,2.23793917792725,-1.9241894443062777,1.6480958839233397,1.6480958839233397,-0.2992807120713603,1.1647703386467754e-05,0
1520899200000000000,0.0005227507223954,-0.3718090722227455,-0.7171888632001502,-0.30981180797200436,1.0335062828080415,1.0335062828080415,0.856695728244387,1.5128113071777564e-05,0
1520985600000000000,-0.0015308007692338,-0.4271633043986613,1.2213513086756893,-0.3760082106817001,1.03928776863457,1.03928776863457,0.27870750808651334,1.3361052637151092e-05,0
1521072000000000000,-0.0048866185464449,-0.47588062899650685,0.7234471846242515,-0.7261076338060546,1.0858508066457306,1.0858508066457306,0.27870750808651334,1.2146795144329125e-05,0
1521158400000000000,-0.0160545978679463,-0.50312990459696,-0.33994781473507274,0.958652990379628,1.012767762599645,1.012767762599645,0.47137024813913786,1.2023640880798897e-05,0
1521417600000000000,-0.0099462005278247,-0.3628885786544251,1.5671478447550364,-1.2877540956379607,1.1487402723398246,1.1487402723398246,-0.877268932229234,1.597083383680912e-05,0
1521504000000000000,0.0029774200184666,-0.34691731672036996,0.13617500756566864,-0.382594082041188,0.9604972628565894,0.9604972628565894,-0.6846061921766095,1.698022219944785e-05,0
1521590400000000000,0.0030474383256294,-0.40053797936398927,0.5115416609509794,0.24465454444243906,1.2334319389879524,1.2334319389879524,-0.4919434521239849,1.4437823284112273e-05,0
1521676800000000000,-0.0039960585982851,-0.450779467041741,-0.5201655492859115,0.030797575246406285,1.0751310466915873,1.0751310466915873,-0.877268932229234,1.270816496464824e-05,0
1521763200000000000,-0.0116047001015945,-0.48620303701865053,1.2077904777909334,-1.1628269988675355,0.9412520471471193,0.9412520471471193,-0.2992807120713603,1.2041989223713654e-05,0
1522022400000000000,0.0131754661607952,-0.43117508871358734,-0.5000202352634909,-1.2752611587446303,1.1684718291458294,1.1684718291458294,-1.0699316722818586,1.321721183330625e-05,0
1522108800000000000,0.0052671078846415,-0.38224730241197946,1.3048608303269178,0.6797788145090693,1.7534620117308661,1.7534620117308661,-0.6846061921766095,1.4854717938018043e-05,0
1522195200000000000,-0.0069416688147598,-0.42371699335965546,1.3841721614293705,-0.9497118394925406,1.8099990319454424,1.8099990319454424,-0.4919434521239849,1.3516468008464162e-05,0
1522627200000000000,0.0096529355844099,-0.4367755475270729,1.2389345427966394,-0.29576568598712955,1.9824593716419887,1.9824593716419887,-0.4919434521239849,1.3034640763678519e-05,0
1522713600000000000,0.0032458864317621,-0.4353975049379739,-0.3387507994844529,-0.9956943622288449,1.5272196954276944,1.5272196954276944,-0.877268932229234,1.295504101265335e-05,0
1522800000000000000,-0.0114463840308595,-0.48290125714118115,0.09763493057926839,1.1122045833099117,1.255615360352051,1.255615360352051,-0.6846061921766095,1.217772710361757e-05,0
1522886400000000000,0.0192393067589805,-0.43085405111357383,1.5613261645758814,-1.5727038486384388,1.292075448358913,1.292075448358913,-0.6846061921766095,1.4028287460689943e-05,0
1522972800000000000,0.0006244175835545,-0.2690848714663178,1.1403383759760928,-0.9466663096231906,1.1967187832993673,1.1967187832993673,-0.4919434521239849,2.352365494172371e-05,0
1523232000000000000,0.0046110957157475,-0.33022911564252,1.3383266415378168,-0.40380385182374323,1.809163361787471,1.809163361787471,0.27870750808651334,1.9040158281719068e-05,0
1523318400000000000,0.0022039111834326,-0.3785759444604734,0.39765347751366814,-0.2677652830489793,1.4361621245022547,1.4361621245022547,-0.2992807120713603,1.5581742488752148e-05,0
1523404800000000000,0.0014313950343946,-0.432192222416828,0.8847252752567154,-1.8400485813850467,1.3542284296629077,1.3542284296629077,-0.10661797201873578,1.3249759505545122e-05,0
1523491200000000000,0.0039759006232568,-0.48381827657030596,1.004693554422829,-1.948042739934272,1.2862984340742651,1.2862984340742651,-0.2992807120713603,1.1971193608966357e-05,0
1523577600000000000,0.00209646733185,-0.5254062040648462,-0.13571528026076882,-3.4205854568027827,1.1294700705815064,1.1294700705815064,-1.262594412334483,1.1455002874157331e-05,0
1523836800000000000,0.0045456897177942,-0.570608235737337,-0.3990631513306575,-1.0796480024323982,0.1644023785125714,0.1644023785125714,-0.10661797201873578,1.136884861667154e-05,0
1523923200000000000,0.0019310664870136,-0.6035109680560041,-0.1718303151348716,-0.5568822123557874,-0.2127181502406754,-0.2127181502406754,0.08604476803388877,1.1606711758719751e-05,0
1524009600000000000,-0.002135242220041,-0.6443142105545057,0.7284866704337534,-0.07342853848034107,0.06429135634759832,0.06429135634759832,-0.4919434521239849,1.2238980781077295e-05,0
1524096000000000000,0.0037076219486611,-0.6769919613090044,0.10657321546690676,-0.03875146044494071,0.16297743776029486,0.16297743776029486,0.6640329881917624,1.3102461323108396e-05,0
1524182400000000000,-0.000118318833714,-0.7070749368997795,0.6118059965921882,-0.5384320554517071,0.2916764694196806,0.2916764694196806,0.08604476803388877,1.425986334119394e-05,0
1524441600000000000,0.0019528716532068,-0.7419994591612518,-0.27546768138253336,,-0.06939108204768882,-0.06939108204768882,-1.6479198924397322,1.6048412303486016e-05,0
1524528000000000000,0.0027972417319144,-0.7740738459369217,0.5705608412859939,-0.026031249372616513,0.07933455226488918,0.07933455226488918,-0.877268932229234,1.830901658932668e-05,0
1524614400000000000,-0.0041350082660198,-0.8015114350862773,-1.8386057331892707,0.5199178173191464,-0.7061153575153051,-0.7061153575153051,-1.4552571523871076,2.0715412147337794e-05,0
1524700800000000000,0.0044600055402558,-0.8085587571153998,-3.70386847369228,,-1.7351335071003005,-1.7351335071003005,-1.6479198924397322,2.1842630674143957e-05,0
1524787200000000000,0.0069920183274944,-0.8244654986441581,-0.8279738839075517,0.7626661621422546,-1.936487626894177,-1.936487626894177,-0.6846061921766095,2.3430953026411366e-05,0
1525046400000000000,0.0043906914829232,-0.8150815070044536,-0.1939484511147685,,-2.2418847693456767,-2.2418847693456767,-1.6479198924397322,2.3023202769902644e-05,0
1525219200000000000,-0.0019853115722468,-0.8309547183239313,-1.9739410063085672,,-1.2293070430555466,-1.2293070430555466,-1.6479198924397322,2.4977325830661946e-05,0
1525305600000000000,-0.0035891198524198,-0.8512302277003896,-0.6015191653841553,-1.9321223725273646,-1.1567197157620372,-1.1567197157620372,-1.262594412334483,2.7836098635739458e-05,0
1525392000000000000,-0.0057658792280254,-0.8586991009561393,-3.063944116280313,,-1.990189272747145,-1.990189272747145,-1.6479198924397322,2.8873337409709096e-05,0
1525651200000000000,0.0091170725845766,-0.8422917792525213,1.3394962485863997,-0.993622437859176,-1.090660149913201,-1.090660149913201,-1.262594412334483,2.6291803826997453e-05,0
1525737600000000000,0.0002146010849736,-0.8017803402596734,-0.5807818213280015,-1.6138359506587256,-1.0840130445226965,-1.0840130445226965,-1.0699316722818586,2.222270118241857e-05,0
1525824000000000000,0.0022274890381628,-0.8310497921642699,-0.39526725414556974,1.2056381209136855,-0.22860088046846697,-0.22860088046846697,-0.877268932229234,2.5029816678448626e-05,0
1525910400000000000,-0.0023441242544579,-0.8565028309593432,-0.486163967778101,0.969070528042478,-0.33885730161643035,-0.33885730161643035,-0.6846061921766095,2.89451621891833e-05,0
1525996800000000000,0.008358547680564,-0.8727531152514074,0.9795970401912675,0.15118451329897614,0.28555670455913973,0.28555670455913973,0.08604476803388877,3.136749673694706e-05,0
1526256000000000000,9.217500201396874e-06,-0.8396004545842388,0.48623424009412375,-0.6330945122203303,-0.44300693388268486,-0.44300693388268486,-0.877268932229234,2.7819350871166586e-05,0
1526342400000000000,-0.00043964284789,-0.8661062689109322,1.246582163157013,-1.7424273406199318,0.11240392857525225,0.11240392857525225,-0.10661797201873578,3.1511682302345066e-05,0
1526428800000000000,-0.0056399112687945,-0.8899277816485477,-0.265307203715426,,-0.28663510399936737,-0.28663510399936737,-1.6479198924397322,3.559713884939724e-05,0
1526515200000000000,-0.0054518394722826,-0.8715251126156978,0.8766094592056777,2.792503252666746,0.2576126386504661,0.2576126386504661,-1.262594412334483,3.252481840030582e-05,0
1526601600000000000,-0.0081112711974543,-0.8575783447584506,-0.1372032685335203,-0.3664506700636711,0.7182941787162037,0.7182941787162037,-1.0699316722818586,2.8796899551411712e-05,0
1526860800000000000,-0.0075498691977662,-0.8070765953873524,-0.4421819478954377,0.5967187664772808,1.2747586851079777,1.2747586851079777,-1.0699316722818586,2.2172745599251228e-05,0
1526947200000000000,0.0018999311888009,-0.772393215396893,0.9550190294186959,-1.2244294495871608,1.299891926636825,1.299891926636825,-0.6846061921766095,1.8854487858427666e-05,0
1527033600000000000,-0.01014463160082,-0.802603540551516,-0.07428380933461946,0.10646330962250382,1.3200600000061127,1.3200600000061127,-0.6846061921766095,2.0047045019072478e-05,0
1527120000000000000,0.0079736104042513,-0.7251213620497012,-2.6176552667105706,-0.2835370861555995,-0.3572020084529072,-0.3572020084529072,-1.262594412334483,1.5497402614589983e-05,0
1527206400000000000,0.0086463705716234,-0.7145312310799673,-1.6663269235695857,0.23356654621821607,-1.2217117529956871,-1.2217117529956871,-1.0699316722818586,1.454582284887608e-05,0
1527465600000000000,0.0078426983374126,-0.696605591820071,-2.8154711650408997,-1.6656357693244521,-1.8776917610739026,-1.8776917610739026,-1.4552571523871076,1.3815614221113455e-05,0
1527552000000000000,-0.0051918994055849,-0.6905401226365118,2.2661144470591332,-1.3213372939539099,-0.31225831393244263,-0.31225831393244263,-0.877268932229234,1.3588057543372391e-05,0
1527638400000000000,-0.0017837455774774,-0.6974958962740337,-0.05155104393971364,-0.897199371069625,0.20533860806875673,0.20533860806875673,-0.4919434521239849,1.3871550470867737e-05,0
1527724800000000000,0.0114097658238058,-0.7281779690749893,-0.4748832539738616,-1.1760263729692795,0.12954904028962025,0.12954904028962025,-1.0699316722818586,1.483802574577278e-05,0
1527811200000000000,-0.0037280317361382,-0.6666517789735097,0.7818235682719282,-1.3142086490534368,-0.08333363569219647,-0.08333363569219647,-1.4552571523871076,1.3005721278938469e-05,0
1528070400000000000,-0.00634948413268,-0.6881627620446363,1.0244020598390073,-0.03861461134981669,-0.2098120085816038,-0.2098120085816038,-0.10661797201873578,1.3393604088699548e-05,0
1528156800000000000,-0.0033314696471618,-0.6829433420038934,1.437193481623221,-1.2635490179359081,0.40308111513907013,0.40308111513907013,-0.877268932229234,1.3344032179544868e-05,0
1528243200000000000,0.0086005659099089,-0.7060232439860026,0.9783412976503578,0.4908769916809267,0.4660725018250384,0.4660725018250384,-0.4919434521239849,1.4004934429218301e-05,0
1528329600000000000,0.0078030712197688,-0.6896443638334858,-0.5606735893767955,0.8598212908251057,0.27176211362903807,0.27176211362903807,-1.262594412334483,1.3543580928319569e-05,0
1528416000000000000,-6.49348765086917e-05,-0.6847436235354023,1.32844481945319,-1.5330522390471866,1.3596241275141323,1.3596241275141323,-0.6846061921766095,1.3490262851097297e-05,0
1528675200000000000,0.0017907833428202,-0.7211442295822726,-0.10798351101160607,1.0563419370677924,0.7389914419695046,0.7389914419695046,-1.0699316722818586,1.489368341709563e-05,0
1528761600000000000,0.0051687522786096,-0.7548804197243301,1.4536652680882916,-1.0600329595041655,1.3846634548127494,1.3846634548127494,-0.10661797201873578,1.67621983571132e-05,0
1528848000000000000,0.0012765783569831,-0.7698122051046994,-0.4334722986019519,1.044238643601006,0.8199021844526806,0.8199021844526806,-0.6846061921766095,1.820460062362191e-05,0
1529020800000000000,0.0008924907821071,-0.8048856945450762,-0.9899050395781166,-0.02819627823436027,0.5182318735275475,0.5182318735275475,-0.6846061921766095,2.1394577346392085e-05,0
1529280000000000000,-0.0016514905857463,-0.834203507605883,0.648058341475067,1.11755514445706,0.5079007816608679,0.5079007816608679,-1.0699316722818586,2.501010097809485e-05,0
1529366400000000000,-0.0083122903559554,-0.8559229520032166,1.8062520244333098,-1.8130633427802676,1.2258173856666155,1.2258173856666155,-0.877268932229234,2.7331593382687678e-05,0
1529452800000000000,0.0057348798513441,-0.8023250795465593,-0.06180216860655773,-3.7390736611236672,1.523309561129048,1.523309561129048,-1.4552571523871076,2.1995838122145015e-05,0
1529539200000000000,-0.0028773301453849,-0.8083261266378263,1.5046682711585417,-1.2969186941411814,1.6319245597371206,1.6319245597371206,-0.6846061921766095,2.1985016165404227e-05,0
1529625600000000000,0.0074897340489533,-0.8248686705056617,1.8262306152384211,-1.1013715444202352,1.8454631560054091,1.8454631560054091,-0.6846061921766095,2.334451349168198e-05,0
1529884800000000000,-0.0055039602444048,-0.8093882387184295,0.6985996519528164,-0.5531438229390636,2.4603864024310447,2.4603864024310447,-0.2992807120713603,2.1997354084240267e-05,0
1529971200000000000,0.0006223592623338,-0.8015197998641873,0.8518010289279311,-0.17604157718536834,2.2511176863715563,2.2511176863715563,-0.6846061921766095,2.139937063467445e-05,0
1530057600000000000,-0.0091182990836827,-0.8310626651376851,-0.9537440279413869,0.7075104518870589,1.3600303616828406,1.3600303616828406,-0.10661797201873578,2.332498370626538e-05,0
1530144000000000000,-0.0077421690317812,-0.7674657671266301,0.10332742192847927,0.46344371155378977,0.9732700876886943,0.9732700876886943,-0.2992807120713603,1.814080149626633e-05,0
1530230400000000000,0.0117541463075279,-0.7350488966895802,0.8515177602247224,0.013045443810346665,0.5082092727890082,0.5082092727890082,-0.2992807120713603,1.5575995781543783e-05,0
1530489600000000000,-0.0053341945569373,-0.6664740746475494,-0.17227690006641047,0.820561833983339,-0.08040482414840089,-0.08040482414840089,-0.4919434521239849,1.3039022040153104e-05,0
1530576000000000000,0.0039893471097838,-0.6741893150854765,-1.1966607251669688,0.29680096857882626,-0.49710033716837226,-0.49710033716837226,-0.2992807120713603,1.3077583277640732e-05,0
1530662400000000000,0.0065208102070441,-0.7030085121888028,1.1065408674828243,-0.9418621554549765,-0.4153557576133257,-0.4153557576133257,-0.4919434521239849,1.3965007982063657e-05,0
1530748800000000000,-0.0018727438548922,-0.7104580035689254,-0.9610877543499124,0.3305923545481652,-1.5711018290032415,-1.5711018290032415,-0.877268932229234,1.445140884925991e-05,0
1530835200000000000,0.0021280525268188,-0.7398660218909283,0.5795284167436929,1.2697991495649732,-0.19551827325544274,-0.19551827325544274,-1.0699316722818586,1.5907416903205712e-05,0
1531094400000000000,0.0074218103557948,-0.7716726205203265,0.8224122840293202,-1.7172133556460638,-0.10693710313526636,-0.10693710313526636,-1.0699316722818586,1.7741793557147174e-05,0
1531180800000000000,0.0086559217967663,-0.7627935083863938,0.361916619027362,1.2233059417022774,0.3171359834723714,0.3171359834723714,-0.4919434521239849,1.7298291845872128e-05,0
1531267200000000000,9.589206004582807e-05,-0.7391579377630414,0.8872095391768923,-0.8881199437759673,0.41575945434425554,0.41575945434425554,-1.262594412334483,1.6199154334375973e-05,0
1531353600000000000,0.0068179851871449,-0.7723378472114635,0.9082854792032311,-3.1130472768544024,0.9001746434977379,0.9001746434977379,-1.262594412334483,1.792543196968156e-05,0
1531440000000000000,-0.0003901447346433,-0.770239883112168,0.09364545817874868,0.5005532177983392,0.9960576029308914,0.9960576029308914,-0.6846061921766095,1.822420889106953e-05,0
1531699200000000000,-0.0074742300512774,-0.8006244378876938,1.1487900292142905,0.2542910642129348,0.8359438310747573,0.8359438310747573,-0.877268932229234,2.0149382078137422e-05,0
1531785600000000000,0.0064890199591897,-0.7678927349002923,1.7204737427459174,-1.8202317952678915,1.1030366161614198,1.1030366161614198,-0.6846061921766095,1.811013818456501e-05,0
1531872000000000000,-0.0025103689537061,-0.7696947563420428,0.1989419649577708,0.5534227791384926,0.8756651126317039,0.8756651126317039,-0.877268932229234,1.819195566743043e-05,0
1531958400000000000,-0.0021288243184788,-0.7915511188818132,-0.4316644748929984,1.0871691256668383,0.7072833527326676,0.7072833527326676,0.27870750808651334,1.99778195421152e-05,0
1532044800000000000,0.0048345212961502,-0.8139631383645326,-1.637380229067384,0.22716590857659708,0.33116309400519967,0.33116309400519967,-1.4552571523871076,2.2274794732979716e-05,0
1532304000000000000,0.0067481562013002,-0.8266526535873755,-0.41081628370437506,1.8938839244734038,0.05694607014944437,0.05694607014944437,-1.262594412334483,2.3804582127587502e-05,0
1532390400000000000,0.0044601265367422,-0.8198525611908576,-0.25707639184089137,0.009903097913679238,0.11290817334024383,0.11290817334024383,-0.6846061921766095,2.3653604151100125e-05,0
1532476800000000000,-0.0002065726875009,-0.8348541249552307,0.2713532763457485,0.09741511876203905,0.7247296649696885,0.7247296649696885,-0.6846061921766095,2.5812919296087983e-05,0
1532563200000000000,0.003166003819182,-0.8613164035988116,-0.32863611686429384,2.2887813089419184,0.6994832572090943,0.6994832572090943,-1.262594412334483,2.991418350024018e-05,0
1532649600000000000,0.0098950766569342,-0.880943105461673,0.3137674956632813,2.268115223533098,-0.12097779408860858,-0.12097779408860858,-1.4552571523871076,3.2381000411393386e-05,0
1532908800000000000,0.0036463779405013,-0.8219716790169459,-0.919178930138928,-0.0758778941961638,0.6307046927517458,0.6307046927517458,-0.4919434521239849,2.5273665797910267e-05,0
1532995200000000000,0.0032589651490718,-0.8420018456820852,-0.008081991866305729,-0.16829779428488964,0.7334544492515621,0.7334544492515621,0.27870750808651334,2.697074083293892e-05,0
1533081600000000000,-0.0009073639087465,-0.8625989762287606,-0.4641101639542008,1.356411239650707,0.4841151524546635,0.4841151524546635,-1.262594412334483,3.0373722607698184e-05,0
1533168000000000000,-0.008985979419681,-0.8853050555154989,-0.02536826561497544,0.48807896071813495,0.4940558091968867,0.4940558091968867,0.47137024813913786,3.2832760895739204e-05,0
1533254400000000000,0.0102718922559686,-0.8152039099414107,-2.6519672736480366,-1.0161850492066244,-1.2932807276257414,-1.2932807276257414,-1.0699316722818586,2.3368766828753345e-05,0
1533513600000000000,0.002312285273185,-0.7599128077304333,0.0931975332440788,0.6855746011132202,-0.5800186138335687,-0.5800186138335687,-0.4919434521239849,1.820596514328779e-05,0
1533600000000000000,0.0002064040397692,-0.7899142736606602,0.7452905671368689,-1.3804055838237246,-0.3329932248756772,-0.3329932248756772,-1.262594412334483,1.9943292639609355e-05,0
1533686400000000000,0.0053022245304194,-0.8199500900017511,1.0505954656034882,0.13714413132391023,0.8538185807305526,0.8538185807305526,-0.6846061921766095,2.296228072252507e-05,0
1533772800000000000,0.0018062450766348,-0.8282772545546443,-0.011688474182605787,0.12016235841976763,0.5097891934242383,0.5097891934242383,-0.4919434521239849,2.4759380457309948e-05,0
1533859200000000000,-0.0035982427589175,-0.854972920993659,-0.6152290189370668,0.40658230056327904,0.4154661857493966,0.4154661857493966,-0.4919434521239849,2.836805306229864e-05,0
1534118400000000000,-0.0064735087435117,-0.8620324664452135,0.42568848295605205,-0.6694146427796879,0.40928542371020743,0.40928542371020743,-0.877268932229234,2.936405960075813e-05,0
1534204800000000000,0.0069633147827702,-0.8358420323258567,-0.3053328872528421,-0.038531381415736095,-0.025341047211230327,-0.025341047211230327,-0.10661797201873578,2.5939889777053533e-05,0
1534377600000000000,-0.0043864642628158,-0.8255839584857014,2.736997052082414,,1.156050938930323,1.156050938930323,-1.6479198924397322,2.4286594232077265e-05,0
1534464000000000000,0.0074992428777844,-0.8280569056527954,0.5251356391535118,-0.16684736047190385,1.1982396571262004,1.1982396571262004,-1.4552571523871076,2.405902378802694e-05,0
1534723200000000000,0.0070366236698632,-0.8120978447147083,0.40436129027478734,0.20898212853235146,1.0597291379521654,1.0597291379521654,-0.6846061921766095,2.2401323626395723e-05,0
1534809600000000000,0.001656418678663,-0.8034976925292161,0.9667760345907283,-1.2900126893680892,1.266487756806113,1.266487756806113,-0.877268932229234,2.1862235196108654e-05,0
1534982400000000000,0.0010235630416488,-0.8321337924227182,0.6842504850591894,0.0038126619085250327,1.2310948573546272,1.2310948573546272,-0.6846061921766095,2.5144373832257066e-05,0
1535068800000000000,-0.0022169894415104,-0.859603360014602,0.17840779601123766,0.6464431680901517,1.5178264407870385,1.5178264407870385,0.6640329881917624,2.9294588049167426e-05,0
1535328000000000000,0.01160065459554,-0.8763877871342528,1.7591593650831625,-0.7735528088260446,-0.048647160920373134,-0.048647160920373134,-0.877268932229234,3.079031349771811e-05,0
1535414400000000000,0.0039734504070277,-0.7865478749080024,0.0009111573818023795,0.24726113029397578,-0.26768333624970436,-0.26768333624970436,-1.0699316722818586,2.112434787139304e-05,0
1535500800000000000,-0.0039777101577748,-0.8073314410610685,-0.2086769235309668,0.3802590714598299,-0.39175867197658326,-0.39175867197658326,-0.2992807120713603,2.1728867273726826e-05,0
1535587200000000000,-0.0012923772322029,-0.8152774772309594,0.15323653661922276,-0.8203933111457974,0.6557905511596159,0.6557905511596159,0.08604476803388877,2.2966981729690055e-05,0
1535673600000000000,0.0003168341695652,-0.8399042376098589,0.1179616333409089,1.1073647564743123,0.5951038797070668,0.5951038797070668,-0.10661797201873578,2.616608001601122e-05,0
1535932800000000000,-0.0084384307760752,-0.866748283030086,1.551425648303103,-1.9751126400111758,0.7105442982063337,0.7105442982063337,-0.4919434521239849,2.9120265341012094e-05,0
1536019200000000000,-0.0053716742853734,-0.8093536271666157,0.029898459682837455,-3.8535156126070103,0.6710097660194572,0.6710097660194572,-1.4552571523871076,2.2790080059560215e-05,0
1536105600000000000,-0.0037699864738834,-0.803003655082799,0.8893206068362849,1.2674486095830648,0.9182595766437806,0.9182595766437806,-0.877268932229234,2.1501195413250895e-05,0
1536192000000000000,0.0052099348340707,-0.8131276775019828,1.2656703176761859,1.0189645442690018,1.4367388867761441,1.4367388867761441,-1.262594412334483,2.2360086795759954e-05,0
1536278400000000000,0.0045143394792379,-0.8228388988123314,1.2015853168823631,-1.667711167794233,1.5936784513766735,1.5936784513766735,-1.262594412334483,2.3438964097087156e-05,0
1536537600000000000,-0.0131151133900974,-0.8372089733545458,0.5569547799982636,-0.8594304535606988,1.9491491387989304,1.9491491387989304,-0.877268932229234,2.3688897976075077e-05,0
1536624000000000000,-0.0132539353477887,-0.6912874301984958,-1.0638729376304583,-0.8346105515492189,1.202442159938341,1.202442159938341,-0.877268932229234,1.4311858606590271e-05,0
1536710400000000000,0.0072736282619682,-0.5729074908262389,2.1392875825152498,-3.710765950918586,1.5030113055193255,1.5030113055193255,-1.4552571523871076,1.1592884391328752e-05,0
1536883200000000000,0.0126983717276078,-0.5845148604740911,1.6241572978820964,-1.7030703880165903,0.851849354198393,0.851849354198393,-1.0699316722818586,1.1429107420096867e-05,0
1537142400000000000,-0.012008224872722,-0.5223103915816532,1.3936048401237089,-0.43240874043406424,1.730541189456592,1.730541189456592,-0.877268932229234,1.1513636404956026e-05,0
1537228800000000000,-0.0087259356424517,-0.4555323036797656,-0.3525545631331821,0.4469611829297943,1.8204191497212112,1.8204191497212112,0.08604476803388877,1.2405303908929942e-05,0
1537315200000000000,-0.0039577439421343,-0.44541724329863,0.43631506772771494,0.054086444072391486,1.439670657062358,1.439670657062358,0.47137024813913786,1.2646619376315966e-05,0
1537488000000000000,-0.0081555770621293,-0.48146021245833565,1.2306335954794045,0.12091487970137939,0.9084004060214077,0.9084004060214077,-0.877268932229234,1.20392727458409e-05,0
1537747200000000000,-0.0158931654278473,-0.47569976137127323,-0.0037989839297187865,-0.6708466151420609,0.8845549859004904,0.8845549859004904,-0.6846061921766095,1.246155831094499e-05,0
1537833600000000000,0.0090811137439312,-0.34394309664453704,1.2605882585602235,0.3100203069200183,1.2591313979537408,1.2591313979537408,0.47137024813913786,1.70103799528659e-05,0
1537920000000000000,-0.0012341429492082,-0.3573765078083152,-0.004140392224504146,1.4172324650153463,0.8633394967586451,0.8633394967586451,-0.2992807120713603,1.673197211546314e-05,0
1538006400000000000,-0.0069219821576265,-0.4110562501486966,0.45437393092492206,-0.4201616502677485,1.232329963144248,1.232329963144248,0.27870750808651334,1.632094884511412e-05,0
1538092800000000000,-0.0042997701241433,-0.4254070035625742,-0.41267957267816324,0.15106003600488604,0.42578018858773403,0.42578018858773403,-0.10661797201873578,3.606600731776673e-05,0
1538352000000000000,0.0070970256859682,-0.46060068251972214,-1.0485631373686124,0.3901718340865658,-0.251788823274049,-0.251788823274049,0.47137024813913786,0.00025421096534163166,0
1538524800000000000,-0.0137243562680507,-0.48314185872934273,1.0950774906643972,-1.2101555619945914,-0.7368461564495219,-0.7368461564495219,0.6640329881917624,0.0027535165673959706,0
1538611200000000000,-0.0241419158184583,-0.39203020501068164,1.3954992676147,-0.2230523226299993,-0.7383185137857909,-0.7383185137857909,0.6640329881917624,0.03217726572985475,0
1538697600000000000,-0.0270435163392156,-0.08856891031041453,1.232993905981588,-1.1185552692513243,0.045628879823480836,0.045628879823480836,-0.6846061921766095,0.32226768393103333,0
1538956800000000000,0.0030583497307539,0.21017561931239037,0.019964659920450985,0.521657409166545,2.0658697988909247,2.0658697988909247,-0.6846061921766095,0.9134403287375802,1
1539043200000000000,-0.0045522644623356,0.12552237101425534,-0.6418730772377037,-0.2635214980692131,1.4128146796209469,1.4128146796209469,1.242021208349636,0.9713620788239581,1
1539129600000000000,0.0153221686492236,0.0562020820452432,0.9017940205442389,0.11949602861631754,1.3066525530793895,1.3066525530793895,0.08604476803388877,0.9868889589709551,1
1539216000000000000,-0.0217889211657315,0.078878067284741,0.22456650470032125,0.10607896786473088,1.0482844639809221,1.0482844639809221,-0.2992807120713603,0.9956897055089188,1
1539302400000000000,0.0229737135285507,0.2299589744297058,1.1397798260948033,-1.3099106766535664,0.537932786985791,0.537932786985791,-0.877268932229234,0.9996817397493402,1
1539561600000000000,0.0038122514600135,0.3513499408700063,0.42775695606568387,0.6919813554407998,0.06439785709889444,0.06439785709889444,0.47137024813913786,0.999993606986975,1
1539648000000000000,0.0068492606810225,0.2608037329464051,-0.16072632859970407,0.6029254102528768,-0.05910311111653735,-0.05910311111653735,-0.10661797201873578,0.9999927825347648,1
1539734400000000000,-0.0125205028099025,0.1874195252470265,1.104288279806694,-0.07545211533326288,-0.07047949798701694,-0.07047949798701694,-0.4919434521239849,0.9999809425938446,1
1539907200000000000,-0.0144053060779479,0.1805099576536782,-0.6770345980638308,-1.6048507625300805,-0.11573978878534781,-0.11573978878534781,-0.2992807120713603,0.9999752928415422,1
1540166400000000000,-0.005674293551714,0.1976949833294386,0.8960027124354085,-0.4885329740931809,0.5448547699032354,0.5448547699032354,-0.10661797201873578,0.9999579832086819,1
1540252800000000000,-0.0096558179456978,0.12998773330956884,-0.36250067541236947,0.9098371296967004,0.7778378809306943,0.7778378809306943,0.47137024813913786,0.9997751910742612,1
1540339200000000000,0.0076528861573851,0.0976043125840629,-1.5365518292998066,-0.6712937671020871,0.5023300046322773,0.5023300046322773,-0.4919434521239849,0.9991507532200752,1
1540425600000000000,-0.0098134767709648,0.03931385568037322,0.6233512149115713,0.39083970689751646,0.6906885145109367,0.6906885145109367,-0.4919434521239849,0.9975220133467837,1
1540512000000000000,-0.0094171730074026,0.015909403307780963,-2.3446545782497554,-0.43943076135360404,-0.8623644458504864,-0.8623644458504864,0.08604476803388877,0.9952235819103271,1
1540771200000000000,0.0217799888950051,-0.009530040442754666,-1.6046936096088,-0.8367756980532751,-1.1247719772332443,-1.1247719772332443,0.08604476803388877,0.992637484968776,1
1540857600000000000,-0.0051297073253929,0.12744744459301535,0.002302423958330091,0.03219420665743956,-0.6315108163856872,-0.6315108163856872,0.47137024813913786,0.9904406253944658,1
1540944000000000000,0.0182855926765914,0.06104052256887008,-0.5103335562894215,0.8034692926988787,-0.9948997891190231,-0.9948997891190231,-0.10661797201873578,0.9810897546473824,1
1541030400000000000,-0.0005922280054286,0.12674010416035544,1.1824420469936519,-1.7806178016218417,0.1356684710690459,0.1356684710690459,-0.877268932229234,0.9636603169314565,1
1541116800000000000,0.0164859314743341,0.044945162978949196,-0.38110796518797285,0.7587537462055262,-0.40945636876699854,-0.40945636876699854,0.6640329881917624,0.8976705916591009,1
1541376000000000000,-0.0027518165109068,0.08523736079809253,-0.06318410110777149,1.8874132903073466,0.7818199721864304,0.7818199721864304,-1.262594412334483,0.792980675687839,1
1541462400000000000,0.0005699629678378,0.010728464620432686,-0.07361023100060278,0.28967650038212794,0.3792075718132974,0.3792075718132974,-0.877268932229234,0.5418711595169661,1
1541548800000000000,0.0064747570397876,-0.06569434730860449,0.6000942419228649,-0.5392127268007386,0.6937200987020216,0.6937200987020216,0.856695728244387,0.25491619119329717,0
1541721600000000000,-0.0012462656636175,-0.12074113261409909,-0.16144820976252866,0.9111979601860064,-0.0028874014364854285,-0.0028874014364854285,-0.6846061921766095,0.08627374305802743,0
1541980800000000000,-0.009778218363148,-0.18788837846782114,0.4236142189924251,-2.462994935386889,0.22940588798945644,0.22940588798945644,-0.877268932229234,0.021099474681253262,0
1542067200000000000,0.0095230942540353,-0.191522145498535,1.09144743336232,-1.4258674742359465,0.6897925952938931,0.6897925952938931,-0.4919434521239849,0.004945394723651809,0
1542153600000000000,-0.0005860630609673,-0.21347821600326167,0.5729093934436386,0.3567867850241318,0.9251820631838973,0.9251820631838973,0.08604476803388877,0.0010212534138204677,0
1542240000000000000,0.0038126211073087,-0.2766797722550297,0.2080205181579698,0.22080945320343878,0.6521418154706543,0.6521418154706543,0.08604476803388877,0.0001732277879215458,0
1542326400000000000,0.0061505716525058,-0.3317145172290783,0.11958572493812196,0.2278545764820565,0.7851782323248502,0.7851782323248502,-0.4919434521239849,3.7118300412355026e-05,0
1542585600000000000,0.0075727031311441,-0.3710513026800058,0.7600167983376773,-0.3922421306461467,0.4160555776757095,0.4160555776757095,-0.10661797201873578,1.802405220138457e-05,0
1542672000000000000,-0.0100096255237306,-0.39654378331620926,0.04647607662091568,0.13100890410998767,0.3642744563691739,0.3642744563691739,0.47137024813913786,1.4955633063105906e-05,0
1542758400000000000,-0.0052832010567947,-0.3760718933454149,-0.33299661363057753,-0.7122942533514082,0.21920464925206606,0.21920464925206606,-0.6846061921766095,1.536118065123879e-05,0
1542844800000000000,-0.0069390631315694,-0.4077043579313979,0.6909479885518429,1.44673634243393,0.46669376933407986,0.46669376933407986,-1.0699316722818586,1.4111179841187624e-05,0
1543190400000000000,0.0096288076690703,-0.4221733127158829,0.6164633891803757,0.36654515391789844,0.9871038334295406,0.9871038334295406,-0.4919434521239849,1.3523258683926809e-05,0
1543276800000000000,0.0053485599246426,-0.422487013890237,-0.15377782741739693,0.3096271235676732,0.7163371668003317,0.7163371668003317,0.27870750808651334,1.3367484201049145e-05,0
1543363200000000000,0.0040393342237814,-0.4607543293171846,0.787734971760762,0.4240382883986362,0.789355670293906,0.789355670293906,1.8200094285075097,1.2384195288670149e-05,0
1543449600000000000,0.0120302816382299,-0.5035262349007212,1.025246124137554,-1.1315436125460334,1.214349791545044,1.214349791545044,-0.2992807120713603,1.1725734526676808e-05,0
1543536000000000000,0.0016608635822544,-0.4629189138352701,1.2717904981056563,-1.5540738822133968,1.1479886647562572,1.1479886647562572,-0.2992807120713603,1.218734902749109e-05,0
1543795200000000000,0.000643367591871,-0.5125125917866761,-0.4172458411576064,-0.03229520752259724,1.340435822902154,1.340435822902154,-0.10661797201873578,1.1559607665014001e-05,0
1543881600000000000,-0.0013101492455916,-0.5597993777764929,0.7404018198861865,0.3405233149387672,1.325263752258821,1.325263752258821,-0.4919434521239849,1.1352218169409614e-05,0
1543968000000000000,-0.0079991196888217,-0.601113139987641,-0.033037205069562536,1.3203576054923127,0.9860438018540997,0.9860438018540997,-1.0699316722818586,1.1533686726589319e-05,0
1544054400000000000,-0.0169990595794747,-0.5847508688654782,2.0045327738967744,-1.6595191302739338,1.2209154960340807,1.2209154960340807,-0.877268932229234,1.1623352581844484e-05,0
1544140800000000000,0.0086922786366063,-0.40711599281595445,1.0734009949918515,-1.750527600480783,1.0904826809435608,1.0904826809435608,-0.4919434521239849,1.3942282368846968e-05,0
1544400000000000000,-0.0193801309422876,-0.41901470730952245,0.25309824793681307,-0.35878916454831367,2.3859636282967034,2.3859636282967034,0.27870750808651334,1.5321412803997214e-05,0
1544486400000000000,0.0057706546437928,-0.2237812368721486,1.166575033555003,-0.12334114708841022,2.117366386636519,2.117366386636519,0.856695728244387,3.164387389057134e-05,0
1544572800000000000,0.0177062390577531,-0.2727433097229184,0.5963382294567313,0.747874181161954,1.9644496740714565,1.9644496740714565,0.08604476803388877,3.0290428301832937e-05,0
1544659200000000000,0.0050118383410277,-0.169444858125349,0.8901515510324458,0.8067992363144394,1.2206343885112065,1.2206343885112065,0.6640329881917624,4.791633044557517e-05,0
1544745600000000000,0.0012872521687673,-0.22586241956508124,1.4919078028998802,-1.7941154221719526,1.420642624481186,1.420642624481186,-0.877268932229234,3.631885711983417e-05,0
1545004800000000000,0.0076427198858132,-0.2892420389448352,1.4875288360104717,-0.41364355226512745,1.9588476258948133,1.9588476258948133,0.08604476803388877,2.4773516077246857e-05,0
1545091200000000000,0.0018672794743268,-0.32044681295931093,1.5465898242705427,-0.4179985394406843,2.1692609928505426,2.1692609928505426,0.27870750808651334,1.9913598316118347e-05,0
1545177600000000000,0.0053574464743618,-0.37794387180907957,1.9473328341347718,-1.143346914903101,2.31524199079777,2.31524199079777,-0.10661797201873578,1.5752863938766942e-05,0
1545264000000000000,-0.0014233871991216,-0.41916705933694026,1.5138526355701207,-1.542274691367497,2.3307348388634357,2.3307348388634357,-1.0699316722818586,1.374527520445537e-05,0
1545350400000000000,-0.0182169348003537,-0.4686852561273348,0.5118962721746951,0.08343393746191145,2.2569676121370263,2.2569676121370263,-0.6846061921766095,1.3145497316984882e-05,0
1545609600000000000,-0.0084510833319759,-0.2888441459546298,3.051705273367623,-3.4222112799036655,2.2995020574350518,2.2995020574350518,-1.4552571523871076,2.1793391489195313e-05,0
1545782400000000000,0.0062028455871955,-0.29803622994237444,1.5099255452819107,-1.2910628173708738,2.542499133549674,2.542499133549674,0.6640329881917624,2.1678245403761424e-05,0
1545868800000000000,0.0046444536719637,-0.3393475596128521,0.9229658467302173,-1.6394553256775424,2.534911268872589,2.534911268872589,-0.6846061921766095,1.8176409548954073e-05,0
1545955200000000000,0.0074031480150774,-0.38695602555776254,0.1213440638281203,-0.5160231821389933,2.2161487638753927,2.2161487638753927,-0.10661797201873578,1.5194628585565422e-05,0
1546214400000000000,0.0002439332627594,-0.4126639340136778,-0.6382755533068823,-0.37381486628202665,0.7139195210301592,0.7139195210301592,0.27870750808651334,1.3820530807351595e-05,0
1546387200000000000,-0.0064696271450112,-0.4655570073307315,2.8113845465623406,-3.3231153043059516,1.457217418015741,1.457217418015741,-0.6846061921766095,1.2365475714350105e-05,0
1546473600000000000,-0.0112045337615006,-0.47969588324238666,0.09785720018898596,0.9748750815527929,1.3031364680346604,1.3031364680346604,-0.10661797201873578,1.2083315433948754e-05,0
1546560000000000000,0.0051496039312523,-0.43188401173243024,1.6254380190771498,-1.8666948756825392,1.4367228793856681,1.4367228793856681,-0.2992807120713603,1.2956781182055687e-05,0
1546819200000000000,0.0041350713736188,-0.47071594003404593,0.4197558188808339,1.2182482980133682,1.1199983515588454,1.1199983515588454,-1.0699316722818586,1.2156046109408846e-05,0
1546905600000000000,0.00281363456255,-0.5124056793339963,1.314502131804135,-1.3518520527291253,1.5099792025960206,1.5099792025960206,-0.877268932229234,1.155723523936799e-05,0
1546992000000000000,0.0048944331833999,-0.5566063049862964,1.1503129936724046,-1.2303377536890656,1.3576836092461826,1.3576836092461826,-0.10661797201873578,1.1344054724859947e-05,0
1547078400000000000,-0.0030955570407573,-0.5884020938248059,0.2603518319732497,0.4069668101947092,1.499489890950354,1.499489890950354,-0.4919434521239849,1.14542343881475e-05,0
1547164800000000000,-0.0024656504210332,-0.619814910275431,-0.10054666342468041,,0.9867321073684318,0.9867321073684318,-1.6479198924397322,1.1797258686422703e-05,0
1547424000000000000,-0.0053268862323603,-0.6525316863225387,1.784564425915219,-0.7825393128814251,0.8334060856829449,0.8334060856829449,-1.262594412334483,1.2355532869061116e-05,0
1547510400000000000,0.0137994642136697,-0.6615580587991077,0.18904750914037752,-0.6908515917394045,0.8105503454596427,0.8105503454596427,-1.0699316722818586,1.2497609655104777e-05,0
1547596800000000000,0.0003214385839176,-0.5674217880489867,0.1549072362871389,0.5776430489688648,0.8924330103371659,0.8924330103371659,-0.4919434521239849,1.145361193971605e-05,0
1547683200000000000,0.0013672907661065,-0.6113436396617576,0.025963737813969545,0.6879766066969731,-0.11808611203897747,-0.11808611203897747,-0.877268932229234,1.1706867833998893e-05,0
1547769600000000000,0.0001604610249256,-0.6524735194242601,-0.9808970708464958,-1.1148432475829715,0.38707286049977013,0.38707286049977013,-1.4552571523871076,1.2435737463295333e-05,0
1548028800000000000,0.0050208086296924,-0.6911322102553803,-0.640887440810396,-0.19771798228525814,-0.21046129859161253,-0.21046129859161253,-0.4919434521239849,1.3524730871218923e-05,0
1548115200000000000,-0.0035732571466164,-0.712223912030528,-1.2371838439475351,1.383983527547976,-0.6566792953825656,-0.6566792953825656,-1.0699316722818586,1.4394634128064259e-05,0
1548201600000000000,-0.0083892145371514,-0.7313407111202218,-1.0210865399490636,1.898597363252861,-0.9922986267010818,-0.9922986267010818,-1.0699316722818586,1.5119532048753587e-05,0
1548288000000000000,0.0016880730581589,-0.6939656853047018,0.26986373971944766,-0.19957602627021975,-0.5913823423576177,-0.5913823423576177,-0.2992807120713603,1.3927794711088106e-05,0
1548374400000000000,-0.0064030621649687,-0.729596764183174,-1.031497166487135,0.5660263336903538,-1.1625283770659804,-1.1625283770659804,0.27870750808651334,1.506080966049339e-05,0
1548633600000000000,-0.011099773244971,-0.7194607656722459,-1.169049910108946,1.949176312320722,0.5457090736600563,0.5457090736600563,-0.877268932229234,1.4546226694607702e-05,0
1548720000000000000,-0.0008773312978436,-0.6382088697888311,-1.5411268145587504,0.1984459974238508,-0.0347820944904717,-0.0347820944904717,-0.2992807120713603,1.2384981660936096e-05,0
1548806400000000000,-3.758830501756102e-05,-0.6758789931225858,-0.3812933475787717,-0.7927626182942779,0.1736328933637776,0.1736328933637776,-0.10661797201873578,1.306579830422048e-05,0
1548892800000000000,0.0166789208742785,-0.7128679079059923,0.6869258389760009,-1.84210546549499,-0.5621922007574817,-0.5621922007574817,-0.2992807120713603,1.4022227327432461e-05,0
1548979200000000000,0.0057722920298164,-0.5479212926393281,-1.5814033205291622,0.5337065964318095,-1.2667533059714458,-1.2667533059714458,-1.0699316722818586,1.154445112343394e-05,0
1549238400000000000,0.0017059248691862,-0.5743793733071298,1.1824278446717436,-0.7362212044603759,0.3936503383760785,0.3936503383760785,-0.4919434521239849,1.1400661464923956e-05,0
1549324800000000000,0.0020231630833451,-0.6173211896676697,0.7725376929342974,-1.2341227431488528,0.42109218504633433,0.42109218504633433,-1.0699316722818586,1.1763995874856246e-05,0
1549411200000000000,0.0116473337260757,-0.6570993555217731,-0.12654560084482344,-0.2935997494802623,0.8874292706801011,0.8874292706801011,-0.4919434521239849,1.2370858083081564e-05,0
1549497600000000000,0.0006280717930916,-0.6019849234161835,-0.3256366578552421,-0.2806575397951701,0.3783091125345888,0.3783091125345888,0.08604476803388877,1.166375080785446e-05,0
1549584000000000000,-0.0114298051881045,-0.6439708237601809,0.1480733386200052,-0.7854443851463083,0.5400562493399732,0.5400562493399732,-0.6846061921766095,1.2091911361878068e-05,0
1549843200000000000,-0.0050200547115384,-0.5689070080907049,-0.052978193739515435,4.22558148192456,0.7858560180056116,0.7858560180056116,-1.4552571523871076,1.1402030597918974e-05,0
1549929600000000000,-0.0052853608316248,-0.5877995865160979,0.8553799121927053,3.1067447951645035,1.164416627685605,1.164416627685605,-1.262594412334483,1.1434516657741359e-05,0
1550102400000000000,-0.007911132252471,-0.6027871552139195,-0.14679258131517023,,1.7852130238915394,1.7852130238915394,-1.6479198924397322,1.1541939624054008e-05,0
1550188800000000000,-0.0020166713974639,-0.5873816146166857,1.3397855504181524,1.5688412056059782,1.298558524402773,1.298558524402773,-1.262594412334483,1.1464299518195562e-05,0
1550448000000000000,-0.0078117716203071,-0.6243471263777101,0.7302345735514354,-1.4910627656427515,1.4469038940316756,1.4469038940316756,-0.2992807120713603,1.179771936048451e-05,0
1550534400000000000,-0.0034455265383959,-0.6078668829495509,-1.2149906698435102,1.5546306000862802,0.4093885422349169,0.4093885422349169,-1.0699316722818586,1.166018480731962e-05,0
1550620800000000000,0.012287110143627,-0.635720730942795,0.7248185353953641,-0.654010861628196,0.688772967579943,0.688772967579943,-1.262594412334483,1.1957013696241485e-05,0
1550707200000000000,0.0050544736074349,-0.5729997008208428,-1.6112730542494036,-0.3806134690721896,-0.25715325641790016,-0.25715325641790016,-0.4919434521239849,1.1415884463661486e-05,0
1550793600000000000,0.0001668819363047,-0.6026166290118176,-0.3524046472291848,2.1268175799155413,-0.5415899905189284,-0.5415899905189284,-1.0699316722818586,1.1595992099831214e-05,0
1551052800000000000,0.0081626735135031,-0.6443112186958065,0.5916048020096094,2.8173322153299236,0.06037711567774612,0.06037711567774612,-1.262594412334483,1.2158674844682454e-05,0
1551139200000000000,-0.0041260920318907,-0.6398041340041227,0.8402331980996726,,0.09737189304787197,0.09737189304787197,-1.6479198924397322,1.2178406572007798e-05,0
1551225600000000000,-0.0026475831003447,-0.6603875690280027,0.08925137896018263,-0.5642300577815874,0.642454479133358,0.642454479133358,-0.877268932229234,1.2741633884635071e-05,0
1551398400000000000,0.0065570977456633,-0.7224119158351574,0.7652205279194608,0.8384533401369565,1.0006957421503557,1.0006957421503557,-0.877268932229234,1.4681972897171232e-05,0
1551744000000000000,0.0113451839580338,-0.7277522023899377,1.3389908078513941,-0.9052889938582002,1.2088754817063578,1.2088754817063578,-1.0699316722818586,1.4905022376320342e-05,0
1551830400000000000,0.0059481541776258,-0.6673928871529817,-0.018567083970144446,1.1035344681228936,0.9576418210266365,0.9576418210266365,-0.6846061921766095,1.3028159816613824e-05,0
1551916800000000000,0.0004703675388439,-0.6830972196585892,3.0240099132829585,-3.5804667510539594,1.9810112812000555,1.9810112812000555,-1.262594412334483,1.3382905051647477e-05,0
1552003200000000000,-0.0020639291176077,-0.720094040292738,0.4735483727050163,-0.5599244338652553,1.4597902908113165,1.4597902908113165,-1.262594412334483,1.4748620091618735e-05,0
1552262400000000000,0.0119486828487988,-0.747935782677236,-0.5226943111601905,0.9853006368179135,2.0121376813351284,2.0121376813351284,-0.2992807120713603,1.5835158821485528e-05,0
1552348800000000000,0.0118519264539069,-0.6738230318506649,2.424079442339045,-1.8143910830497434,1.8198372085001764,1.8198372085001764,-0.2992807120713603,1.3128788015893597e-05,0
1552435200000000000,0.0035772840485137,-0.6128696479810188,-3.4303742756095916,-3.0178994665096286,0.5684819139427847,0.5684819139427847,-1.4552571523871076,1.1855207879634446e-05,0
1552521600000000000,0.0001366372574386,-0.6478771953617956,0.6526562028916456,1.2779101337765644,-0.13101965906434043,-0.13101965906434043,-0.877268932229234,1.234312751335523e-05,0
1552608000000000000,0.0073429617299341,-0.6867941004246625,1.2088471559781462,1.4507256950751004,0.11747750105085115,0.11747750105085115,-1.262594412334483,1.3314407362391777e-05,0
1552867200000000000,0.0030888668901587,-0.6873146953403378,1.477199312947363,0.299556707303585,1.6325248105654464,1.6325248105654464,-1.4552571523871076,1.3576396896407714e-05,0
1553040000000000000,-0.0009847191425605,-0.7293725258229099,-3.7515334066240404,,0.22081497853755175,0.22081497853755175,-1.6479198924397322,1.5262297190849523e-05,0
1553212800000000000,-0.0055835773146963,-0.7608931085021027,0.4542809758483129,-1.3979211723576568,-0.021052104819505372,-0.021052104819505372,-0.6846061921766095,1.696263420884745e-05,0
1553472000000000000,-0.0090000795022271,-0.7570736291153153,2.705469225108554,-2.6667921206132474,-0.8936104308368887,-0.8936104308368887,-1.4552571523871076,1.6670916017391e-05,0
1553558400000000000,0.0112973286932164,-0.7066093145996452,0.14641048321223413,-1.5354648740041414,0.3558284448385938,0.3558284448385938,-0.877268932229234,1.4250184207154329e-05,0
1553644800000000000,-0.0033321468214628,-0.650176190221949,0.7509536591084116,0.9398823268213944,0.4509232933772408,0.4509232933772408,-1.0699316722818586,1.2558779640298668e-05,0
1553731200000000000,0.0108582361558709,-0.6756870432956317,1.0265893086809588,-1.1532888633003262,0.29490036415177734,0.29490036415177734,-0.6846061921766095,1.2895953684867957e-05,0
1554076800000000000,0.0085330995827254,-0.630686770614296,-0.4547230648567712,4.379687136998373,-0.6642464631430808,-0.6642464631430808,-1.4552571523871076,1.2026485314995829e-05,0
1554163200000000000,0.0037677868730356,-0.62319073867379,1.7147682149865275,-1.7537721366719756,-0.44365901928582024,-0.44365901928582024,0.08604476803388877,1.1896497577578108e-05,0
1554249600000000000,-0.0059296790704819,-0.6566294462186064,1.3889533614858849,-0.8754146835990632,-0.6212296707835835,-0.6212296707835835,-0.877268932229234,1.2455215859466535e-05,0
1554336000000000000,-0.0039540791366154,-0.659148128061121,1.4409212240201836,-2.339001898740326,0.7452724547759533,0.7452724547759533,-1.0699316722818586,1.260465853381317e-05,0
1554422400000000000,0.0058416896509144,-0.6795464746605681,1.6318750491530225,-0.3063862054776156,1.8449463530461536,1.8449463530461536,-1.262594412334483,1.3149161371474003e-05,0
1554681600000000000,-0.0052814051841508,-0.6951520144948773,-0.4731677138732958,1.823242717610243,1.6789758566648731,1.6789758566648731,-0.877268932229234,1.3671758487867745e-05,0
1554768000000000000,0.005795590267793,-0.7008017523604084,-0.8961696483910516,-1.422236366946427,0.9465072514380439,0.9465072514380439,-0.877268932229234,1.3945677089780518e-05,0
1554854400000000000,-0.0075378279508354,-0.715041345542244,2.555883222390442,-2.2826668849224765,1.3038948652764621,1.3038948652764621,-1.4552571523871076,1.4412245618129046e-05,0
1554940800000000000,0.0010698754849078,-0.6919077210287092,-0.5195216582576855,-0.19813905264349407,0.614290612570793,0.614290612570793,-1.0699316722818586,1.382396237635136e-05,0
1555027200000000000,0.0040232151920854,-0.7283353224201854,-0.14542924722420902,,0.17808505060275834,0.17808505060275834,-1.6479198924397322,1.5342829128226518e-05,0
1555372800000000000,0.008246306446581,-0.7761059459473642,0.08433380761876696,3.716401313478111,0.03202327424423235,0.03202327424423235,-1.4552571523871076,1.793171249768613e-05,0
1555545600000000000,-0.00291849473211,-0.7564158436847557,2.026899340331994,-1.017149684098889,0.8143670033645973,0.8143670033645973,-1.262594412334483,1.712383001566947e-05,0
1555891200000000000,-0.013564941266796,-0.77670850130163,-1.300784991875899,,-1.1494440034485776,-1.1494440034485776,-1.6479198924397322,1.7637549972682407e-05,0
1555977600000000000,-0.0015968652780555,-0.6341620593335658,2.666148431575643,-3.4129520078306643,-0.9445404213517126,-0.9445404213517126,-1.0699316722818586,1.2552643584488395e-05,0
1556064000000000000,0.0128917369476169,-0.6697834514721172,-1.863269923960752,0.15856512218231916,-0.3257412642173605,-0.3257412642173605,-1.4552571523871076,1.2709067292137786e-05,0
1556150400000000000,-0.0072193711121506,-0.5911959996013175,2.2524587008524457,,0.8852252875588859,0.8852252875588859,-1.6479198924397322,1.1552679937776843e-05,0
1556236800000000000,0.009646887469961,-0.5855695434512458,1.2242982123819208,0.6674087276512249,0.9657286401112276,0.9657286401112276,-1.262594412334483,1.1419764732384527e-05,0
1556582400000000000,-0.0005531255807526,-0.5689114684260879,-2.4736476548126873,-0.8042386045142716,-0.41164530513109204,-0.41164530513109204,-1.262594412334483,1.1368349419466396e-05,0
1556755200000000000,-0.0019938224921164,-0.611594093662045,0.24976077990621676,2.3395974569819225,-1.8805233832823725,-1.8805233832823725,-1.262594412334483,1.1690683983543555e-05,0
1556841600000000000,-0.00106668952385,-0.6470779320878753,0.5024995905152352,-1.353860076606817,-1.7494597480187362,-1.7494597480187362,-0.877268932229234,1.2293849675927892e-05,0
1557100800000000000,-0.0097810779570294,-0.6836590521904715,0.16290799676512205,-0.6758401317110756,-0.4248966672488819,-0.4248966672488819,-0.6846061921766095,1.3079392526062162e-05,0
1557187200000000000,-0.0086897806903779,-0.6308826258017481,0.4467465063868695,1.1800339074356647,-0.3617552697393238,-0.3617552697393238,-1.0699316722818586,1.2017816000804909e-05,0
1557273600000000000,-0.0121144301503351,-0.6016855159910758,-0.3478420900316906,-3.5810497594163944,-0.6343220339897905,-0.6343220339897905,-1.262594412334483,1.1578878028508871e-05,0
1557360000000000000,-0.0050880260352891,-0.5209964293426909,-0.28786177918548755,,-0.2874238267273565,-0.2874238267273565,-1.6479198924397322,1.1447713779990179e-05,0
1557446400000000000,-0.0020282295690185,-0.543137147392198,-0.596222884639215,-0.8253702633644696,-0.18856777852066117,-0.18856777852066117,-1.0699316722818586,1.1345548379254648e-05,0
1557705600000000000,-0.011655690801341,-0.582902674982929,0.1247397500100146,0.24436232209623365,-1.3238357399458485,-1.3238357399458485,-0.4919434521239849,1.1406749832784587e-05,0
1557792000000000000,0.0066025080321108,-0.5132303187470302,-0.7836721904353731,-0.11159615498118765,-1.4635358192758212,-1.4635358192758212,-0.877268932229234,1.1589759013564723e-05,0
1557878400000000000,-0.0058134718372332,-0.5358123345818285,1.0672825904616972,-0.7116021511857265,-1.0291606447114026,-1.0291606447114026,-1.262594412334483,1.2570694573305646e-05,0
1557964800000000000,0.0089319023833083,-0.550278233606018,0.3290644832702043,0.07414321360755755,-0.7325709447796185,-0.7325709447796185,-0.6846061921766095,2.609346372858839e-05,0
1558051200000000000,0.0132413800291101,-0.5461747051155824,-0.6193979920968372,1.4952165177895194,0.048722892389192356,0.048722892389192356,-1.262594412334483,0.00019279654423707534,0
1558310400000000000,0.0362503520301784,-0.4803561081163607,3.07294968152719,,0.18945942958063822,0.18945942958063822,-1.6479198924397322,0.00224017956384453,0
1558396800000000000,-0.0101244541453482,0.15864151910903831,0.6245053575132635,-1.3555273902181328,0.04753253074756402,0.04753253074756402,-1.4552571523871076,0.02625142584613042,0
1558483200000000000,0.0024566721316128,0.12848878042792558,-0.6385060559304376,0.034534624630014464,-0.2626105294919079,-0.2626105294919079,-1.0699316722818586,0.029877303670911865,0
1558569600000000000,-0.0069118255980392,0.04713392086741882,-1.9914993302831334,0.30771289196281393,-0.7024210556943044,-0.7024210556943044,-1.4552571523871076,0.02785060767582237,0
1558656000000000000,0.0159186898748304,-0.002463161024118991,-1.392824935809271,0.28319135931618544,-0.0934010383042865,-0.0934010383042865,-1.262594412334483,0.023255654650724343,0
1558915200000000000,0.0067862518773673,0.03512114353295112,1.3337868665870585,0.11300539809254584,-0.888900399864556,-0.888900399864556,-1.4552571523871076,0.018369331308387627,0
1559001600000000000,0.0003353805552639,-0.024542341038102683,-0.013173114481973556,0.8891967366774727,-0.2547718047262212,-0.2547718047262212,-0.877268932229234,0.010754483158466893,0
1559088000000000000,-0.0056873476786873,-0.09899375578303185,-0.5686616379340933,0.957802923134059,0.009403794864929286,0.009403794864929286,-0.877268932229234,0.004277492307687757,0
1559174400000000000,0.0071240509010948,-0.14729589943453567,0.18167537036608153,-1.1680589939910868,-0.7227845246598029,-0.7227845246598029,-1.262594412334483,0.0013038433808174547,0
1559260800000000000,-0.001935638971628,-0.192688889139759,-0.2016418231429629,0.17072740346587564,0.24552325277380557,0.24552325277380557,-1.0699316722818586,0.0003296287299645533,0
1559520000000000000,0.0138061904475292,-0.2539468836948446,0.05878068785207578,2.3166290928260205,0.27021890498175927,0.27021890498175927,-1.262594412334483,8.390368720124567e-05,0
1559606400000000000,-0.0055494840533033,-0.21751245043135978,0.5329498618757846,0.8179928745019517,0.3828157042506671,0.3828157042506671,-1.0699316722818586,4.6920119260852893e-05,0
1559779200000000000,-0.0149089211116321,-0.258588755373113,-0.6821238315011643,-1.144760879338757,-0.457582807735856,-0.457582807735856,-0.10661797201873578,3.442323623917095e-05,0
1559865600000000000,0.0022686976453037,-0.1804651583239836,0.6263903050737297,-0.3200171429803207,-0.0968562361781245,-0.0968562361781245,-0.10661797201873578,4.497779148147392e-05,0
1560124800000000000,0.0043751625083482,-0.2452008714229303,0.8037823888689343,-1.3465399278699115,1.1754246000197317,1.1754246000197317,-0.877268932229234,3.217820165650147e-05,0
1560211200000000000,0.0035916712809597,-0.29988040884944633,0.6332624583927372,0.6004016637377633,1.5970558018975543,1.5970558018975543,-0.6846061921766095,2.2794672706299464e-05,0
1560297600000000000,-0.0049765444699523,-0.3543295161052819,-0.1980311911289421,1.421619425155693,1.3327974399483187,1.3327974399483187,-0.877268932229234,1.7379555290898526e-05,0
1560384000000000000,0.0006590703001973,-0.38983828682790594,-0.17161148847270527,,1.065092256997879,1.065092256997879,-1.6479198924397322,1.4910610464225299e-05,0
1560470400000000000,-0.0076462152373002,-0.44419689544230984,2.940173636394561,,1.2954741450097904,1.2954741450097904,-1.6479198924397322,1.2975625969168828e-05,0
1560729600000000000,-0.0128664484379438,-0.4479465826480965,1.0845981786635444,-0.9741864998141189,1.6422360762689414,1.6422360762689414,-1.4552571523871076,1.2903947152509296e-05,0
1560816000000000000,0.0016563861789982,-0.37736086125937013,2.4342443202429185,-2.6870297016889624,2.485980226607316,2.485980226607316,-1.0699316722818586,1.4998856986382614e-05,0
1560902400000000000,-4.259914774167141e-06,-0.4318930353421338,1.4962644896732573,0.42133473146165207,3.020597744405493,3.020597744405493,-1.4552571523871076,1.3214432829668781e-05,0
1560988800000000000,0.0119287739074267,-0.48347087002120087,-1.3283525407081564,0.881623785878199,1.6523731885269828,1.6523731885269828,-1.4552571523871076,1.2076190939293864e-05,0
1561075200000000000,-0.0091400770377047,-0.4468791480511714,-1.4476473645138288,0.34851121008894737,0.7286128374840056,0.7286128374840056,-1.4552571523871076,1.2668400575555556e-05,0
1561334400000000000,-0.0020875587921609,-0.4324095051950366,0.7945820268021762,-0.7812370539012877,-0.19097787681265682,-0.19097787681265682,-0.4919434521239849,1.2983853966434719e-05,0
1561420800000000000,0.0082396950931069,-0.47887925789208236,-0.27384742023149666,1.9219769040830181,-0.7583658888099442,-0.7583658888099442,-1.262594412334483,1.2019041079545972e-05,0
1561593600000000000,-0.0005065621089227,-0.5286709830806152,0.6800106687384194,-1.0347825848242045,-0.11460929782824769,-0.11460929782824769,-1.262594412334483,1.1441642495631951e-05,0
1561680000000000000,-0.004460380187531,-0.5738612792202689,0.2640732785473388,-0.5872686436607565,0.4340620982155503,0.4340620982155503,-0.4919434521239849,1.1369941719548527e-05,0
1561939200000000000,0.0064892882200805,-0.5969601988339768,0.6553154700320346,1.0664092821142108,1.6517020340791855,1.6517020340791855,0.27870750808651334,1.1510108307352683e-05,0
1562025600000000000,0.0037601309797355,-0.6137823818510703,-0.187734346882106,1.073936877568169,1.3735568407846117,1.3735568407846117,-0.6846061921766095,1.1730113393460386e-05,0
1562112000000000000,0.0005414178862205,-0.6478869486468206,-1.1666983668510575,1.851447472581772,0.9149402556059012,0.9149402556059012,-1.262594412334483,1.2340307305979292e-05,0
1562198400000000000,0.0025143014062712,-0.6870738561130575,2.9740352424047183,-3.652053657252548,1.6294030783515572,1.6294030783515572,-1.4552571523871076,1.3405936392404865e-05,0
1562284800000000000,-0.0114152412136924,-0.7212368740695604,-0.10127862441599501,,0.7076279533693497,0.7076279533693497,-1.6479198924397322,1.4483807739606892e-05,0
1562544000000000000,-0.0216143187984928,-0.6337806884512504,1.020445919079374,-0.338412714119469,0.43066859810956204,0.43066859810956204,-0.877268932229234,1.2718476404651523e-05,0
1562630400000000000,-0.000233551992236,-0.3283200938828215,1.5301625335645377,-1.0733601102885157,-0.03214737485909046,-0.03214737485909046,-1.0699316722818586,1.7824881217659987e-05,0
1562716800000000000,-0.0049447502653284,-0.385555215239013,1.7479678977445667,-1.8561506672967247,0.5606062821444582,0.5606062821444582,-1.4552571523871076,1.5200891163788851e-05,0
1562803200000000000,0.0072784937042869,-0.41904600468270076,1.8248841383925365,,0.7907519374955977,0.7907519374955977,-1.6479198924397322,1.3663784304352261e-05,0
1562889600000000000,-0.002628042532973,-0.44330755546568495,-1.4136105059212143,0.48377898609119685,1.5205796583729299,1.5205796583729299,-0.2992807120713603,1.2793479879133925e-05,0
1563148800000000000,0.0030983856392325,-0.48681069840527463,1.2478566378511828,-0.42964582696919645,-0.5191172848986781,-0.5191172848986781,-1.4552571523871076,1.1888714116951731e-05,0
1563235200000000000,0.0063868577322556,-0.5316749755280088,-2.0810092407231764,1.2599582139832217,-1.7711042734326854,-1.7711042734326854,-0.877268932229234,1.141410768860431e-05,0
1563321600000000000,0.0021327874810327,-0.5545909631259971,-0.7675711222012136,-0.8857819570591301,-1.5640241450239858,-1.5640241450239858,-0.877268932229234,1.1335998244457052e-05,0
1563408000000000000,-0.0077820399135673,-0.597965365052471,2.953461379165856,,0.32948618156984055,0.32948618156984055,-1.6479198924397322,1.1497826297167931e-05,0
1563494400000000000,-0.015437326885714,-0.5847322279807885,1.3745306500110182,1.152314636412596,0.8850870259369309,0.8850870259369309,-0.877268932229234,1.1518087940927944e-05,0
1563753600000000000,-0.0064176244949366,-0.4414961328898,-0.08199405999884597,1.0985608964511304,0.9672050891502516,0.9672050891502516,-1.0699316722818586,1.2687067359684295e-05,0
1563840000000000000,-0.001336175495625,-0.45818118938345087,-0.28714146688808745,0.7682659170869991,1.1212010176039078,1.1212010176039078,-1.0699316722818586,1.2367491739243942e-05,0
1563926400000000000,-0.0052870732659151,-0.505616903523144,-3.6812443067042144,,-1.00547382607616,-1.00547382607616,-1.6479198924397322,1.1641909724954138e-05,0
1564012800000000000,-0.0017003983413219,-0.5272942440835315,-3.6614467874661276,-3.801908621371166,-2.619695622294174,-2.619695622294174,-1.4552571523871076,1.1437335449862055e-05,0
1564358400000000000,-0.0084633169752627,-0.6098901222657351,-0.1934774455693015,-0.28499315834270567,-2.4298627034495492,-2.4298627034495492,-0.2992807120713603,1.1606810924151673e-05,0
1564444800000000000,-0.0093200823653439,-0.5863379788133893,-0.08798863973860414,0.16086148960314953,-2.366026667971959,-2.366026667971959,-0.4919434521239849,1.1425819891177172e-05,0
1564531200000000000,0.0029364540769757,-0.5534757440174511,-3.6179783697005776,,-2.345747535323464,-2.345747535323464,-1.6479198924397322,1.1335426051274138e-05,0
1564617600000000000,-0.0124899804498931,-0.5947598680665585,0.8596630824128555,0.4992097853102569,-0.8965603247645674,-0.8965603247645674,-0.6846061921766095,1.1475081972333887e-05,0
1564704000000000000,0.0015788630828991,-0.5083319063631994,-1.0785614787880717,2.456892388489381,-1.3091910209394537,-1.3091910209394537,-1.4552571523871076,1.1538923831852631e-05,0
1564963200000000000,-0.0123286385918026,-0.5553696786527509,-0.45183519795018456,-0.25029971907770593,0.06087982290661022,0.06087982290661022,-1.0699316722818586,1.1380740666008798e-05,0
1565049600000000000,0.007853965566277,-0.4780872617895832,-0.057080100518700064,0.8923627195993408,-0.23297114163697544,-0.23297114163697544,-1.0699316722818586,1.192693461865547e-05,0
1565136000000000000,-0.0085077621466028,-0.49222490075884007,1.31760165031895,-0.3031565795805109,0.5350900338388663,0.5350900338388663,-1.0699316722818586,1.1815067974929404e-05,0
1565222400000000000,0.0161690837982416,-0.4810233199619702,-1.388975015072458,-1.4175547013251286,-0.25270808746985707,-0.25270808746985707,-0.6846061921766095,1.2220651819522446e-05,0
1565308800000000000,0.0069731873754653,-0.3724107597877204,0.4011275922149809,-1.5924550947916023,-0.04653383708721951,-0.04653383708721951,-0.877268932229234,1.5368222988566928e-05,0
1565654400000000000,-0.0166826297594268,-0.4027806987405092,-0.626858396693327,3.266890941839389,1.1775195343520704,1.1775195343520704,-1.4552571523871076,1.5352483034845867e-05,0
1565740800000000000,0.0094329646972824,-0.2684224008379806,0.7880087720388396,-0.49685450250875135,1.3015296278784374,1.3015296278784374,0.6640329881917624,2.442418727703712e-05,0
1565913600000000000,0.0016668253365152,-0.28479320725128426,0.09147768936697963,-0.07938372765818147,0.8050131555044667,0.8050131555044667,-0.6846061921766095,2.3258424310940076e-05,0
1566172800000000000,0.0005520467691192,-0.34455462212290894,2.04624209957627,-2.357662623809181,0.816046930574843,0.816046930574843,0.47137024813913786,1.7957128947322215e-05,0
1566259200000000000,-0.0033438078514244,-0.4014574724403254,2.0003669404436906,-2.0450848115462166,1.0856909746881562,1.0856909746881562,-0.4919434521239849,1.4531967575696902e-05,0
1566345600000000000,-0.0089626008590573,-0.4440755619215533,0.8640194852181579,0.6173847004467307,1.3333199247449914,1.3333199247449914,-0.4919434521239849,1.3032115391083695e-05,0
1566432000000000000,-0.0163761903599742,-0.4321743746140264,-0.23023189891585255,-3.851999016179707,1.4337516164370794,1.4337516164370794,-1.4552571523871076,1.387295127599273e-05,0
1566518400000000000,0.0081592615346459,-0.29863719544428524,-1.5813572321037934,-0.07390649749281478,1.0042537625471901,1.0042537625471901,-1.0699316722818586,2.1320685021801862e-05,0
1566777600000000000,0.0208805429846769,-0.32467495762773735,0.3515883495328539,-0.0366995856775968,-0.286818845813124,-0.286818845813124,-1.0699316722818586,2.396424388059065e-05,0
1566864000000000000,0.0042863913515562,-0.14891476344349677,0.5944735722005708,0.8330835911402745,-0.022469459132135924,-0.022469459132135924,0.27870750808651334,5.397280148842675e-05,0
1566950400000000000,-0.0053495498840406,-0.20972955472972293,0.6508768120194913,-1.1466511070582872,0.6930462263568825,0.6930462263568825,-1.262594412334483,4.2160557616909694e-05,0
1567036800000000000,-0.0088932138970112,-0.25276822553961625,-0.9644976367587575,0.6870036947014355,0.5381492282599528,0.5381492282599528,-1.0699316722818586,3.173991219802452e-05,0
1567123200000000000,0.006822503346491,-0.2603911764409014,1.120602024757254,-0.5599652841965177,0.5728109001397296,0.5728109001397296,1.0493584682970116,2.9313786147545633e-05,0
1567468800000000000,-0.0206549716202419,-0.3000393577596465,-0.2687050957877602,-0.07981793450747658,0.5536215963559658,0.5536215963559658,0.27870750808651334,3.15114100871815e-05,0
1567555200000000000,0.0043201998863098,-0.10165698612880181,0.35236213083854967,0.5755653030685234,0.3073715690506332,0.3073715690506332,0.08604476803388877,8.227697316756001e-05,0
1567641600000000000,0.000299642034456,-0.16512498810539783,0.07116506279177318,0.811373401159508,0.25395554437760337,0.25395554437760337,-0.877268932229234,6.266572981873127e-05,0
1567728000000000000,0.0090208330367241,-0.23190694196624517,1.1229138246746362,1.0603018782893776,0.6977755447174072,0.6977755447174072,-1.4552571523871076,3.884656444864692e-05,0
1567987200000000000,0.0051801074294417,-0.25537551197295705,-0.5695043876656299,-1.4918353636825568,1.4105477497180343,1.4105477497180343,-1.0699316722818586,2.9528731654885833e-05,0
1568160000000000000,0.00296300057966,-0.3055804887912134,-0.3319740248612933,2.0626866766922114,1.0785695143902665,1.0785695143902665,-1.262594412334483,2.1896044277620655e-05,0
1568246400000000000,-0.0048050950254965,-0.36165652766167644,0.03566092736184645,0.30530206782485414,0.2213963266832659,0.2213963266832659,0.6640329881917624,1.7101378068229353e-05,0
1568332800000000000,0.0084412171097482,-0.3978681653622009,1.014941831647905,-1.0302581434350861,0.21587370208804102,0.21587370208804102,-0.877268932229234,1.6842941547131598e-05,0
1568592000000000000,-0.0065582079983637,-0.41310067502421316,0.921862680282583,0.7833203571675487,-0.3384161235603627,-0.3384161235603627,-0.6846061921766095,3.5615225882497e-05,0
1568678400000000000,-0.0170390027633122,-0.43082437445922145,0.5329897697801345,-1.6892385092457203,-0.17900336461010613,-0.17900336461010613,-1.262594412334483,0.00023850747274538217,0
1568764800000000000,0.0021285921026311,-0.28395042627063327,0.17597437045662453,0.5109370378604821,-0.44792426010385206,-0.44792426010385206,-0.877268932229234,0.0024384948453819977,0
1568851200000000000,-0.0126107725834496,-0.34311086258016793,0.6108081911495767,0.1925842106447224,0.7263339841054306,0.7263339841054306,-0.877268932229234,0.017105710538751092,0
1568937600000000000,0.0518247259951442,-0.2910891556099961,2.47695362163863,-3.182364852049881,1.5233807273207989,1.5233807273207989,-1.262594412334483,0.1414167242179884,0
1569196800000000000,0.0285054094215263,0.7754108352266255,1.6277798910151935,1.0243211184606063,2.007791407791216,2.007791407791216,-0.877268932229234,0.9999951579436149,1
1569283200000000000,-0.001035000333708,0.9143752793216505,0.7048624653901158,-0.8949908472516228,2.037939370404528,2.037939370404528,-0.4919434521239849,0.9999999999721015,1
1569369600000000000,-0.0128538704574952,0.7917694351807687,1.454166385545133,-1.1147138231167177,1.7100972643003354,1.7100972643003354,-0.877268932229234,0.9999999995388233,1
1569456000000000000,0.011385783826013,0.7378063444295744,0.6325598110980583,1.1785571002601358,1.9518204106011043,1.9518204106011043,0.08604476803388877,0.9999999985081107,1
1569542400000000000,-0.0050945199509384,0.6630615467053219,1.64746124716734,,1.9555431635512637,1.9555431635512637,-1.6479198924397322,0.9999999929909041,1
1569801600000000000,-0.0033019077276591,0.5647998777309144,0.5483371454921663,-1.5837463811411445,1.6744665978812228,1.6744665978812228,-0.10661797201873578,0.9999999533532717,1
1569888000000000000,-0.0100331967125401,0.4654190213134221,0.7014602008405466,-0.4639667255032584,1.696551786361725,1.696551786361725,0.856695728244387,0.9999997296987387,1
1570060800000000000,-0.0040487479027005,0.41088138030652777,0.1726913847049747,0.37231444238878175,1.2706915085969903,1.2706915085969903,-0.6846061921766095,0.9999993276779382,1
1570147200000000000,-0.0123841280362274,0.32266631044579086,-0.15807176001968756,-0.5109539491363161,0.7383625532883146,0.7383625532883146,0.6640329881917624,0.9999973687781079,1
1570406400000000000,-0.0043360709453904,0.30206888938543863,0.4593384216663964,0.7789619448276612,-0.22962735396761075,-0.22962735396761075,-0.2992807120713603,0.9999947834894822,1
1570579200000000000,0.0166583095543536,0.2212860684223597,0.5437173120088511,-0.17716633095056894,-0.32109607689916453,-0.32109607689916453,-1.0699316722818586,0.9999375563019998,1
1570665600000000000,-0.0069851734480923,0.24428729381793468,-0.199973913672261,-0.14495533302627772,-0.46529573549969255,-0.46529573549969255,0.6640329881917624,0.9993526363763329,1
1570752000000000000,0.006255677219734,0.18183245685964178,0.26636579596250126,2.438157410482763,0.09262800826161514,0.09262800826161514,-0.877268932229234,0.9900529745906699,1
1571011200000000000,0.0031882272704231,0.11016030402605778,-0.20092865878325272,0.46793366078451054,0.5522774839117577,0.5522774839117577,0.6640329881917624,0.923359274677916,1
1571097600000000000,0.0076549797105181,0.031245195594940572,1.0917710489658685,-1.2281084919865248,0.7279494956866848,0.7279494956866848,-1.262594412334483,0.7143341620472946,1
1571184000000000000,0.0031189722795879,-0.02262054546430688,0.7612289930205891,-0.5116725058906425,1.0360514881668192,1.0360514881668192,-0.2992807120713603,0.424122156710096,0
1571270400000000000,0.0106159568508184,-0.09436439364493567,1.371261072110304,0.7060223857509464,1.3902123356764138,1.3902123356764138,-1.262594412334483,0.1789407330169875,0
1571356800000000000,0.0064951495568105,-0.11353122555729293,-0.5880854688998837,-0.06216168878639306,0.7914831165016811,0.7914831165016811,-1.0699316722818586,0.06384900743385531,0
1571702400000000000,-0.0063225475319826,-0.16533991275793478,-0.31559548219834244,-0.07788378389409566,-0.6162548534419539,-0.6162548534419539,0.27870750808651334,0.016982849138907852,0
1571788800000000000,0.0013582008758651,-0.2043273992551427,-0.20368643338166914,-0.0026974347049700696,-0.4930403813196289,-0.4930403813196289,-0.6846061921766095,0.003598586700295194,0
1571875200000000000,-0.0018545120164874,-0.2688510818894081,-1.0985603540209696,-0.6659337913480692,-0.9537246487204624,-0.9537246487204624,-1.0699316722818586,0.0005775020207033141,0
1571961600000000000,0.0001122984698912,-0.3259353546639903,-1.2607287632260717,1.535664347058398,-0.9125315696693097,-0.9125315696693097,-1.0699316722818586,8.794808829012717e-05,0
1572307200000000000,0.0173682334074765,-0.3836567985259869,-0.7779301486078952,1.1405206228594615,-2.133269636404352,-2.133269636404352,-0.877268932229234,2.403475005165701e-05,0
1572393600000000000,0.0048453501784329,-0.2685668605778658,-0.7860199569295927,0.3099519055969036,-1.981107457066969,-1.981107457066969,-0.6846061921766095,2.525031647463763e-05,0
1572480000000000000,0.0028118405572833,-0.319643079373369,-1.539906552429747,0.36591153806922305,-1.8420230456843956,-1.8420230456843956,0.856695728244387,2.00445158680818e-05,0
1572566400000000000,0.0011064782775295,-0.375304474835722,-0.29472909381174517,0.22131484482486832,-1.490215481041909,-1.490215481041909,0.08604476803388877,1.5842515253708662e-05,0
1572825600000000000,0.0042548242520918,-0.430409069881228,0.9473071630047585,0.176249820260487,-0.7088556458954108,-0.7088556458954108,0.47137024813913786,1.333580750849237e-05,0
1572912000000000000,-0.0020202122992972,-0.47411372678116837,-0.2653374089167623,-0.028825715433143627,-0.3003078877314483,-0.3003078877314483,-0.4919434521239849,1.2128635107235108e-05,0
1572998400000000000,0.0040907060383537,-0.518260974437948,-0.12793663841393943,1.0651202182926862,-0.24684457891195094,-0.24684457891195094,-0.10661797201873578,1.151055782454448e-05,0
1573084800000000000,0.0038368392142123,-0.5570818885793133,0.7145730597408056,-0.7439098737594448,0.48554986269384776,0.48554986269384776,0.47137024813913786,1.1340896876503042e-05,0
1573171200000000000,-0.0086872239057793,-0.5945703249166654,-0.9108195809882073,-0.017897435443100806,0.12557825748289878,0.12557825748289878,0.6640329881917624,1.146051315468975e-05,0
1573430400000000000,0.0004449579074941,-0.5697109001615207,-0.18944990503312195,0.9465842789524532,-0.6156394707716665,-0.6156394707716665,0.08604476803388877,1.1372157552811344e-05,0
1573603200000000000,-0.0061463783728446,-0.6135651320512071,-1.870056970286343,-0.9040303494935752,-0.9416392993043767,-0.9416392993043767,-1.0699316722818586,1.1671858651601234e-05,0
1573689600000000000,0.0026694246816312,-0.6178088719540195,-0.06128117020028151,-1.011439456892708,-0.6693300134817457,-0.6693300134817457,-0.6846061921766095,1.1805396153563319e-05,0
1573776000000000000,0.0019649138125061,-0.6559132256913772,2.9168708474953995,,0.7275324098427598,0.7275324098427598,-1.6479198924397322,1.252580805634263e-05,0
1574035200000000000,-0.0009209603886071,-0.6934211753975419,0.9620311640624032,0.18881056184764333,1.6682311051261716,1.6682311051261716,-0.4919434521239849,1.3671017015428219e-05,0
1574121600000000000,0.0046674203321069,-0.7274657439057168,0.3073012145545517,-0.1876256233033009,1.7863757407128094,1.7863757407128094,1.242021208349636,1.5132115512163347e-05,0
1574208000000000000,0.0049291639974579,-0.7482541565308348,-0.05627155276733681,-0.41879094297393954,0.8333708225318522,0.8333708225318522,0.27870750808651334,1.6381985773091835e-05,0
1574294400000000000,-0.002561738649308,-0.765556195789125,0.32954429069154667,-0.10825129412178301,0.3901315158839401,0.3901315158839401,-0.4919434521239849,1.7648570752240708e-05,0
1574380800000000000,-0.0045220903960493,-0.787412495191483,1.701619384142855,-0.233304707529661,1.0507910964118798,1.0507910964118798,0.08604476803388877,1.921080953324533e-05,0
1574640000000000000,0.0132858891358918,-0.792103968285782,0.6783786416827526,1.4143785840085925,1.87291254709575,1.87291254709575,-1.0699316722818586,1.909681764403956e-05,0
1574726400000000000,-0.0029902665544935,-0.684337729852923,0.4332904183191764,0.364442665670202,2.0298357291668747,2.0298357291668747,-0.877268932229234,1.394467737134476e-05,0
1574812800000000000,0.0052199103527662,-0.7095454197113127,1.2527421762073678,-0.3406613300197806,2.3257556707320983,2.3257556707320983,-1.0699316722818586,1.4347777454832222e-05,0
1574899200000000000,0.0041605293507918,-0.727725384759202,-0.2595653113706802,-0.6637934073900342,1.6971215830676614,1.6971215830676614,-0.10661797201873578,1.5203675723464157e-05,0
1574985600000000000,-0.0078572552326699,-0.7517443485541349,1.2653076571740398,0.8970364513575438,1.0911561437898987,1.0911561437898987,-0.6846061921766095,1.6290552212193383e-05,0
1575244800000000000,-0.0006513050314763,-0.7196392205511342,1.1385000676197279,-0.4825061988368398,1.667788826437721,1.667788826437721,-0.10661797201873578,1.5100253499392567e-05,0
1575331200000000000,-0.0044920715009142,-0.7527116376203257,0.9425783690730294,-0.054028914597119865,2.0531214764048973,2.0531214764048973,0.47137024813913786,1.6579080256989803e-05,0
1575417600000000000,0.0040769856204158,-0.7608097000539285,0.07672722508520184,2.3794553195867856,1.6721363620241632,1.6721363620241632,-0.877268932229234,1.7377320817112513e-05,0
1575504000000000000,-0.0020613602474655,-0.7828913680504717,0.09146007347554824,0.3161881405023533,1.2632003016342763,1.2632003016342763,2.012672168560134,1.905790044928344e-05,0
1575590400000000000,-0.0080953486219982,-0.8062917553542807,1.1020000506543897,-0.047135988861090015,1.0851018886759005,1.0851018886759005,0.47137024813913786,2.0713125041778265e-05,0
1575849600000000000,0.0013412131605239,-0.7633817012816785,0.9720858269766924,-0.6748506855081016,1.1888365378902166,1.1888365378902166,0.08604476803388877,1.8085327170672353e-05,0
1575936000000000000,-0.0067831796188954,-0.7950770475574902,0.4474921935343524,-0.2268661891742715,1.3029583375781324,1.3029583375781324,-0.10661797201873578,1.9760770454448867e-05,0
1576022400000000000,0.0044894843560396,-0.7727566817995866,0.06087192005932703,-0.4360349695582445,0.969237279069142,0.969237279069142,1.0493584682970116,1.855892414513108e-05,0
1576108800000000000,0.0051628573460297,-0.7912752293310288,0.039545582986981236,-0.1455752797460043,0.79764793839237,0.79764793839237,-0.2992807120713603,1.9783844762567468e-05,0
1576195200000000000,0.0095518227839611,-0.8032387814729958,0.9043346209937915,-0.40956862324860255,0.7879838545810179,0.7879838545810179,-0.2992807120713603,2.052172853786242e-05,0
1576454400000000000,-0.0027132674192033,-0.7613371442203695,0.5868348299024031,0.9772873236935864,1.2388903318380504,1.2388903318380504,-0.877268932229234,1.7809600678015183e-05,0
1576540800000000000,0.0091705529807056,-0.7825775164587944,-0.03211103161606443,-0.37786713421841517,1.2159216687390797,1.2159216687390797,-0.4919434521239849,1.861994676471446e-05,0
1576627200000000000,0.0046460249046105,-0.7491938564854653,0.8498119320282118,1.042635097539581,1.1984450787405463,1.1984450787405463,-1.0699316722818586,1.685509701388121e-05,0
1576713600000000000,0.0031084751792857,-0.7684594558680186,0.0569854592336466,0.11554638539827972,0.7630415302475696,0.7630415302475696,-0.6846061921766095,1.8019452865199508e-05,0
1576800000000000000,0.0009864549951019,-0.7950186274817437,0.12801308511695247,0.7037174106987825,0.5204001123397455,0.5204001123397455,-0.6846061921766095,2.042603707022807e-05,0
1577059200000000000,-0.000737719270985,-0.8249449765503962,-0.16319657305785115,0.2903451104790591,0.9304243705768627,0.9304243705768627,-0.4919434521239849,2.3903368436901025e-05,0
1577145600000000000,-0.0039383639534341,-0.8508040184179225,-0.273803972856571,-0.03440782900498234,0.8243938099026058,0.8243938099026058,0.47137024813913786,2.7438434067538055e-05,0
1577318400000000000,-0.0072306004913641,-0.8552025848772352,0.034249373008010266,0.6812585244147205,0.6389565604942662,0.6389565604942662,-0.2992807120713603,2.781927343130321e-05,0
1577404800000000000,0.009785757510884,-0.8189307717128352,-0.10723141019659783,0.26516679746029,0.09153229803197813,0.09153229803197813,1.8200094285075097,2.3145647464235383e-05,0
1577664000000000000,0.0008203370378256,-0.7711146930054121,-0.9686029798630886,-0.2604101240347782,-0.7109213534719832,-0.7109213534719832,-0.2992807120713603,1.8941882969779856e-05,0
1577750400000000000,-0.007156789574995,-0.802633947093577,-0.10500425901266425,1.258349892165111,-0.7555574247810924,-0.7555574247810924,0.47137024813913786,2.0500858981740335e-05,0
1577836800000000000,0.0011539431631088,-0.7742259073276824,0.6077513610117005,1.5410173804512237,-0.5263783254833444,-0.5263783254833444,-1.262594412334483,1.886111784753368e-05,0
1577923200000000000,0.0081505799340132,-0.8053964669896978,0.9528951675943699,0.4215814296362693,-0.0560028254864739,-0.0560028254864739,-0.2992807120713603,2.076931748627065e-05,0
1578009600000000000,-0.0045330481423355,-0.7835611611124045,2.4054982059471066,-2.952265389378869,0.9380620709195261,0.9380620709195261,-1.0699316722818586,1.9266707990076096e-05,0
1578268800000000000,-0.0192907284731414,-0.7884993777047852,0.746125738609607,0.7899243337139408,1.7538066353616577,1.7538066353616577,0.47137024813913786,1.8631696286017408e-05,0
1578355200000000000,0.0049821604032702,-0.4989267247553351,0.4549965194863657,-0.019947871016616128,1.5942112320736601,1.5942112320736601,-0.877268932229234,1.2228493902363583e-05,0
1578441600000000000,-0.0022925703434345,-0.5341932353545684,0.317946378821588,0.9433350738221029,0.9250716852990234,0.9250716852990234,-0.6846061921766095,1.1438781343855787e-05,0
1578528000000000000,0.0157215247601045,-0.5733970817066529,-0.7584600678175811,3.554166436606543,1.017680368781227,1.017680368781227,-1.4552571523871076,1.143032597955152e-05,0
1578614400000000000,0.003342455210374,-0.45728920923553995,0.15319903947137622,0.38597228833464453,0.30380408381568275,0.30380408381568275,-0.4919434521239849,1.2276837638127979e-05,0
1578873600000000000,0.0059179352344971,-0.5031185615838739,-0.5931957089881292,-2.1464900146188275,-0.9228401768033908,-0.9228401768033908,-1.4552571523871076,1.1655462705894454e-05,0
1578960000000000000,0.0026526987425187,-0.531835696907353,0.801064199329223,0.15424413161720388,-0.4229534924380145,-0.4229534924380145,-0.2992807120713603,1.1398913758225216e-05,0
1579046400000000000,-0.0015381131440847,-0.5753175142404413,1.293245274811705,-0.940584767311004,-0.057525429141413655,-0.057525429141413655,0.08604476803388877,1.1390724980459618e-05,0
1579132800000000000,0.00098791814997,-0.6149095952231152,2.3206456840263647,-1.617728008576199,0.06342507739359539,0.06342507739359539,-1.0699316722818586,1.1746054694556173e-05,0
1579219200000000000,-0.0002550113176078,-0.6560833342528984,-1.5647088705872998,,0.7343644083492186,0.7343644083492186,-1.6479198924397322,1.2500324951371589e-05,0
1579478400000000000,-0.010400087859252,-0.6939758656147758,1.0323269349463695,0.46764055946103555,-0.6125419192294412,-0.6125419192294412,-1.262594412334483,1.3399565420703596e-05,0
1579564800000000000,-0.0044846594550091,-0.6292871144384372,-0.5585260312086683,,-1.535425668310553,-1.535425668310553,-1.6479198924397322,1.2082857171489946e-05,0
1579651200000000000,-0.0051859791637364,-0.6478298619243067,0.1647531082128013,-0.3755820069699903,-0.9810675011881791,-0.9810675011881791,-0.6846061921766095,1.229725607744467e-05,0
1579737600000000000,0.0060483951593072,-0.6586180561348526,0.2569171702016435,0.1974794879465902,0.3071490102537903,0.3071490102537903,0.6640329881917624,1.2564868294383326e-05,0
1579824000000000000,0.0055591042118478,-0.6741895153926151,-0.39915321272333476,0.028983762291086092,0.1699828180205164,0.1699828180205164,-0.877268932229234,1.2982740309662909e-05,0
1580083200000000000,-0.0106086006564749,-0.692537783767967,-0.34708329347966094,-0.36070396007544725,-1.419074506171963,-1.419074506171963,-0.4919434521239849,1.3393578002441294e-05,0
1580169600000000000,-0.0052286132506335,-0.6244423688514684,0.21881886312115162,0.768186331801571,-1.4312864587575065,-1.4312864587575065,-0.10661797201873578,1.19968729895152e-05,0
1580256000000000000,0.0060946462552533,-0.6368477104248275,0.343241259940299,1.0574732503554638,-1.1933208693473665,-1.1933208693473665,-0.877268932229234,1.2085111868382688e-05,0
1580342400000000000,-0.0077549764050795,-0.6538095139986633,-0.5589091215384936,0.16277867017277026,-0.1746937840092656,-0.1746937840092656,-0.6846061921766095,1.2375641964218649e-05,0
1580428800000000000,-0.0061422398476357,-0.6347936591454338,-2.049990605578844,0.4313940618951825,-0.7564490140710841,-0.7564490140710841,-1.4552571523871076,1.2152667434679976e-05,0
1580688000000000000,-0.0214794247492997,-0.6370958034639521,-1.7445456719543175,2.2557769672699712,-1.4309830118722495,-1.4309830118722495,-1.262594412334483,1.3168363356949889e-05,0
1580774400000000000,0.0229455485200191,-0.33428124138335774,1.124073285963702,-0.17102342991779354,-1.1806967285755783,-1.1806967285755783,-0.4919434521239849,2.4872091321629453e-05,0
1580860800000000000,0.009098978920125,-0.11046495962417079,0.42093767386311354,2.81361880696686,-0.866618662553897,-0.866618662553897,-1.4552571523871076,7.855573516732975e-05,0
1580947200000000000,0.0040285357723643,-0.14285817038893575,0.6764701026332374,0.8755694339505903,0.0073154160572165,0.0073154160572165,-0.10661797201873578,7.243726115011333e-05,0
1581033600000000000,-0.0032678768209591,-0.20500366793949276,-0.34013985310593137,0.8724611310357153,0.054742240949689,0.054742240949689,-0.4919434521239849,4.663378500259446e-05,0
1581292800000000000,-0.0055408368875527,-0.26041333406332073,-0.47526519759218877,0.45089318326879757,-1.4953610000092241,-1.4953610000092241,-0.10661797201873578,3.0236731980743474e-05,0
1581379200000000000,0.0063299538920958,-0.29850867539188114,0.6444519005645937,-1.0790848240463802,-1.5056240483045338,-1.5056240483045338,-0.877268932229234,2.281419962449022e-05,0
1581465600000000000,0.0076761591804553,-0.3389341597349728,-0.37031022860625773,0.2113450592910826,-1.5152947980919087,-1.5152947980919087,-0.2992807120713603,1.845251819990785e-05,0
1581552000000000000,-0.0021783703582191,-0.36604331160203896,2.0736519340654023,-1.3701280763339525,0.30037698277645486,0.30037698277645486,-1.0699316722818586,1.6170424557716514e-05,0
1581638400000000000,-0.0050395315698233,-0.4162251592729272,-1.8449410215804964,1.5688520822174854,0.019736886154301712,0.019736886154301712,-1.262594412334483,1.3837680457003416e-05,0
1581897600000000000,-0.0056003863896707,-0.4467570451490516,-1.2208846226771763,2.739680284451139,-1.0855618378885943,-1.0855618378885943,-1.262594412334483,1.2755800572725914e-05,0
1581984000000000000,-0.0044345808537079,-0.4704152354737306,0.4315649725066381,-0.35576111920658277,-1.6119129976272044,-1.6119129976272044,-1.262594412334483,1.2176395768988421e-05,0
1582070400000000000,0.0110622386930189,-0.5014515120211887,-0.34202146896855906,-0.3061425384138357,-1.1301702714318738,-1.1301702714318738,-0.877268932229234,1.1934628411450612e-05,0
1582156800000000000,-0.0037221711517002,-0.47516420008698396,0.24262280440594874,1.5063015357633622,-0.7797927434172766,-0.7797927434172766,-0.2992807120713603,1.4658232283237418e-05,0
1582502400000000000,-0.0210335307220503,-0.5106346968867481,-1.3768309921911623,1.2970202685793355,0.1694956639199933,0.1694956639199933,-1.0699316722818586,4.2859630410917496e-05,0
1582588800000000000,-0.0026664085715663,-0.25445608739805015,0.4411229290777272,0.5777528939369596,0.23312248349480497,0.23312248349480497,-0.2992807120713603,0.0003886236886762799,0
1582675200000000000,-0.0101720381463894,-0.3094718471441555,1.6226938785136655,-1.3367317193466057,1.6821948816009131,1.6821948816009131,-0.2992807120713603,0.0023245350544930654,0
1582761600000000000,-0.0038778860778288,-0.2962316100162489,2.274780897204872,-1.2082018482441934,1.4799414882876671,1.4799414882876671,-0.4919434521239849,0.016798583789298716,0
1582848000000000000,-0.0378016423222764,-0.3427643647964801,-1.329631760873487,-1.0155824017468045,0.534055245292204,0.534055245292204,-1.262594412334483,0.11900798004078313,0
1583107200000000000,-0.0061788013630017,0.33625818269841173,1.4189049657186663,0.32965325440018406,0.545134901749294,0.545134901749294,-1.4552571523871076,0.9840445224820779,1
1583193600000000000,0.0152034864709549,0.2628225973843198,-2.167030247165481,-1.2538437127544777,-0.8786340592805759,-0.8786340592805759,-1.0699316722818586,0.9992024116628633,1
1583280000000000000,-0.0046376876143074,0.2629312319835234,0.3992864378596558,0.4911291030829162,-0.32445019429663136,-0.32445019429663136,-0.6846061921766095,0.9999493360540819,1
1583366400000000000,0.0015985793812774,0.18581227383858737,1.0274112476499917,-1.494895259460055,0.09057592420941164,0.09057592420941164,2.205334908612759,0.9999710141810949,1
1583452800000000000,-0.0251198535301779,0.10036335812733672,1.158485600089012,-0.9468695930908894,0.5997408568484732,0.5997408568484732,5.287938749454752,0.9999496489602524,1
1583712000000000000,-0.0501949959864756,0.31503521364272424,1.0497240076624292,-1.0748007510705468,1.9280013327409593,1.9280013327409593,2.975985868823257,0.9999960281175604,1
1583884800000000000,0.0006647771623133,1.1241712311899181,0.5397194341349095,0.365251696645358,1.502264473848849,1.502264473848849,1.627346688454885,0.9999999999998803,1
1583971200000000000,-0.0866689498179394,0.9897916324588872,0.6559521446078534,0.07606345040290345,1.3795157024517704,1.3795157024517704,1.627346688454885,0.9999999999958847,1
1584057600000000000,0.0373584765423917,2.6760749957985257,1.0241542318467614,0.0717980222002194,1.1608342672348209,1.1608342672348209,-0.10661797201873578,1.0,1
1584316800000000000,-0.0791741694511037,2.72045367609573,0.8786727730512535,-0.83685657636986,1.1664661597249546,1.1664661597249546,1.627346688454885,1.0,1
1584403200000000000,-0.025364151715096,3.610111558206814,0.29259399904879363,0.5880439746261349,1.0499960909693191,1.0499960909693191,0.08604476803388877,1.0,1
1584489600000000000,-0.0571679271151332,3.460688047414415,1.1374692135039344,-0.566077118968761,1.0863178409175653,1.0863178409175653,0.6640329881917624,1.0,1
1584576000000000000,-0.0245465995477513,3.7419700604315884,1.3565004001036103,-1.0290317895302208,1.4564786120664879,1.4564786120664879,-0.10661797201873578,1.0,1
1584662400000000000,0.0566913879444369,3.5768200941374655,0.812836405353806,-1.4507140649627281,1.4462862764997553,1.4462862764997553,-0.10661797201873578,1.0,1
1584921600000000000,-0.139037564610512,3.808285909603475,0.14136132795711728,-0.08832781647939279,1.786030522541018,1.786030522541018,-0.6846061921766095,1.0,1
1585008000000000000,0.0247622921384646,6.018832791474613,1.5603499411422805,-1.3820021828433449,1.8513720329784653,1.8513720329784653,-0.6846061921766095,1.0,1
1585094400000000000,0.0641454460311805,5.704174732506514,0.06512982674050323,-2.7652703846973905,1.6117037121096887,1.6117037121096887,-1.0699316722818586,1.0,1
1585180800000000000,0.0381666543961638,5.795425050300192,1.080034822088972,0.2263375602295057,1.2689995693858618,1.2689995693858618,-0.6846061921766095,1.0,1
1585267200000000000,0.0021731751069639,5.587247530354529,-0.8417264492125676,-0.08329130628210993,0.6536205473806243,0.6536205473806243,0.856695728244387,1.0,1
1585526400000000000,-0.0447678278737022,5.229930977725754,0.9099343395343831,-0.9529171499125352,-0.051677944390250474,-0.051677944390250474,-0.877268932229234,1.0,1
1585612800000000000,0.0375247784776983,5.143678472575531,1.3036393069017795,-0.8995102178569883,0.01999577488235921,0.01999577488235921,-0.877268932229234,1.0,1
1585699200000000000,-0.0408268644244904,4.976830538552228,1.144329298356883,0.028451143496703208,0.6566019781533443,0.6566019781533443,-0.877268932229234,1.0,1
1585872000000000000,-0.0208116418506999,4.869578436042772,0.6875907525078879,-1.5783696715894713,1.402376157712571,1.402376157712571,-1.0699316722818586,1.0,1
1586217600000000000,0.0840029521628222,4.608525861558582,0.11716720079649241,0.6549545903791147,-1.9829954282010618,-1.9829954282010618,-1.0699316722818586,1.0,1
1586304000000000000,-0.0049541539879532,5.184288239527986,2.1269466198458686,-1.783768600908557,-1.5216272742692172,-1.5216272742692172,-1.0699316722818586,1.0,1
1586390400000000000,0.0406704613937413,4.8508130909453655,0.9749840199128769,-2.06327223490458,-0.016133379409243,-0.016133379409243,-1.0699316722818586,1.0,1
1586736000000000000,-0.0130403274235616,4.736752188026166,-1.0323673162266145,1.3307528044938803,-0.2927058718377398,-0.2927058718377398,-0.877268932229234,1.0,1
1586908800000000000,-0.0076510483286485,4.446907905489897,-0.7430910120302402,0.5057290603576864,-0.45425493876133427,-0.45425493876133427,-1.262594412334483,1.0,1
1586995200000000000,0.0075343167835424,4.155901396589027,0.16035048884570144,2.184032990324208,-0.6159901979545485,-0.6159901979545485,-1.4552571523871076,1.0,1
1587081600000000000,0.0300084893471159,3.876254655531239,-0.14370352368088066,-0.5372715263749589,-0.5787187343785538,-0.5787187343785538,-0.2992807120713603,1.0,1
1587340800000000000,-0.0005289542483047,3.7348920687011047,0.42776655861214136,-0.5457364362321927,0.9663860455400032,0.9663860455400032,-0.877268932229234,1.0,1
1587427200000000000,-0.0307424095868608,3.4696655890723327,0.060738958584833434,-0.22688738313761936,0.9344567715712387,0.9344567715712387,-0.4919434521239849,1.0,1
1587513600000000000,0.0226607133769272,3.380573988463039,-0.11559701507233199,,0.9434659737320485,0.9434659737320485,-1.6479198924397322,1.0,1
1587600000000000000,0.0136858755813272,3.213816112785794,1.2831638616326124,-0.09808069220194277,0.9022248796445659,0.9022248796445659,0.47137024813913786,1.0,1
1587686400000000000,-0.0172732692247864,3.0036875755920387,1.7856625772093713,-1.4697384098203337,1.1141006845987014,1.1141006845987014,-1.0699316722818586,1.0,1
1587945600000000000,0.0138746591837446,2.8339977389775957,-0.17746924693050928,-1.6435122150429096,1.5641184548926286,1.5641184548926286,-0.6846061921766095,1.0,1
1588032000000000000,0.010566409007242,2.646222072505091,0.9426239405991432,-0.8210577566629955,1.9033184122131894,1.9033184122131894,-0.6846061921766095,1.0,1
1588118400000000000,0.0182160885502695,2.4542342175258596,-0.14825076114485639,2.132426119800425,1.4444957283947086,1.4444957283947086,-1.0699316722818586,1.0,1
1588204800000000000,0.0315842287594642,2.3157615458233165,-1.1903197658869147,-1.0362324453762901,0.49058050080930243,0.49058050080930243,-0.877268932229234,1.0,1
1588550400000000000,-0.0591608351265545,2.3208187587873774,0.8271971367401,-1.3184639271967085,-0.23537319320425035,-0.23537319320425035,-0.877268932229234,1.0,1
1588636800000000000,-0.0095032789725698,2.8327249320426278,-1.7863786861165194,-0.06721772796800025,-0.42643268717744437,-0.42643268717744437,-1.4552571523871076,1.0,1
1588723200000000000,0.0070685522845568,2.632263824488787,-0.9156601321845352,0.32033307074971473,-0.16304492016404767,-0.16304492016404767,-0.4919434521239849,1.0,1
1588809600000000000,-0.007780307756411,2.429800050093733,0.03594528957340735,-1.7724414945605753,-0.6707340431897982,-0.6707340431897982,-0.6846061921766095,1.0,1
1588896000000000000,0.0056855039177872,2.2447105020053746,-1.1875141605078139,-0.8652051508292696,-0.959185299360405,-0.959185299360405,-0.877268932229234,1.0,1
1589155200000000000,-0.0013303775813467,2.0590489988527296,0.2793795772060425,1.606021190864677,-1.7951518328819718,-1.7951518328819718,-1.4552571523871076,1.0,1
1589241600000000000,-0.0046269304709594,1.8783646236300622,3.000891530830093,-3.568141478631603,-0.8447740945637314,-0.8447740945637314,-1.4552571523871076,1.0,1
1589328000000000000,0.0201297429354734,1.7127576325980123,-1.5245347713258313,-0.7462831297640389,-0.9528019843847966,-0.9528019843847966,-1.4552571523871076,1.0,1
1589414400000000000,-0.0259969199371075,1.6424167282251354,-1.770163435774719,-0.8837706607400984,-0.8972588795209251,-0.8972588795209251,-1.262594412334483,1.0,1
1589500800000000000,-0.000645571123658,1.6617866257746916,1.5776031919972953,,0.5119513152612936,0.5119513152612936,-1.6479198924397322,1.0,1
1589760000000000000,-0.0349253614900618,1.5006290290373159,2.2724386081683114,,0.24016730491839022,0.24016730491839022,-1.6479198924397322,1.0,1
1589846400000000000,0.0063098736505969,1.673603400675572,-0.41304793352809765,-3.2296555575587633,0.5964409979715832,0.5964409979715832,-1.262594412334483,1.0,1
1589932800000000000,0.0208916388393265,1.519276842425781,0.14000874501901833,-3.2486129770050107,1.208723639633149,1.208723639633149,-1.262594412334483,1.0,1
1590019200000000000,0.0043691955994809,1.4720211422885632,0.3345058612108194,0.1144061542020112,0.8102637912543957,0.8102637912543957,-0.6846061921766095,1.0,1
1590105600000000000,-0.0073847846008156,1.323540676461369,-0.8046646232187439,-0.4405587935356978,0.5010737209956799,0.5010737209956799,-0.6846061921766095,0.9999999999999996,1
1590451200000000000,-0.0011290709703029,1.1978778593809112,1.3895218451762297,-0.5393851894140425,-1.1780357991161998,-1.1780357991161998,-1.4552571523871076,0.9999999999981161,1
