date,logreturn,garch_volatility,daily_sentiment_mean,daily_sentiment_std,sentiment_rolling_mean,sentiment_rolling,article_count
2007-09-18,0.0114039832738268,2.0743124116850487,-0.1586957045365125,0.5245632766733319,0.0639434300269932,0.0639434300269932,8
2007-09-19,0.0401301663688831,2.0010897695987957,-0.0309209449009762,0.6736144605595819,0.0369601157628414,0.0369601157628414,9
2007-09-20,0.0032067258542439,2.2437616282802724,-0.4741087286648425,0.3895623094919657,0.0417504555510941,0.0417504555510941,11
2007-09-21,0.018779699477461,2.137370319533624,-0.1445193029940128,0.5789478665539788,-0.0999940418673095,-0.0999940418673095,6
2007-09-24,0.0193768217342444,2.106109095479217,-0.1400830373167991,0.6852377175775693,-0.2094769678380968,-0.2094769678380968,5
2007-09-25,0.0013473547702389,2.0822133534247897,-0.0934243810673554,0.7477316077146842,-0.1333400983185994,-0.1333400983185994,12
2007-09-26,0.0003340103028599,1.982844216651532,-0.2004867255842934,0.53529591379049,-0.1445335828366555,-0.1445335828366555,12
2007-09-27,0.0120813266734592,1.8885095620135304,-0.01980054192245,0.8095017724766791,-0.1793349820654838,-0.1793349820654838,9
2007-09-28,0.0041509739746342,1.8309698658459217,-0.1868137696927244,0.6569372562905051,-0.1281216911167244,-0.1281216911167244,11
2007-10-01,0.0094348927932675,1.7473878951544104,-0.095320557244122,0.3575527698297523,-0.1358053585951864,-0.1358053585951864,5
2007-10-03,0.0275996232647812,1.6854851270421838,-0.4456514955631324,0.6164942012800795,-0.1740697805830216,-0.1740697805830216,7
2007-10-04,-0.0004126710017726,1.7979351101565906,0.114987615229828,0.5287729414776413,-0.1137095035985111,-0.1137095035985111,14
2007-10-05,-0.004386904854019,1.7134092446264255,0.2836964011657983,0.5318869332763336,-0.0216491836588828,-0.0216491836588828,16
2007-10-08,-0.0196190673083014,1.6401762068630978,0.0080017264593731,0.3914506696727762,0.1371028217911576,0.1371028217911576,11
2007-10-09,0.0465204433689621,1.6791241560280914,-0.1095502243510314,0.6436065109127186,0.0921952538749857,0.0921952538749857,7
2007-10-10,0.0212104477984991,2.1108649600373464,-0.0753503077161999,0.5344616713472621,0.020385912098586,0.020385912098586,13
2007-10-11,0.0152105100274279,2.102035238799686,0.0633075921796262,0.7480776676225784,-0.015907701979727,-0.015907701979727,12
2007-10-12,-0.0176393169980749,2.0482798103801216,-0.1552757393568754,0.6984241315029915,-0.0537733905570213,-0.0537733905570213,10
2007-10-15,0.043642846374716,2.027402705030624,-0.2999477665871382,0.5488488415591654,-0.1628956444747745,-0.1628956444747745,5
2007-10-16,-0.00041453598166,2.3219803654775872,-0.1050961763908465,0.7514162459458187,-0.196576398188869,-0.196576398188869,15
2007-10-17,-0.0193729428614358,2.2106169703637075,-0.3242473711984025,0.60958031527181,-0.2303707245571744,-0.2303707245571744,9
2007-10-18,-0.0381887065941969,2.1898636419901,-0.3537429334181878,0.6103484373098093,-0.2154826839392383,-0.2154826839392383,9
2007-10-19,-0.0256868836146662,2.3911753790612003,0.1383575993505391,0.7301665394498087,-0.188935329648807,-0.188935329648807,11
2007-10-22,-0.0060196166645277,2.41083851036607,0.074623973108828,0.7230929374601234,-0.107267572295786,-0.107267572295786,8
2007-10-23,0.0543778812181705,2.3037033130522984,-0.4478897331282496,0.8096973931101552,-0.1260969322377984,-0.1260969322377984,4
2007-10-24,0.0040929890877681,2.7221261569821564,0.1319855174515396,0.8792851796504754,-0.1273713486175983,-0.1273713486175983,8
2007-10-25,0.0131587320104256,2.59223573770614,0.1677568715743043,0.7253570911993785,-0.0034866970921442,-0.0034866970921442,11
2007-10-26,0.0236630066067942,2.495008033409478,-0.5779476398602128,0.6568190953569524,-0.130294202170758,-0.130294202170758,8
2007-10-29,0.0350822667362536,2.472576645900161,-0.1579382620751857,0.7257751638420129,-0.1594965251027182,-0.1594965251027182,10
2007-10-30,-0.0063101707349497,2.569841286292869,-0.1408461846876889,0.6900438641088131,-0.2212171363551168,-0.2212171363551168,16
2007-10-31,0.0054208338104667,2.454860106787589,-0.0773063770805796,0.7926048359842387,-0.1210888837991902,-0.1210888837991902,6
2007-11-01,-0.0058127836159522,2.3407183022767453,0.0200238393412695,0.7101341315443472,-0.0858824102963423,-0.0858824102963423,9
2007-11-02,0.0111791222552117,2.2368438402150046,-0.0101921819150447,0.6063807788936075,-0.0732518332834457,-0.0732518332834457,5
2007-11-05,-0.0144488535857637,2.1525044289744355,0.1209913562051951,0.0420277421755467,0.0268096137688392,0.0268096137688392,2
2007-11-06,-0.0104523645324031,2.099793476192887,0.4910074822837487,0.3418111390033279,0.1404723856417049,0.1404723856417049,8
2007-11-07,-0.0007174269675405,2.027608539861372,0.2282625825610011,0.5642481273506089,0.1821201342856512,0.1821201342856512,8
2007-11-08,-0.0145633387929407,1.9314465099944915,-0.2509603971615434,0.5782893870561784,0.1339664912363515,0.1339664912363515,5
2007-11-12,-0.0144313186704246,1.8964342949127515,-0.1226233810496826,0.61567192989803,0.1033770605890702,0.1033770605890702,6
2007-11-13,0.0138432804610806,1.863252726886496,-0.1334813371714618,0.6342028863424207,0.0310282766425776,0.0310282766425776,9
2007-11-14,0.0416967047302312,1.8181702252422385,0.0920038951560855,0.5900289789002408,0.0996211351061033,0.0996211351061033,10
2007-11-15,-0.0043544042958611,2.12530805446286,-0.3566062657369507,0.561051168065667,0.0758401402644814,0.0758401402644814,9
2007-11-16,-0.0008884038359657,2.02946623580316,-0.1525140299151341,0.8679482073447058,-0.1346442237434287,-0.1346442237434287,9
2007-11-19,0.0001353937430652,1.9333327930786128,-0.3728123039214147,0.5436341900250367,-0.0730022847486865,-0.0730022847486865,9
2007-11-20,-0.0216887416651492,1.84158466166683,-0.2620436750585213,0.5542581951755898,-0.1438117987916079,-0.1438117987916079,8
2007-11-21,-0.0387724587803643,1.879698277892184,0.1282755503198132,0.5855863130784921,-0.0468354355802551,-0.0468354355802551,8
2007-11-22,-0.0075267868063798,2.1490650045469284,-0.0606190931051969,0.6421641196061296,-0.0284564482182677,-0.0284564482182677,10
2007-11-23,0.0160410340096609,2.0612775046049605,0.1952430163510143,0.6639614667649972,-0.0743913010828609,-0.0743913010828609,8
2007-11-26,0.0217110534837252,2.016049427954684,0.3650773125035422,0.5194225668142994,0.0997737141394811,0.0997737141394811,7
2007-11-27,-0.0058706613018263,2.020816870616908,-0.3430643415388961,0.6142458160042061,0.0055057357677392,0.0055057357677392,12
2007-11-28,-0.0142459525912775,1.9347605963517729,0.1266277483241124,0.717243516170219,0.0429551040536011,0.0429551040536011,11
2007-11-29,0.0030305863619891,1.897194015544372,0.1375851182060109,0.5217543190225356,0.0314235244246004,0.0314235244246004,9
2007-11-30,0.0224886139416321,1.8085117562898907,-0.0475450470470465,0.8006582783340813,0.0477361580895447,0.0477361580895447,13
2007-12-03,0.0175876907757888,1.8429442886600729,-0.2895025700175513,0.4079380603292036,0.220803759369251,0.220803759369251,6
2007-12-04,-0.0011344714610707,1.8273163193156157,-0.1018188681919127,0.5150923378446426,0.1729229620896663,0.1729229620896663,8
2007-12-05,0.0138411227301856,1.7418410713083012,0.2261411010154656,0.5263196997492179,0.2276601917021687,0.2276601917021687,7
2007-12-06,0.0024717231296717,1.7059171675782192,-0.3550018426030874,0.7110098743429949,-0.0203357015825097,-0.0203357015825097,5
2007-12-07,0.0032860469463574,1.6266175359359016,0.0180941786883132,0.6021086983416091,-0.1004176002217544,-0.1004176002217544,7
2007-12-10,-0.0022957399157566,1.552485501335054,-0.1668753166062136,0.4456702720137477,0.0840321570413099,0.0840321570413099,6
2007-12-11,0.0226666863225683,1.4831662016060492,-0.2743511563166976,0.4305799348621964,-0.0160662944251227,-0.0160662944251227,8
2007-12-12,0.0101252531571182,1.560672819817666,0.0054815582116134,0.5121425218089782,0.0560303857378174,0.0560303857378174,16
2007-12-13,-0.0165668673277088,1.5145857273376246,0.2362889069132507,0.4553512612804817,0.0996693313828049,0.0996693313828049,10
2007-12-14,-0.0017181689191183,1.5353904930405151,-0.1620161716515819,0.6074263361257431,-0.0722944358899257,-0.0722944358899257,9
2007-12-17,-0.0457935499685569,1.4660160155153723,0.1900562314050538,0.6294349532495407,0.0852260367364978,0.0852260367364978,7
2007-12-18,-0.0060247238740314,1.978407950920602,0.3291291965341026,0.552366268599231,0.1499555644009956,0.1499555644009956,11
2007-12-19,0.0015400249065285,1.895230367794016,0.3721523398533463,0.4417683269895525,0.1771282509890148,0.1771282509890148,10
2007-12-20,0.0026654928522308,1.805502319458061,0.2799105908721685,0.6218085201502099,0.2655136034937648,0.2655136034937648,10
2007-12-24,0.0372077529408176,1.7211985325265864,0.7329389899969101,0.129016898088456,0.3262956358989081,0.3262956358989081,2
2007-12-26,0.0142090922983611,1.9729596173019008,0.4432324869558215,0.3752853635211454,0.3550069163491329,0.3550069163491329,3
2007-12-27,0.0017692201533186,1.9221984805969423,-0.0246192647351159,0.5556155910571343,0.2953068367350434,0.2953068367350434,9
2007-12-28,-0.0002959912955522,1.83118732100681,-0.2736792597764482,0.513738435029527,0.2460519596923971,0.2460519596923971,12
2007-12-31,0.0096413342585643,1.744875617003541,-0.1190670533105731,0.3187461757055913,0.0509891415749573,0.0509891415749573,4
2008-01-01,0.0009362572229952,1.6841062047969355,0.1083279084414243,0.6956906300570034,-0.015991774127922,-0.015991774127922,5
2008-01-02,0.0056881873117958,1.605119938267176,-0.0369003412567756,0.6579084887037833,-0.0184479894322539,-0.0184479894322539,11
2008-01-03,-0.0001375790770708,1.5374251551100595,-0.099345984791095,0.5558889569437586,0.0164186655648166,0.0164186655648166,12
2008-01-04,0.0153783093843431,1.4663100937905595,-0.0376129664480686,0.6416304231093649,-0.0369196874730175,-0.0369196874730175,5
2008-01-07,0.0007647797791931,1.4662509985713856,0.2971431836485863,0.524794651507778,0.0309604334314778,0.0309604334314778,3
2008-01-08,0.0013925417508606,1.3986303376043203,-0.100217290326125,0.5730361665169172,0.0182970436176079,0.0182970436176079,9
2008-01-09,-0.002523932363377,1.3347205287740749,-0.1973546993417235,0.5558488722023531,-0.0013046992925177,-0.0013046992925177,13
2008-01-10,-0.0185137262677974,1.27785587917263,-0.4984388997778296,0.6669399796426368,-0.0934698859584699,-0.0934698859584699,10
2008-01-11,0.006983879923677,1.3507152539869796,0.0685470949392765,0.6738633694600912,-0.0860641221715629,-0.0860641221715629,8
2008-01-14,0.0010799970557015,1.3027773349473712,-0.0302263442426919,0.7619048978205805,-0.0448714610468595,-0.0448714610468595,8
2008-01-15,-0.0215869089446161,1.2438676760762564,-0.1297357541254975,0.6086807413359564,0.0288691680836068,0.0288691680836068,11
2008-01-16,-0.0230651357398571,1.364757488798688,-0.3053493289432178,0.5273431046781423,-0.0459101166928919,-0.0459101166928919,12
2008-01-17,-0.0038062160005014,1.4863454339080149,-0.2493708005973271,0.6819257273523431,-0.0842894209502465,-0.0842894209502465,7
2008-01-18,-0.0357916399254026,1.4242642145947857,-0.0545684951874944,0.711472198752393,-0.1538501446192457,-0.1538501446192457,9
2008-01-21,-0.0910460677054364,1.7474807215176544,-0.3977988690137863,0.7141728891318796,-0.3797933159472922,-0.3797933159472922,5
2008-01-22,-0.0612571675405937,3.2236311911838302,-0.5008885249909427,0.7700384668974798,-0.4300968608260153,-0.4300968608260153,9
2008-01-23,0.0602199414059044,3.588932689756944,-0.4749132634068911,0.6748157395921268,-0.5141658144698947,-0.5141658144698947,13
2008-01-24,-0.0332065668141856,3.853740219183794,-0.3492785325273871,0.740972803661534,-0.431413570779702,-0.431413570779702,15
2008-01-25,0.0672052026164198,3.804804017344707,-0.3662657242268324,0.670397516183669,-0.4178289828331678,-0.4178289828331678,10
2008-01-28,-0.0205028079034256,4.133892468202524,-0.273850071347422,0.5770721231753673,-0.4108219867485423,-0.4108219867485423,9
2008-01-29,0.0012694971990299,3.983040896015049,-0.0862664876816173,0.4039135791449952,-0.3330926316034875,-0.3330926316034875,15
2008-01-30,-0.0216691814052185,3.788146254500233,-0.4947534666086237,0.6153311287199701,-0.3621876184197349,-0.3621876184197349,12
2008-01-31,-0.005851497569508,3.665445499939997,-0.2170969218015671,0.6858650806729716,-0.3323538579346818,-0.3323538579346818,10
2008-02-01,0.0343993669802204,3.4919964389598266,-0.1788756308907812,0.6953101123345644,-0.2501685156660022,-0.2501685156660022,11
2008-02-04,0.0271333576161456,3.4722911365683182,-0.4809800945222378,0.3563553921766058,-0.1566027341004121,-0.1566027341004121,5
2008-02-05,0.0037268988322754,3.3968125578342887,-0.0426977767116006,0.6370732356530983,-0.1217229050824188,-0.1217229050824188,17
2008-02-06,-0.0298640337331243,3.2323811799502487,-0.2942760895109839,0.6874795065938221,-0.1448029968064594,-0.1448029968064594,9
2008-02-07,-0.0362134882743431,3.209750064502391,0.1913805904665163,0.5620584224016298,-0.1606326433778657,-0.1606326433778657,7
2008-02-08,-0.0025161716912677,3.249414331391937,-0.0698495752045086,0.7146377327016442,-0.1392845890965628,-0.1392845890965628,7
2008-02-11,-0.0528018517985954,3.092670467039004,-0.1599651943807574,0.6026848998831713,-0.1717072607808265,-0.1717072607808265,11
2008-02-12,-0.0038678782652841,3.3540240876195275,0.0323936784496674,0.5003688186598552,-0.2035046431841963,-0.2035046431841963,13
2008-02-13,0.0186743744882208,3.193506407279383,-0.2648398516965763,0.6762247686212685,-0.2425026984826099,-0.2425026984826099,7
2008-02-14,0.0538157074399151,3.085461749311112,-0.0937075635418295,0.7395561103315539,-0.2440825290670366,-0.2440825290670366,10
2008-02-15,0.0192106552844888,3.3410977475577366,-0.2090353922918439,0.5467198335291711,-0.1390308646922679,-0.1390308646922679,5
2008-02-18,-0.0049150367344183,3.226340024401481,-0.0267345160245895,0.5982688242017501,-0.1283342061617543,-0.1283342061617543,6
2008-02-19,0.000738778830493,3.073912850997706,0.1462426938648734,0.7672596223597602,-0.0461176970494644,-0.0461176970494644,7
2008-02-20,-0.0242171072696609,2.9244019664800387,0.1884602201836449,0.6054627375794985,0.0103158596956304,0.0103158596956304,7
2008-02-21,0.007219963101829,2.8818769428231743,0.1522421285510063,0.5293126413004948,0.0825713638642005,0.0825713638642005,15
2008-02-22,-0.0157342557562111,2.7489010870365678,0.2714266543491528,0.640676032887401,0.1463274361848177,0.1463274361848177,13
2008-02-25,0.017447104984219,2.6622460314944103,0.0865067910403013,0.2690373939133276,0.1364318620394438,0.1364318620394438,5
2008-02-26,0.0132465436462537,2.582708213325352,-0.1924181043480833,0.2530988565801718,0.0674998154596259,0.0674998154596259,6
2008-02-27,-0.0003131205069242,2.4864609267637934,-0.4161943175962993,0.3814370334795004,-0.0700243789294645,-0.0700243789294645,7
2008-02-28,0.0031648664901924,2.366713972706434,0.0262541794883353,0.4140241581715458,-0.0551154855408128,-0.0551154855408128,7
2008-02-29,-0.0117238838012955,2.253981336165656,-0.193799396178552,0.6867786136764437,-0.1379301695188595,-0.1379301695188595,7
2008-03-03,-0.0531742216893249,2.1783127600114978,-0.3985980205237865,0.5913895299090486,0.0157929151682627,0.0157929151682627,5
2008-03-04,-0.0180809122367522,2.6325554394743493,0.2067005972377956,0.5790772837757495,0.0518821987181548,0.0518821987181548,10
2008-03-05,0.0116804816597292,2.5683998003832995,0.1679032845422625,0.6486040055977343,0.1242227348623177,0.1242227348623177,7
2008-03-07,-0.0309113241372807,2.466313244226674,0.1675845270178147,0.6850170169890689,0.0029686442416694,0.0029686442416694,7
2008-03-10,0.0060175285399952,2.5330605015545014,0.524061900873979,0.4893405064464651,-0.0746768459961526,-0.0746768459961526,3
2008-03-11,0.0135524458884761,2.415949546429088,0.2956525716273224,0.5630636348345419,0.0102031017424597,0.0102031017424597,17
2008-03-12,0.0012528570873274,2.3315686147223977,0.426485032774508,0.5304624889044385,0.0619832028937983,0.0619832028937983,8
2008-03-13,-0.0523308868483626,2.219495456436557,-0.1036335641207794,0.4560508828159345,0.0623310040116457,0.0623310040116457,6
2008-03-14,0.0260863316614754,2.648097980142964,-0.2264054603874683,0.6616490100285056,0.1832320961535124,0.1832320961535124,11
2008-03-17,-0.0524939050441286,2.632657843333363,0.3688863813877105,0.3972554618722728,0.0125382250982027,0.0125382250982027,4
2008-03-18,0.006617901782132,2.973165756274219,-0.1709576061693951,0.5373590472422055,-0.0009265833115204,-0.0009265833115204,8
2008-03-19,0.0089932349320706,2.834210824432158,0.1359289946373213,0.5499156937461075,0.0715403076934375,0.0715403076934375,11
2008-03-24,0.0078181328117063,2.708106294733944,-0.529321868903935,0.6066573831998592,-0.0907713681769866,-0.0907713681769866,4
2008-03-25,0.05643745381264,2.585725512549089,0.1132205881710563,0.5592206017517769,-0.1024553491689618,-0.1024553491689618,7
2008-03-26,-0.0100244292144141,2.9765181543948915,0.0335738418193963,0.4237522811799156,-0.1272935904542003,-0.1272935904542003,13
2008-03-27,0.0002898618586406,2.850354557401166,0.0700179774314165,0.5611651962833164,0.0720876754840816,0.0720876754840816,10
2008-03-28,0.0228718814070624,2.712097463130786,-0.0204027645289897,0.663922830239173,-0.0665824452022109,-0.0665824452022109,5
2008-03-31,-0.0428939831250006,2.665133280748499,0.1619544873634974,0.6645494833441012,0.20108830789725,0.20108830789725,6
2008-04-01,0.0010660288408502,2.8555588389855275,0.3277914991291861,0.5335912895971067,0.2526430122368038,0.2526430122368038,12
2008-04-02,0.0030863256888461,2.717022344672995,0.0572963268496096,0.5355402914219897,0.2681828305125238,0.2681828305125238,8
2008-04-03,0.0036532199206828,2.586392246568578,-0.0325294868512587,0.3679723100507603,0.1114624830809507,0.1114624830809507,11
2008-04-04,-0.0264598487889557,2.462937539489109,0.3448104448616504,0.4138795405031955,0.1718646542705371,0.1718646542705371,10
2008-04-07,0.0242779282304417,2.482825126581881,0.033085006289184,0.5617893732007493,0.1604450667751107,0.1604450667751107,8
2008-04-08,-0.0108862037802006,2.4667099282407485,-0.1281216985413006,0.6813668412870207,0.1413266244371023,0.1413266244371023,7
2008-04-09,0.007909756784843,2.373664234276412,0.1860822162457875,0.62034356625053,0.1095809787139297,0.1095809787139297,7
2008-04-10,-0.0029640804138146,2.2696496264902444,-0.2572152477223426,0.4139830488467639,0.0428335833828897,0.0428335833828897,4
2008-04-11,0.009420897706035,2.1635440272099262,0.0644407857741628,0.3078974835243734,-0.0203457875909016,-0.0203457875909016,7
2008-04-15,0.0210933273383761,2.0763965335051515,0.5511537194252014,0.1133456882877413,0.2010059050949557,0.2010059050949557,2
2008-04-16,0.0015664878263013,2.0697353853787326,0.2392851440235972,0.6471263652166077,0.2359747767448426,0.2359747767448426,12
2008-04-17,0.0144431245614098,1.9710745961665004,-0.1505668756685086,0.7544627812642778,0.2172345039035594,0.2172345039035594,7
2008-04-21,0.0157275784072801,1.9219457940937743,0.42360815173015,0.4179703067774893,0.3251845278067604,0.3251845278067604,4
2008-04-22,0.0024389143734745,1.8852970913622,-0.0511100571602582,0.4874523602580342,0.2671054875699893,0.2671054875699893,10
2008-04-23,-0.0052620728895007,1.7966420324369536,0.0820413308895447,0.5008456434165764,0.3136271288816,0.3136271288816,11
2008-04-24,-0.0045795767315603,1.7213382972490814,-0.0452607913563648,0.6063920085499688,0.2398932701174284,0.2398932701174284,9
2008-04-25,0.0221241366001511,1.648214585797842,0.5869531977752392,0.3490121530570009,0.1992463663756623,0.1992463663756623,11
2008-04-28,-0.0043230213840824,1.6974994304289106,-0.9279165901243688,,-0.1447952447874365,-0.1447952447874365,1
2008-04-29,0.0205838195785686,1.6249766004456887,0.3962793310897218,0.4881793193408379,-0.0564872202982192,-0.0564872202982192,9
2008-04-30,-0.0057135480647167,1.6599298087577556,0.468844111190375,0.5679801668890416,-0.080109037615192,-0.080109037615192,33
2008-05-02,0.0119877696889603,1.5940702027920397,0.0785935431984918,0.7510930442829926,0.0339579676825979,0.0339579676825979,7
2008-05-05,-0.0068999586907004,1.5568897939588673,0.2832418193574995,0.5765423836932128,0.0406043312782866,0.0406043312782866,4
2008-05-06,-0.0092098084650326,1.5022187593866516,0.1817164503037929,0.7228880593579553,0.0461497327272914,0.0461497327272914,10
2008-05-07,-0.0017801111553528,1.4636577484991182,0.0295332164193193,0.6564172484711739,0.0363376673714569,0.0363376673714569,9
2008-05-08,-0.0105313199109332,1.398240043237351,0.2678108517588539,0.6151453744202593,0.1535218109695637,0.1535218109695637,11
2008-05-09,-0.0196940269640641,1.3766383682307517,0.0467661507427692,0.3727867323627891,0.1618136977164471,0.1618136977164471,5
2008-05-12,0.0060128351412852,1.4504352804498013,0.3007636113713185,0.4231484279566848,0.252577765525855,0.252577765525855,3
2008-05-13,-0.0110026433319476,1.392678386535694,0.2436958111024328,0.675647159791091,0.2477547573945707,0.2477547573945707,7
2008-05-14,0.0108231009443863,1.3751073754993683,0.3387149903923273,0.6936206457060959,0.3061445253244824,0.3061445253244824,10
2008-05-15,0.0204411185620829,1.3468269011139251,0.1047702009479204,0.731825732669756,0.2553728437636581,0.2553728437636581,9
2008-05-16,0.0082645074929554,1.4153740194390036,-0.4871610179543495,0.4872525721680766,0.10015671917193,0.10015671917193,9
2008-05-20,-0.0102800860486838,1.3692259055197984,0.0427322423913412,0.6377994653755842,0.2042307228773892,0.2042307228773892,9
2008-05-21,0.0024846347197979,1.3481487261524356,0.1367135536856949,0.7137826175636209,0.3290056372053981,0.3290056372053981,10
2008-05-22,-0.01818028918954,1.287838134466056,0.2846678923815489,0.6749993564432718,0.3242587376844198,0.3242587376844198,9
2008-05-23,-0.0158247166363161,1.3550137995777172,0.1322356518357992,0.6776445161738581,0.1881103793617398,0.1881103793617398,6
2008-05-26,-0.0145600036589672,1.3859600929113336,0.3916535694152117,0.7239989854128754,0.4518762892910414,0.4518762892910414,4
2008-05-27,-0.0031330761309393,1.4003863661927547,0.3031483274988002,0.448146359803441,0.4555723763144916,0.4555723763144916,18
2008-05-28,0.0119758836455057,1.3413266167017133,0.4928185705627714,0.4587067249338552,0.5276889600598861,0.5276889600598861,7
2008-05-29,-0.0170299941012016,1.3240944545363604,0.1349036529660225,0.7082819042163758,0.4089118679606963,0.4089118679606963,5
2008-05-30,0.0071713566596483,1.3723930722626094,0.175006628036499,0.7403862335780356,0.299506149695861,0.299506149695861,8
2008-06-02,-0.02716172625202,1.323903288430208,-0.0535742950160056,0.7665065538366028,0.2116699486132712,0.2116699486132712,8
2008-06-03,-0.0050130072328518,1.5170844040506084,0.1564411366358399,0.750890058014395,0.2159774453472347,0.2159774453472347,15
2008-06-04,-0.0280187773839173,1.4571244721885075,0.3593488348803172,0.6341562511623742,0.2528458867159983,0.2528458867159983,12
2008-06-05,0.0197252498856163,1.637152824912369,0.0143638487905263,0.5057699942113172,0.1846964703438184,0.1846964703438184,10
2008-06-06,-0.0105646788519265,1.6616642214955948,0.4960428066551685,0.4806303851804555,0.1945244663891694,0.1945244663891694,15
2008-06-09,-0.0277930219815051,1.6199455366241546,0.0831158187033401,0.7402476861226278,0.2922142872545455,0.2922142872545455,9
2008-06-10,-0.011429421544689,1.7667265776205832,0.5084845396605405,0.3629396624674054,0.3910384254285484,0.3910384254285484,11
2008-06-11,0.0164490511477083,1.722813967843064,0.4445703060676654,0.4171029999289792,0.3807439253110477,0.3807439253110477,9
2008-06-12,0.0034756929070893,1.708357668568697,0.0489537306129932,0.6204728148493994,0.3363130549345204,0.3363130549345204,11
2008-06-13,-0.004913634876089,1.6301709295406923,0.4363556569442153,0.5764661715360164,0.304296010397751,0.304296010397751,13
2008-06-16,0.0121898846486777,1.5632703258654457,0.3566806332852978,0.50298491285617,0.1716043409860725,0.1716043409860725,13
2008-06-17,0.0174520715796276,1.5297623873329529,0.5314231099560857,0.5563166238301508,0.268098216854691,0.268098216854691,10
2008-06-18,-0.0152893158295348,1.542869689738804,0.0850949506275355,0.7757189864676713,0.197846075591355,0.197846075591355,11
2008-06-19,-0.0172014615193041,1.5482394299769953,0.1664037154987454,0.8649804554086438,0.1593059095869272,0.1593059095869272,8
2008-06-20,-0.0354089723956698,1.5718792728033488,0.1454616401654978,0.7688876611819371,0.2570128099066325,0.2570128099066325,12
2008-06-23,-0.0188420657033616,1.8515422608541463,0.0433359067620975,0.6210492234241074,0.0780137953791946,0.0780137953791946,7
2008-06-24,-0.0178071048017219,1.8596573741577032,0.4126740947498807,0.4496557092624701,0.1272678712294216,0.1272678712294216,14
2008-06-25,0.0145790424578539,1.857376058711323,0.089526580274105,0.5938324356823981,0.116080859251143,0.116080859251143,10
2008-06-26,0.0147520199462928,1.8176631235205805,-0.2308022784335272,0.7898123350352482,0.0175003709191723,0.0175003709191723,7
2008-06-27,-0.0424080570932091,1.7822359650033577,0.5398824342992157,0.2841156727234147,0.1709233475303544,0.1709233475303544,8
2008-06-30,-0.0235054245184323,2.1372271806707306,0.0510610503972404,0.6047383876957406,-0.06662297385863,-0.06662297385863,18
2008-07-01,-0.036237961018401,2.1617021621102634,0.0267299705495436,0.5818395725170542,-0.0791822958035422,-0.0791822958035422,12
2008-07-02,0.0492208571741045,2.339457511129342,0.2892080904649837,0.524108140370283,0.0248197779761599,0.0248197779761599,14
2008-07-03,-0.0418063137782018,2.6615544364053725,0.2068087813945917,0.5634040827979583,-0.0417949526047648,-0.0417949526047648,13
2008-07-04,0.0227289666065019,2.8376430605740417,0.5089625710621476,0.5933077606924636,0.2165540927737015,0.2165540927737015,10
2008-07-07,0.0034799935691636,2.7797241725654294,0.1168061466887593,0.5961888558004841,0.3603785440115593,0.3603785440115593,5
2008-07-08,-0.0103386073849276,2.6462590743660157,0.3989019827409224,0.5666238068727342,0.3987971842808255,0.3987971842808255,11
2008-07-09,0.0413899707084142,2.540203122849103,0.4304795214398341,0.4186451195991352,0.3831005743563628,0.3831005743563628,11
2008-07-10,0.0012260882803983,2.708886508737496,0.138223236426711,0.6927035937824637,0.3149129800667818,0.3149129800667818,9
2008-07-11,-0.0275738905124523,2.5777494478913705,0.3939794525504112,0.6402211980314213,0.2956780679693277,0.2956780679693277,13
2008-07-14,-0.0022995173469942,2.5967941220350066,0.0524153591444095,0.6582022396740007,0.0234522434572379,0.0234522434572379,15
2008-07-15,-0.0452182774380916,2.4729614676120515,0.3755906550834576,0.5271627420474005,0.0709257271885872,0.0709257271885872,15
2008-07-16,-0.0115659801397664,2.7295152553228554,-0.1240628963336348,0.600764537628973,-0.0326827425882219,-0.0326827425882219,10
2008-07-17,0.033620292297464,2.6235575332661645,0.0653484784574671,0.5784494646709583,-0.0358293524158722,-0.0358293524158722,11
2008-07-18,0.0360884866196913,2.6852453438858714,0.0713758129965175,0.6506539518397546,0.0881334818696435,0.0881334818696435,11
2008-07-21,0.0162999336994783,2.767440227548663,0.4691545260604471,0.4756223464841514,0.1807626140566374,0.1807626140566374,10
2008-07-22,0.0191920021611929,2.67452405066845,0.0253288362963268,0.7031107970070111,0.1727586856244093,0.1727586856244093,13
2008-07-23,0.0543215849583228,2.604811971589497,0.3126376969739795,0.688583574138296,0.2210110624199017,0.2210110624199017,6
2008-07-24,-0.0097078883687769,2.956372885551648,0.2862284792696728,0.5822641570108453,0.2871398970198595,0.2871398970198595,17
2008-07-25,-0.027833504484506,2.830271864186905,0.4471485794832309,0.3510268846124469,0.3080996236167315,0.3080996236167315,9
2008-07-28,0.0046853664326013,2.8267996958060984,-0.4058854424705108,0.7620923712237946,-0.073113862949518,-0.073113862949518,6
2008-07-29,-0.0333874783622695,2.6922973349949237,-0.3511593641811295,0.5665152041165431,-0.2005914316396785,-0.2005914316396785,19
2008-07-30,0.0290962286251245,2.759922965277564,-0.5332530181234082,0.4279561122601555,-0.3966717511610063,-0.3966717511610063,6
2008-07-31,0.00448746271462,2.76106937493333,-0.5370545551682321,0.5422700987315622,-0.4571802250167427,-0.4571802250167427,13
2008-08-01,0.0184306616202462,2.6296726457809685,-0.1462588682412528,0.5263697686378345,-0.3947222496369066,-0.3947222496369066,13
2008-08-04,-0.0041321239039688,2.5583567530236917,-0.1829293714836239,0.5468600407935794,-0.1346679794071957,-0.1346679794071957,5
2008-08-05,0.0241633651919517,2.439181935011707,0.4002011511474848,0.4732901502000974,0.0527831618559476,0.0527831618559476,11
2008-08-06,0.0032592169311085,2.426040913765167,0.0028331178085257,0.7167649828114762,0.0826015590659033,0.0826015590659033,12
2008-08-07,0.0013936545350367,2.3103685126413804,-0.3849160162111123,0.4726163860764312,-0.0117680505011229,-0.0117680505011229,12
2008-08-08,0.0012481353347164,2.199403703675009,-0.1380733564934309,0.638524169765221,-0.0605768950464312,-0.0605768950464312,17
2008-08-11,0.019869702169296,2.0940400305077054,0.0816724204923957,0.7960147961954712,-0.0770261612218602,-0.0770261612218602,8
2008-08-12,-0.0148596440666858,2.0752418279727123,-0.1201208866201341,0.4537796103791884,-0.0240671353036646,-0.0240671353036646,10
2008-08-13,-0.0051094548763935,2.031106086340354,0.286621810699051,0.6112398615232986,0.0608718981348317,0.0608718981348317,11
2008-08-14,-0.0219545321535508,1.9422635797353287,-0.0821847590307394,0.6372471783179275,0.050279320702239,0.050279320702239,15
2008-08-18,-0.0085339269867482,1.9718954237910853,0.1037446776066314,0.6717131267056002,-0.077171689289048,-0.077171689289048,11
2008-08-19,-0.0056612309761121,1.8987025102635664,0.1990239674127415,0.5547190220172918,-0.0209299440003518,-0.0209299440003518,19
2008-08-20,0.010815223816405,1.818875118593556,0.0328178911004215,0.5555387183973998,0.0079704224261971,0.0079704224261971,12
2008-08-21,-0.0303255342901458,1.759163009133142,-0.1850102718298633,0.7012470111008927,0.0538428644345037,0.0538428644345037,15
2008-08-22,0.0101263383565805,1.9191008717575404,-0.2699778311970559,0.6272159789294361,-0.0238803133814248,-0.0238803133814248,11
2008-08-25,0.0018238685567018,1.8496200702198355,0.2801444962620735,0.7119535654568875,-0.0823536685933216,-0.0823536685933216,5
2008-08-26,0.0004957775964252,1.76237556050235,0.2092430124591504,0.4229108219741244,-0.0035030117355189,-0.0035030117355189,7
2008-08-27,-0.0105219988621598,1.67934639963792,0.3690445121222486,0.3043606981240087,0.1243014569283419,0.1243014569283419,12
2008-08-28,-0.0183638310288204,1.6360739180818418,0.1790323505022873,0.5173690005840895,0.3456436723515038,0.3456436723515038,12
2008-08-29,0.0340597419789455,1.6620787948400588,0.2531128310683099,0.5924546033094613,0.258115440482814,0.258115440482814,11
2008-09-01,-0.0026066277115404,1.8743557917412308,-0.0800763696897775,0.6867983171564668,0.0165040674346566,0.0165040674346566,8
2008-09-02,0.0351004611879867,1.7883878460173324,0.1776871731504798,0.6940954275510965,0.0162350319642951,0.0162350319642951,10
2008-09-04,-0.0125675405046414,1.9926689707700809,-0.0836703194571392,0.4918946410819537,-0.0415162250297586,-0.0415162250297586,7
2008-09-05,-0.0216939542071026,1.939563817254568,0.2055923949927091,0.5164904090690263,0.0562738504114428,0.0562738504114428,10
2008-09-08,0.0294318678431962,1.966790436705545,-0.185182586312294,0.819216798809879,0.025803035753114,0.025803035753114,6
2008-09-09,-0.0030386816756627,2.0622852934996145,0.2017568970719973,0.5967812374073311,0.0828884790589413,0.0828884790589413,6
2008-09-10,-0.0154362248012365,1.96714722733808,0.132039124560025,0.5809681748177317,0.0681778249724044,0.0681778249724044,9
2008-09-11,-0.0253047424512864,1.9357417011616616,0.2063151711884599,0.5899267739539755,0.0576399537440167,0.0576399537440167,13
2008-09-12,-0.0145210732043965,2.003298536676541,0.2300890714607455,0.489634306532724,0.1170035355937868,0.1170035355937868,11
2008-09-15,-0.0374802893757936,1.9623405905898967,0.3148691616952419,0.3551409428439251,0.2330222081296037,0.2330222081296037,6
2008-09-16,0.0004909300886401,2.1942130941376203,0.1704365776753739,0.548851867548378,0.2407016987526735,0.2407016987526735,19
2008-09-17,-0.0164914454622957,2.089073272436176,0.0068306828849017,0.5801699280753176,0.2008048010919618,0.2008048010919618,20
2008-09-18,0.0074319050330119,2.055700667981702,0.2164908419880602,0.5400874239160287,0.1980851551974247,0.1980851551974247,18
2008-09-19,0.0500140687244517,1.9678955146881327,0.02256143046543,0.5882131031070181,0.1462377389418016,0.1462377389418016,10
2008-09-22,-0.0052431412874912,2.3890774678239386,0.2430705930261562,0.6394607742425307,0.0769575469351064,0.0769575469351064,12
2008-09-23,-0.023031073419284,2.2811625432864244,0.20460422264619,0.581964296302163,0.0745802230667324,0.0745802230667324,18
2008-09-24,0.0082890137695996,2.28627600994293,0.24967166610683,0.50097647431738,0.1200022701950123,0.1200022701950123,12
2008-09-25,-0.0122587179156393,2.188230892512117,0.2061880106505538,0.5717772666723518,0.1195062585078949,0.1195062585078949,14
2008-09-26,-0.0309567464598392,2.119769882738014,0.0634449038188904,0.5381502928890975,0.1933958792497242,0.1933958792497242,14
2008-09-29,-0.0345138976208045,2.232220834310992,0.1473598633375432,0.5579654384251832,0.1516500340782048,0.1516500340782048,9
2008-09-30,0.018311569042277,2.374961507693735,0.169120398483106,0.6106282984358529,0.13553978055346,0.13553978055346,14
2008-10-01,0.0075077173539844,2.321518405358657,0.159875144058948,0.5163996513071348,0.1262772072351388,0.1262772072351388,17
2008-10-03,-0.0341001241322184,2.219233552344109,0.3540048970737391,0.5460144189684584,0.1773026169178596,0.1773026169178596,9
2008-10-06,-0.0582188727927145,2.358382588118375,0.1605094873812049,0.6325781239016456,0.1493537248965757,0.1493537248965757,12
2008-10-07,0.0011790899859858,2.8606832163217937,-0.0815538935518513,0.5132494673339402,0.1218123898590132,0.1218123898590132,12
2008-10-08,-0.0261101719508087,2.7219033384032696,-0.0319573511011325,0.5150347440469715,0.0446199402240389,0.0446199402240389,13
2008-10-10,-0.0688271919267466,2.713058488783902,-0.2174400932854041,0.5344551854809857,-0.0320428142165707,-0.0320428142165707,8
2008-10-13,0.0622741116895155,3.322942403524029,-0.2003033087899287,0.5749972267455761,-0.0525918882346583,-0.0525918882346583,15
2008-10-14,0.0079750903850958,3.6626033490310346,-0.2303186297882348,0.6012257441692185,-0.1007011700871709,-0.1007011700871709,20
2008-10-15,-0.0525857445223908,3.4904280704340143,-0.1192896635168128,0.5756265767179387,-0.0810710841334527,-0.0810710841334527,18
2008-10-16,-0.0209157113922443,3.687118413209172,-0.0591140120180652,0.5313861669079637,-0.1243726320118563,-0.1243726320118563,17
2008-10-17,-0.0614823810853935,3.566930925276203,-0.3752347903654855,0.4912056028714535,-0.1968520808957053,-0.1968520808957053,17
2008-10-20,0.0156365223348502,3.8745812931492174,0.2481141544878483,0.5439473451628781,-0.1949453660889582,-0.1949453660889582,5
2008-10-21,0.0352679344856559,3.712158985373722,-0.3404919903104504,0.4326086260316594,-0.2512209617474352,-0.2512209617474352,15
2008-10-22,-0.0539015094140702,3.6801699756282025,-0.2306669970663885,0.5835309100881105,-0.2223074030876158,-0.2223074030876158,27
2008-10-23,-0.04061607280037,3.866887209491385,-0.2250036230454078,0.5704767778962992,-0.1840088785561517,-0.1840088785561517,26
2008-10-24,-0.1301418172508666,3.882378815905302,-0.1493838884343858,0.5268461763595401,-0.1394864688737567,-0.1394864688737567,32
2008-10-27,-0.0234144244219625,5.396780350671436,-0.026058220397681,0.5324394545671597,-0.2625175608618434,-0.2625175608618434,10
2008-10-29,0.0662344397091618,5.182754639984065,-0.4154804670251906,0.5445149916057047,-0.2916488008347472,-0.2916488008347472,4
2008-10-31,0.0675742832422518,5.307044320483974,-0.4921811729048689,0.5965249969984883,-0.2226535640522267,-0.2226535640522267,6
2008-11-03,0.0533903091518483,5.431685370073877,-0.3174020129566391,0.5211876992566346,-0.3161317802255636,-0.3161317802255636,12
2008-11-04,0.0317682036671121,5.401898642059321,-0.041381441289559,0.3341490939708663,-0.3094111253606211,-0.3094111253606211,20
2008-11-05,-0.047963876635013,5.220456888165669,0.0217285508191899,0.5132957285758555,-0.2066291806158093,-0.2066291806158093,19
2008-11-06,-0.0347545173986808,5.175599149971427,-0.0617572976334486,0.4636736011068386,-0.1212392866984212,-0.1212392866984212,32
2008-11-07,0.0273985407808873,5.035827793847064,0.185519950395381,0.4635132267250603,-0.042658450133015,-0.042658450133015,27
2008-11-10,0.0572751988878581,4.855142424076845,-0.174716013728788,0.4480062415296958,0.0970852951065671,0.0970852951065671,19
2008-11-11,-0.0688964839154764,4.91980645636564,-0.0585448596087333,0.4921585511724338,0.0977277827115102,0.0977277827115102,19
2008-11-12,-0.0311752894442067,5.125620127265831,-0.1727307259159929,0.3994974833677581,0.0260776474492354,0.0260776474492354,17
2008-11-14,-0.0134659040459035,4.967504352479961,-0.248456043058208,0.5879830891704999,-0.155377964171262,-0.155377964171262,7
2008-11-17,-0.0038503580772936,4.74290772117115,-0.2182605802081525,0.6660008390788291,-0.1286144933009164,-0.1286144933009164,8
2008-11-18,-0.0424672663701845,4.512292169797126,0.0209184407204803,0.540488083498877,-0.0999423694479026,-0.0999423694479026,18
2008-11-19,-0.0181082590574281,4.483466739662734,0.1270570753142237,0.577912555541032,-0.0248397457734163,-0.0248397457734163,15
2008-11-20,-0.031555329302691,4.3011642170356605,-0.0878290726166022,0.5594706925722461,-0.0582386674925313,-0.0582386674925313,19
2008-11-21,0.0534950289393269,4.204146035484936,0.0612471347364286,0.4956562122550236,-0.0193734004107242,-0.0193734004107242,18
2008-11-24,0.0054797882135782,4.301337562986665,-0.0722210003063082,0.7319659427997846,0.014343621774593,0.014343621774593,10
2008-11-25,-0.020234733933524,4.093036483922123,-0.0943485957104712,0.6528762279487159,0.0130397171558192,0.0130397171558192,24
2008-11-26,0.0363508230583596,3.943429436119581,0.0268967234744475,0.5473438502964905,0.006169634903423,0.006169634903423,13
2008-11-28,0.0010350160640398,3.900292265086588,0.4526383905904367,0.3599433126348885,0.0530453672277161,0.0530453672277161,8
2008-12-01,-0.0265555123938194,3.709498888221575,-0.477396897226572,0.5220717243163804,0.0217110730641862,0.0217110730641862,5
2008-12-02,-0.0093995313516929,3.622470622785788,0.1815142783129381,0.4435833222714507,0.0675616651086788,0.0675616651086788,18
2008-12-03,-0.0005081046940946,3.4590074171193117,-0.1164643539736668,0.6347507059445252,-0.0462588838041418,-0.0462588838041418,15
2008-12-04,0.0483338663054694,3.2904418033204994,-0.3951391501662631,0.4482378534250913,-0.129581053857174,-0.129581053857174,15
2008-12-05,-0.0267535943874983,3.4416638718292254,-0.3511654858011752,0.5239100179219579,-0.2317303217709477,-0.2317303217709477,12
2008-12-08,0.0253178439613942,3.376577195510268,0.132390390150249,0.6326759138500656,-0.1090555257516714,-0.1090555257516714,16
2008-12-10,0.0505162324956738,3.2957997822334044,-0.0331662339823586,0.5999327855950103,0.0435320968202129,0.0435320968202129,7
2008-12-11,-0.0027700235862329,3.4740545879539444,-0.0747777693058279,0.6178634989939329,0.0232050020387464,0.0232050020387464,22
2008-12-12,0.00041092025315,3.3062125836614182,0.0068910073799391,0.5006964193835549,0.0162274210232688,0.0162274210232688,18
2008-12-15,0.0202800160119561,3.1450859320267432,-0.0139061638082449,0.5352367414305111,-0.0697426705810051,-0.0697426705810051,13
2008-12-16,0.0201071200387012,3.049115815326067,0.1489019199986668,0.5391540051867664,-0.0250067327201062,-0.0250067327201062,17
2008-12-17,-0.0291543141274454,2.9586872789787937,0.0091217776139577,0.655637662686368,-0.0245605786733024,-0.0245605786733024,15
2008-12-18,0.0353812904139116,2.95506766302495,0.00096124674504,0.6154531878533295,0.0084607734563754,0.0084607734563754,18
2008-12-19,0.0054575951045838,2.9982102110477005,0.1118387257447466,0.5497153303669668,0.0513835012588333,0.0513835012588333,16
2008-12-22,-0.0124903372652847,2.856010093741326,0.1823538533145828,0.4784082264882061,0.1396904252842808,0.1396904252842808,14
2008-12-23,-0.02351997068407,2.746432516540968,0.0827199999537122,0.3470854036405162,0.1560421759260153,0.1560421759260153,19
2008-12-24,-0.0176029707782358,2.713330346681525,0.0071729484147259,0.6480368632785429,0.1351090204600112,0.1351090204600112,14
2008-12-26,-0.0206446765533106,2.6402327947454234,-0.1696154674176465,0.5808253456528223,0.0430329102058389,0.0430329102058389,11
2008-12-29,0.0224771167509052,2.5935489683739963,0.1524854004383087,0.5541152828076942,0.0253093851718133,0.0253093851718133,13
2008-12-30,0.0194187606584211,2.553212029856502,-0.1377564884855278,0.5309162791203851,-0.0247485558780562,-0.0247485558780562,14
2008-12-31,-0.006853469271492,2.4939040136638133,-0.0661156956249704,0.4679151266765269,-0.004048601519521,-0.004048601519521,13
2009-01-02,0.0291734167880701,2.3845443619101427,-0.029049469048486,0.5286022611298866,-0.032711115165059,-0.032711115165059,17
2009-01-05,0.0242221730870353,2.425357927037169,-0.2680206270888448,0.5651012352769679,-0.1333146860043059,-0.1333146860043059,11
2009-01-06,-0.0027749634340641,2.414000456643805,-0.0679103793466792,0.5366874151356097,-0.1302728972527177,-0.1302728972527177,17
2009-01-07,-0.0638020986139931,2.300141243284797,0.1136591788691779,0.6730006855517559,-0.1017311676691849,-0.1017311676691849,15
2009-01-09,-0.0163637797633,2.926069510973567,-0.0271376655795253,0.5267921185407038,0.0155174984112326,0.0155174984112326,13
2009-01-12,-0.0353909167714925,2.831122110472497,0.1790262260474264,0.5115479240517377,0.1030940390896435,0.1030940390896435,10
2009-01-13,-0.0102030211546555,2.9047206478614003,0.1783319836482405,0.5462956690580875,0.0733610387788847,0.0733610387788847,15
2009-01-14,0.0323849268374807,2.7832436073333966,-0.320456063507923,0.5428153446712144,0.0146973591932052,0.0146973591932052,14
2009-01-15,-0.0353949717604431,2.8140193993325453,-0.0153677319176495,0.5693075624804174,0.0464523834344887,0.0464523834344887,12
2009-01-16,0.0329760440195068,2.889709300926989,-0.1761358384484131,0.5795002997426006,-0.0309202848356636,-0.0309202848356636,19
2009-01-19,0.0062559129443241,2.915242397394457,-0.2517383351752704,0.6192417156461453,-0.1012025486865294,-0.1012025486865294,11
2009-01-20,-0.0175803255676256,2.7786335438725214,-0.4164785951883955,0.539682588905191,-0.1814247213406786,-0.1814247213406786,11
2009-01-21,-0.032877504046247,2.700772922956132,-0.2524042125733103,0.6287414752658047,-0.1966783961656581,-0.1966783961656581,16
2009-01-22,0.0028229602242439,2.761745047786521,-0.2722362009808421,0.515807003941233,-0.2054548275899352,-0.2054548275899352,16
2009-01-23,-0.0130742631638255,2.6286491605969067,-0.2232095669955015,0.6973108116108823,-0.2832133821826638,-0.2832133821826638,20
2009-01-27,0.0340589797759928,2.5358035005125656,-0.2535258727148175,0.3883639402546781,-0.2371138034109025,-0.2371138034109025,14
2009-01-28,0.0278089389585057,2.612977878716783,-0.3375097984680906,0.583933297872052,-0.2599738497054203,-0.2599738497054203,24
2009-01-29,-0.0090069434918188,2.616397595177066,-0.2373259364088115,0.5377301198408435,-0.2776837225631695,-0.2776837225631695,19
2009-01-30,0.0178465267959291,2.5070950637856098,-0.0089533571735955,0.714285946432118,-0.1742991398764658,-0.1742991398764658,16
2009-02-02,-0.0383459568747684,2.4408639354178323,0.0801942276457945,0.5797067905710569,-0.1113236485926939,-0.1113236485926939,15
2009-02-03,0.0062156204856254,2.603683429371756,-0.2734240609172143,0.6758897631204068,-0.1185432734943745,-0.1185432734943745,19
2009-02-04,0.0068553402659932,2.48325659261832,-0.1813166194478981,0.5370986752432994,-0.153015925949235,-0.153015925949235,16
2009-02-05,-0.0082391967578028,2.3705833612755094,0.2294879974797368,0.5922351261708969,-0.0782966584555003,-0.0782966584555003,19
2009-02-06,0.0224261097945566,2.272603869960176,-0.0705821879208088,0.4504955555192463,-0.0431281286320778,-0.0431281286320778,20
2009-02-09,0.0266542951627216,2.2595487392443547,-0.02579269398536,0.6619703843907638,-0.0683779201816234,-0.0683779201816234,7
2009-02-10,0.0049877453428987,2.2877988394960678,0.0861066602856705,0.5960699392117652,-0.0970541876204366,-0.0970541876204366,19
2009-02-11,-0.0030033294140615,2.181622579040324,-0.1036610569318999,0.5549074556755211,-0.1036699614226549,-0.1036699614226549,23
2009-02-12,-0.0112224257826798,2.0801679854352835,0.008486430447262,0.666613634303646,-0.0405052512981301,-0.0405052512981301,13
2009-02-13,0.0189343991417388,2.013255347613074,-0.0905155749418414,0.6309890745310092,-0.0250752470252336,-0.0250752470252336,13
2009-02-16,-0.0344531850229364,1.993797893895038,0.0064986381265852,0.6782324229547292,0.1512330590731378,0.1512330590731378,9
2009-02-17,-0.0277647306130459,2.1739480993370983,0.1467979795468801,0.4785301124744477,0.1788953688930614,0.1788953688930614,11
2009-02-18,0.0020372312647437,2.240363721308498,-0.0036992173021038,0.5531312933703192,0.1962586404210089,0.1962586404210089,21
2009-02-19,0.0047435882003949,2.1332176486287406,0.053925764196637,0.5644337018870959,0.1346216979652945,0.1346216979652945,22
2009-02-20,-0.019147186713807,2.034719217427033,0.0537514124464775,0.4363461550824671,0.0514549154028953,0.0514549154028953,14
2009-02-24,-0.0009323166090364,2.0279350186612684,-0.360584077292255,0.306091231928615,-0.0031748700088687,-0.0031748700088687,7
2009-02-25,0.0104069413763089,1.9319143347065864,-0.0572126462836475,0.4854948016970324,-0.0253676817548937,-0.0253676817548937,17
2009-02-26,0.0083451374242639,1.8629323074981248,0.1514422663177053,0.5382075962204296,0.0332803132712675,0.0332803132712675,15
2009-02-27,-0.0079289697919459,1.7893524259002362,-0.0177017284165087,0.5850542783151804,-0.0548219496909498,-0.0548219496909498,19
2009-03-02,-0.0327523615071616,1.7247595454237674,-0.0568501662928611,0.5008248724320382,0.0871950597342714,0.0871950597342714,8
2009-03-03,-0.0197099812008656,1.9277784500650197,-0.1577230580151081,0.6537250442150736,0.0253619948677088,0.0253619948677088,19
2009-03-04,0.0086567665910651,1.9365227901430355,-0.0540202325209975,0.5678694664119208,0.018098294046811,0.018098294046811,15
2009-03-05,-0.0262371668509436,1.859790989283037,-0.034888260507662,0.5463547399566623,-0.0274003497741527,-0.0274003497741527,19
2009-03-06,0.0167220392630463,1.9486957513146053,-0.1250383111764677,0.5182213225424406,-0.0857040057026191,-0.0857040057026191,16
2009-03-09,-0.0181007394160355,1.917223640158479,-0.0155070772394537,0.7045999953215991,-0.0559285195518627,-0.0559285195518627,10
2009-03-12,0.0170697513732131,1.91213336874978,-0.0006390471632281,0.5979190429261423,-0.0354120645289204,-0.0354120645289204,9
2009-03-13,0.0381555642633151,1.88635560409698,-0.1548787760822212,0.6526697051321189,-0.0630097566775708,-0.0630097566775708,17
2009-03-16,0.0211051224878721,2.119976000904958,0.2394987048270801,0.5401433657957704,0.0741356028934174,0.0741356028934174,12
2009-03-17,-0.0071549075725514,2.109383486484521,-0.0178061586597727,0.5938477075423466,0.0707021805941085,0.0707021805941085,18
2009-03-18,0.01341842694153,2.0225531707165154,-0.2681090231788786,0.5575126922440229,0.048056131174777,0.048056131174777,19
2009-03-19,0.0044449501489103,1.9634734296837384,-0.1075926984731967,0.6779069621632592,0.0515961234648245,0.0515961234648245,13
2009-03-20,-3.5571770333755804e-05,1.8733923767770704,-0.2423481113122155,0.644689272443604,-0.0792714573593965,-0.0792714573593965,12
2009-03-23,0.0462414067218804,1.7847835322329428,-0.1477788976308974,0.5831335206827649,-0.1948884359651433,-0.1948884359651433,11
2009-03-24,-0.0004082438738615,2.182535853994872,0.0628121876645655,0.5340818907246777,-0.1608074587375908,-0.1608074587375908,21
2009-03-25,0.0154147103360382,2.0782659568239645,0.2047670969739556,0.5648483851670297,-0.0713844170803566,-0.0713844170803566,10
2009-03-26,0.0322778493552181,2.02756934271169,-0.313736000098288,0.6226106630334598,-0.0658407102038204,-0.0658407102038204,10
2009-03-27,0.0085286671674112,2.151131276747353,0.1212852834723889,0.594016611384564,-0.0145300659236549,-0.0145300659236549,18
2009-03-30,-0.0428862473561046,2.061491874867544,-0.319747932188745,0.4623604623441488,-0.0533200950880667,-0.0533200950880667,14
2009-03-31,0.0142690657155784,2.361197822860892,0.183483251572951,0.5412106364477064,0.0461237552461811,0.0461237552461811,23
2009-04-01,0.0129579851252146,2.2840554926648995,-0.0696642848456071,0.4384153880041308,0.0079338415825818,0.0079338415825818,18
2009-04-02,0.0480686812468591,2.205124810648968,0.1884561163373291,0.5177618116784573,0.0520776978714471,0.0520776978714471,20
2009-04-06,0.0140857346696783,2.5362157928669653,-0.0338086985284462,0.6784694512658886,0.161982863379332,0.161982863379332,12
2009-04-08,0.0261698997588641,2.4468403624425403,0.0460064988583326,0.4536790650009031,0.1347449991308774,0.1347449991308774,9
2009-04-09,-0.0002692303213719,2.4511426162058405,-0.0955240249459166,0.4194392221061802,0.0555751102840684,0.0555751102840684,16
2009-04-13,0.0120602676553235,2.3331658501382084,-0.2791844643652439,0.7173868423163471,-0.2224596408326436,-0.2224596408326436,5
2009-04-15,0.0295794105677314,2.24686254993433,-0.2575878627598286,0.4364649006466802,-0.2465737019665538,-0.2465737019665538,5
2009-04-16,-0.0334597185915747,2.308060626985029,-0.4484820200337304,0.3584342649773073,-0.2795910847042169,-0.2795910847042169,9
2009-04-17,0.0044122438092546,2.425982466131285,-0.0046735883762057,0.6762752528553192,-0.2173974985498775,-0.2173974985498775,13
2009-04-20,-0.0021592272494664,2.3117064740270985,0.3103417289842452,0.3040255697397292,0.0823765753916669,0.0823765753916669,7
2009-04-21,-0.0035002552857725,2.202322509320064,0.0374556311406195,0.5281013848453548,0.1795641056265369,0.1795641056265369,30
2009-04-22,-0.0104547219917964,2.100642391017466,0.02740416609283,0.6440471268418878,0.185979656520344,0.185979656520344,14
2009-04-23,0.0276594186703339,2.028414768806301,-0.231428206549026,0.5296052144128303,0.0526217666088737,0.0526217666088737,20
2009-04-24,0.0165259644505703,2.094374035525923,-0.2155454753277202,0.7030922767710355,-0.0143544311318102,-0.0143544311318102,18
2009-04-27,-0.0030931938484899,2.049968143563234,0.0899293860420584,0.6158002758612698,-0.1549976932117714,-0.1549976932117714,6
2009-04-28,-0.0315144306472324,1.9555745681692565,-0.0372546903996004,0.6714003063036309,-0.1161629899818863,-0.1161629899818863,18
2009-04-29,0.0326520977173238,2.100088019918772,-0.1171064435297416,0.6053080188600927,-0.0964751836222906,-0.0964751836222906,18
2009-05-04,0.0505301969269556,2.217956561168882,-0.3057322023170335,0.691384354669193,-0.0350610886759582,-0.0350610886759582,7
2009-05-05,0.0021596537732059,2.58839898847985,0.0920100190676748,0.6748257958519316,-0.0179995479473163,-0.0179995479473163,20
2009-05-06,-0.0101140169444168,2.463658450316281,-0.3045201580454078,0.5166934078271376,-0.1283401088475707,-0.1283401088475707,18
2009-05-07,0.0161038523228571,2.367483930036496,-0.1032036342192441,0.5941074022007734,-0.087841148644183,-0.087841148644183,20
2009-05-08,-0.017304583283461,2.3003657065092544,-0.0666724916314706,0.6458242431302984,-0.1376236934290961,-0.1376236934290961,20
2009-05-11,-0.0184247970070425,2.256096088112436,0.0619722654422124,0.6900106103997554,-0.0149899787999067,-0.0149899787999067,9
2009-05-12,0.0349690802708511,2.2238235308239727,-0.2702679651168485,0.588203415249192,-0.0484028449794276,-0.0484028449794276,12
2009-05-13,-0.0125337626763507,2.354008462220655,-0.0141382297811408,0.6912473082227956,-0.0378959926093617,-0.0378959926093617,15
2009-05-14,-0.0115651541813989,2.27605571547893,-0.1674590835464187,0.5499138267733957,-0.0667598699429071,-0.0667598699429071,16
2009-05-15,0.0215283954838211,2.1981480475555086,-0.1238586482488446,0.5222287884453132,-0.1027503322502079,-0.1027503322502079,27
2009-05-18,0.1633431549068071,2.1840982358968226,-0.0972867740318179,0.6477556602628486,-0.1934893249971274,-0.1934893249971274,5
2009-05-19,-0.0010876938163032,5.313127929325326,-0.2570140771567821,0.6390575192137,-0.2114003237192,-0.2114003237192,11
2009-05-20,-0.01121255015798,5.0523776124619335,-0.2472336815768166,0.5645937218488125,-0.2360753303847945,-0.2360753303847945,19
2009-05-21,-0.0140076582683126,4.817712026136337,-0.1051918509105841,0.6134371812455903,-0.2177945144990817,-0.2177945144990817,15
2009-05-22,0.0065330546882318,4.602695223619496,-0.2723728878280291,0.6025802262328604,-0.1958198543008059,-0.1958198543008059,13
2009-05-25,-0.0002242071102401,4.3803872706719895,-0.0471678699832409,0.6205917839577398,-0.0490415115532679,-0.0490415115532679,8
2009-05-26,-0.0289333069730497,4.165780564296543,-0.2593247342322554,0.5718623588532096,-0.0798680882176021,-0.0798680882176021,14
2009-05-27,0.0379777216066721,4.061037056887593,-0.0086507448460906,0.5108240907133907,-0.0271236596212144,-0.0271236596212144,20
2009-05-28,0.0141763039271495,4.021210061804999,0.0029149195761419,0.5711956323747553,0.0053268105945816,0.0053268105945816,16
2009-05-29,0.0254622126641473,3.8456420002419662,-0.1304414052117083,0.4431769915916561,-0.0885339669394305,-0.0885339669394305,14
2009-06-01,0.0180316854569479,3.7323044365511127,-0.2432137350551784,0.6754881053018086,-0.1007749956417162,-0.1007749956417162,8
2009-06-02,-0.0010270183934249,3.5877253858110167,-0.1533176651224494,0.5840675656382242,-0.1320215125814345,-0.1320215125814345,15
2009-06-03,0.001203671807593,3.412931013697773,0.1930847589255255,0.6648488118809557,-0.0673162797539877,-0.0673162797539877,17
2009-06-04,0.0092163881474729,3.246480739131884,0.0794385530882411,0.6548024347540543,-0.0228031994357363,-0.0228031994357363,18
2009-06-05,0.0031115091463281,3.0988095239568616,-0.2017430427770775,0.6050453532206643,-0.0651502261881876,-0.0651502261881876,13
2009-06-08,-0.0348274049518866,2.9489080754782897,0.0564890493535333,0.6909696461081969,-0.0985804324137029,-0.0985804324137029,9
2009-06-09,0.0269590569006291,3.0026803167002862,-0.246447632375818,0.5782961831872604,-0.1637576695065148,-0.1637576695065148,13
2009-06-10,0.0226595696850728,2.96348260170924,-0.1057366105286698,0.6150619049444401,-0.1445563830568333,-0.1445563830568333,19
2009-06-11,-0.0037770191773879,2.8954799392857438,-0.0068890391848981,0.6498521832392642,-0.1207214619166095,-0.1207214619166095,16
2009-06-12,-0.0117775363156232,2.758278022912621,0.0852329265326261,0.4415029526222501,-0.0434702612406452,-0.0434702612406452,9
2009-06-15,-0.02192555427681,2.651498633903037,0.0187501338395205,0.5389180821858643,0.0270806583158221,0.0270806583158221,11
2009-06-16,0.0075096012493512,2.613695526126377,0.1937403256694475,0.5891222099836161,0.0672065312866912,0.0672065312866912,12
2009-06-17,-0.0364364891377411,2.495612011668481,-0.4348543120237688,0.50048411245982,-0.0368109164245877,-0.0368109164245877,12
2009-06-18,-0.0243402998350101,2.625204738841864,0.0570631464278059,0.6690896283227565,-0.0769556888309004,-0.0769556888309004,14
2009-06-19,0.0145245274484353,2.609656181830864,-0.216814991843421,0.636576493242262,-0.076423139586083,-0.076423139586083,16
2009-06-22,-0.0183304866960301,2.517796313620916,-0.2664614161476493,0.4352900924927316,-0.1821565100293058,-0.1821565100293058,6
2009-06-23,0.0027704930922153,2.463963315269409,0.1121238158749682,0.5004392177760603,-0.1711443761398733,-0.1711443761398733,14
2009-06-24,0.0107613364725745,2.34592759223402,0.1553411140645805,0.7117307740606967,-0.096713154958273,-0.096713154958273,19
2009-06-25,-0.0119746699432572,2.253287222291596,0.1914644517788761,0.6133056969655643,0.0145315908665832,0.0145315908665832,19
2009-06-26,0.0310212811332975,2.1789750076191243,-0.0549518668817149,0.6609418872935252,0.0275032197378122,0.0275032197378122,18
2009-06-29,0.0035248500738853,2.265543541670071,0.1637733129318803,0.4385666259785826,-0.0025475025506503,-0.0025475025506503,8
2009-06-30,-0.0230025159809308,2.158383305244952,0.0506548952311277,0.4854249818153813,-0.0307094138602,-0.0307094138602,15
2009-07-01,0.0115385443018596,2.175603922903682,-0.2060492667369544,0.6652571465896914,-0.0609288938312479,-0.0609288938312479,14
2009-07-02,0.0018297874002555,2.096660187146066,-0.0171642129619916,0.5553323562997058,-0.0001502052849778,-0.0001502052849778,12
2009-07-03,0.0171893077803388,1.996737719839664,0.100628931873611,0.5715829916961669,0.0183687320675347,0.0183687320675347,14
2009-07-06,-0.0602163969592982,1.96487437019262,-0.0480069140903651,0.5566224888504645,-0.0236719511560207,-0.0236719511560207,6
2009-07-07,0.0087119002232309,2.619687010196129,-0.1383394322225025,0.5994410755861198,-0.0479069950081229,-0.0479069950081229,21
2009-07-08,-0.0297689555526957,2.504481060348381,0.283644423703663,0.5494891743157494,-0.0113038966421125,-0.0113038966421125,16
2009-07-09,0.000502472204283,2.554138144981193,0.1966866846196353,0.593773837622698,0.03126221471577,0.03126221471577,16
2009-07-10,-0.0190609307588415,2.430770763738082,-0.0175920018534127,0.6848087423179177,0.0552785520314036,0.0552785520314036,19
2009-07-13,-0.0074831236070389,2.3890645538887787,-0.1974809903820807,0.4305926372056499,0.0052265949281411,0.0052265949281411,11
2009-07-14,0.0339778412380845,2.287454711894659,-0.3024576241698335,0.5611151593231213,-0.0946022668297525,-0.0946022668297525,17
2009-07-15,0.0292654947433134,2.3958933920661805,-0.3408208142966032,0.5458915300149587,-0.1592480293183907,-0.1592480293183907,15
2009-07-16,-0.0004961896120605,2.436417355187735,-0.33291961918585,0.6214597025437999,-0.2230886184598638,-0.2230886184598638,20
2009-07-17,0.0333622513280746,2.319286231265276,-0.1978190187364816,0.5333747653242495,-0.2742996133541697,-0.2742996133541697,9
2009-07-20,0.0286821360017162,2.4158162048389085,-0.4965245483908802,0.5685671894298773,-0.5148565336689351,-0.5148565336689351,8
2009-07-21,-0.00739020389497,2.4480563776939586,-0.2035500215939604,0.5349985326373422,-0.4889826141505572,-0.4889826141505572,13
2009-07-22,-0.0158325804541014,2.3428482216664746,-0.0513863268379981,0.7120879034959329,-0.4596960757708606,-0.4596960757708606,13
2009-07-23,0.0279868084269615,2.2851979566904808,-0.4340328076233467,0.5926231285230383,-0.4204038326726413,-0.4204038326726413,15
2009-07-24,0.0098545292606295,2.32452140903615,-0.0856820965479863,0.7223857520853167,-0.2542351601988343,-0.2542351601988343,19
2009-07-27,0.0008204927048645,2.229636355111183,-0.2323036357494337,0.6776842388763847,-0.2209556253867592,-0.2209556253867592,14
2009-07-28,-0.0017949541001751,2.1226834209416845,-0.2681961804830833,0.5833057866882374,-0.1877882999587065,-0.1877882999587065,23
2009-07-29,-0.0111484580050614,2.0226142934345104,-0.3576593454927206,0.5290127117990384,-0.2421837497476534,-0.2421837497476534,15
2009-07-30,0.0127575782017624,1.9591365829001224,0.1357550698642929,0.5692241870979435,-0.2086973798479575,-0.2086973798479575,12
2009-07-31,0.0141185453710514,1.900604344997426,-0.1397245107684284,0.7355699081637582,-0.1724257205258745,-0.1724257205258745,20
2009-08-03,0.0160360537198321,1.8545551503665925,-0.3423659072723239,0.6626460934529644,-0.0187178718078976,-0.0187178718078976,8
2009-08-04,-0.0065801412190565,1.82559643897631,0.0617901775269554,0.6534005719062889,-0.0335108502753651,-0.0335108502753651,13
2009-08-05,0.0029120899728899,1.753190545481198,0.1974473231368594,0.5379544069473388,0.0339235165056924,0.0339235165056924,18
2009-08-06,-0.0234178807856904,1.671886828755082,0.0998531525954604,0.4686601542919975,0.0723043343540218,0.0723043343540218,15
2009-08-07,-0.0229636751993833,1.7513795299786354,-0.0481979536186707,0.4670106809656351,-0.0062946415263437,-0.0062946415263437,19
2009-08-10,-0.0098105407766438,1.8148222409418575,0.3171827636659145,0.6667682695017033,0.131724922036458,0.131724922036458,15
2009-08-11,0.0075654632510276,1.7579742992698602,0.0072618443518877,0.6200020930861709,0.1132066603877435,0.1132066603877435,10
2009-08-12,-0.0031023275367038,1.6876561987668712,0.0039389417148553,0.5051358205672054,0.1236340394544487,0.1236340394544487,13
2009-08-13,0.0325545989521117,1.6126353401931972,-0.1989593553977708,0.5174752925349957,0.1111361459819361,0.1111361459819361,12
2009-08-14,-0.0054327972543852,1.8105982430932253,0.0699807346488038,0.5613628927117738,0.0398809857967382,0.0398809857967382,18
2009-08-17,-0.0428591419810964,1.7350450107745383,0.0514484707435423,0.4170220240594945,-0.1416587979095337,-0.1416587979095337,11
2009-08-18,0.0160513464676113,2.1102447087545912,0.0238938006188939,0.5483649994182177,-0.0970881667062008,-0.0970881667062008,17
2009-08-19,-0.0146393227047627,2.061390817215526,0.4080234052380547,0.5507333076208795,-0.0294796325883506,-0.0294796325883506,16
2009-08-20,0.0134163663238394,2.0167895688640534,-0.1038592894222926,0.7154425332048507,-0.0212096759946949,-0.0212096759946949,22
2009-08-21,0.0167778400550691,1.958096552971627,0.0497721300770839,0.510062762087509,0.0858557034510565,0.0858557034510565,15
2009-08-24,0.0248606298309585,1.9262789479050468,-0.2315153756009584,0.5719949024097736,-0.0287767314933465,-0.0287767314933465,11
2009-08-25,0.0035583839447752,1.9728817892863997,-0.2310979226604104,0.5051236114488645,-0.05422445814097,-0.05422445814097,15
2009-08-26,0.0046037638432009,1.880916832575376,-0.0588969227255267,0.6540050252427895,-0.0759582687014922,-0.0759582687014922,17
2009-08-27,0.0015690169087143,1.7955155232375286,-0.2033915675889987,0.5734330471996275,-0.1219717138793957,-0.1219717138793957,13
2009-08-28,0.0093731733726374,1.7109380183646814,-0.0946633954133306,0.6392339820890272,-0.1639130367978448,-0.1639130367978448,21
2009-08-31,-0.0149559171620281,1.6510544305287846,-0.0703674730445657,0.7965769818206674,-0.0462626125632815,-0.0462626125632815,7
2009-09-01,-0.0079139464617324,1.6430846092670957,-0.0280540811774485,0.583533986008834,-0.0111951152809714,-0.0111951152809714,17
2009-09-02,-0.0036821683286419,1.5877234813209589,0.1937174864246376,0.5734819242544107,0.0464810610866222,0.0464810610866222,14
2009-09-03,-0.0032167934640254,1.5195870505505007,0.0107622289044015,0.6299889439253871,-0.06478490804189,-0.06478490804189,17
2009-09-04,0.0187304524003246,1.4540585288578431,0.043395273014903,0.7448146941089082,0.0298906868243857,0.0298906868243857,15
2009-09-07,0.0216634811837727,1.4887633555041284,-0.2108269007029858,0.5436365366168903,0.0084071307291017,0.0084071307291017,11
2009-09-08,0.004662033523602,1.553021090314553,-0.0564030343666672,0.7128078150373091,-0.005025921925112,-0.005025921925112,14
2009-09-09,0.0018711996727566,1.4855209050551148,0.2766805290244519,0.5076936275590326,0.0416311292767977,0.0416311292767977,10
2009-09-10,0.0010691488452491,1.417289852834971,0.1679102621580425,0.5618177860275887,0.0716869920024283,0.0716869920024283,19
2009-09-11,0.0021038364579895,1.3522863339364837,0.0058491570608956,0.5804483155833129,0.0366420026347475,0.0366420026347475,14
2009-09-14,-0.0043472534120912,1.2913398662831337,0.0333514421557386,0.7101652321580215,0.1239784970996263,0.1239784970996263,12
2009-09-15,0.017215677346227,1.2424815898012946,-0.1007163548842072,0.6688524419853313,0.0702531736911763,0.0702531736911763,10
2009-09-16,0.0134614092409985,1.28594662333218,0.1241785497404635,0.6302716999338367,0.0939190522270899,0.0939190522270899,12
2009-09-17,0.0014409391002453,1.28604213086591,-0.1212888823356479,0.6715398459793818,-0.0656317996823538,-0.0656317996823538,16
2009-09-18,0.002112336910917,1.2281656126321965,-0.1120131569448858,0.5820057244776102,-0.0352976804537076,-0.0352976804537076,10
2009-09-22,0.0088334480853969,1.1739437926205527,0.0077161142447342,0.484572809489331,0.0037244027314915,0.0037244027314915,12
2009-09-23,-0.0100599934583498,1.1479915075418454,0.0467898739501833,0.7207029913161256,0.0354850089105054,0.0354850089105054,15
2009-09-24,0.0033344297203069,1.1445121807087568,-0.0327963284992923,0.6076978533271366,0.0959104030165408,0.0959104030165408,12
2009-09-25,-0.0055501845506857,1.096881154948901,0.1043829924525006,0.6560712959158035,0.0377955347464056,0.0377955347464056,19
2009-09-29,0.0096129301808027,1.0660560789698836,0.1827653719644461,0.6188934922598781,0.1908450642633568,0.1908450642633568,14
2009-09-30,0.0152815625756817,1.0542501082257507,0.0154801193275488,0.590151404343608,0.1730644896383664,0.1730644896383664,16
2009-10-01,-0.0001082470779508,1.099438425034063,-0.0497738746104433,0.6695333365585906,0.1316139928545577,0.1316139928545577,17
2009-10-05,-0.0159025630836427,1.0518345136323597,-0.0269933763581017,0.6684695245571567,-0.1620271080430512,-0.1620271080430512,12
2009-10-06,0.0048251856814014,1.124191697903124,0.2782614304373662,0.4622715343654515,-0.0964200470334893,-0.0964200470334893,15
2009-10-07,-0.0083190889891625,1.0818838838069722,-0.033671157900244,0.6553152503267736,-0.0551453876712668,-0.0551453876712668,12
2009-10-08,0.0033039677632711,1.070239486096407,-0.1059198635630309,0.6529387050641124,-0.0254164230016369,-0.0254164230016369,16
2009-10-09,-0.0114703625684617,1.0268184821942297,-0.0164039727533236,0.7061981258572072,0.0190546119725332,0.0190546119725332,16
2009-10-12,0.0218120248662955,1.0493459831752163,-0.0295470290196438,0.6635343921107201,-0.1230870271870639,-0.1230870271870639,12
2009-10-14,0.0125733793869216,1.1872890378250247,-0.0782168230041861,0.6943465863859671,-0.1213811258230663,-0.1213811258230663,10
2009-10-15,-0.0018285038194818,1.1889908878670543,-0.1694058348380384,0.7149125478053342,-0.0501933431806791,-0.0501933431806791,21
2009-10-16,0.0064969118757394,1.138809211820108,-0.0464551749328772,0.5274131237044108,-0.0718404736573851,-0.0718404736573851,15
2009-10-20,-0.005401356026671,1.102370986626254,-0.0573937954381108,0.6208418792698149,-0.1838555670653779,-0.1838555670653779,10
2009-10-21,-0.0099921928623383,1.0703790206917474,0.107501865231565,0.6798897062269814,-0.1530641590324894,-0.1530641590324894,7
2009-10-22,-0.0149223832140378,1.073777776169842,-0.1620006885092992,0.6240452176841796,-0.1669395775556727,-0.1669395775556727,13
2009-10-23,0.0016923703776181,1.130182628997031,-0.1656825162603386,0.5965303698654726,-0.0142653680828163,-0.0142653680828163,14
2009-10-26,-0.0052468086421692,1.080947459887703,0.3954169400036335,0.7659444393720067,-0.1247797183227134,-0.1247797183227134,5
2009-10-27,-0.0253027892971376,1.0496407227525475,-0.1259703086284191,0.588500073714162,-0.1175736423465374,-0.1175736423465374,23
2009-10-28,-0.0042490731646306,1.2738048044178822,-0.2792212599888444,0.756720858327433,-0.1402813910922385,-0.1402813910922385,4
2009-10-29,-0.0157886684226227,1.2256498206411397,0.0754834118370826,0.7358089697080941,0.015555880824322,0.015555880824322,13
2009-10-30,-0.0082115411609857,1.2720531646328894,-0.0209228049830666,0.6231283803764871,0.0089571956480772,0.0089571956480772,14
2009-11-03,-0.0318713187849914,1.2442613255182255,0.0435606118291616,0.5771728355806987,-0.3772617579562706,-0.3772617579562706,15
2009-11-04,0.0316802037671639,1.540930621945135,-0.3190064027028925,0.5682362527590438,-0.4368784775002358,-0.4368784775002358,17
2009-11-05,0.0115552109100547,1.7390562978226078,-0.0347903150771009,0.5692446595129023,-0.284366139672818,-0.284366139672818,19
2009-11-06,0.0064005779434539,1.688783208446109,0.0543496750638281,0.6652246246059288,-0.1461237546924561,-0.1461237546924561,19
2009-11-09,0.0210951088670664,1.6184974618515993,-0.2259537765586918,0.5461691068955775,-0.1896252912587293,-0.1896252912587293,11
2009-11-10,-0.0034150413788274,1.659805532928062,0.0885332944492499,0.6998800341585899,-0.1649605693534591,-0.1649605693534591,15
2009-11-11,0.0247340797135903,1.5870127299634058,-0.0280640395979086,0.5911516515035594,-0.1814433122858065,-0.1814433122858065,15
2009-11-12,-0.0103048724326203,1.6761957499217148,0.0024455438198691,0.5968138709813783,-0.1220762954093515,-0.1220762954093515,22
2009-11-13,0.0093051623043236,1.6318093784303378,0.1544302179313758,0.5928213107123594,-0.001721751991221,-0.001721751991221,17
2009-11-16,0.0117530654631769,1.5766723835496417,-0.3308765372882287,0.638287077717855,-0.0002285787095306,-0.0002285787095306,9
2009-11-17,0.0008300535823478,1.5392642001533692,-0.0606692204019054,0.5985500706479897,-0.0128515315538855,-0.0128515315538855,16
2009-11-18,-0.0014925063271494,1.4678137011865149,-0.0081175377811579,0.6246915021415603,-0.0453610826963923,-0.0453610826963923,17
2009-11-19,-0.0130830532911919,1.401729330752683,-0.3490650082866733,0.5740049064740782,-0.1193682906324981,-0.1193682906324981,13
2009-11-20,0.0126378239337154,1.40067667571039,0.0162926747649908,0.6344789067182875,-0.1464871257985948,-0.1464871257985948,25
2009-11-23,0.0100630249288788,1.38351950163984,0.1720478700784345,0.6184207683108333,0.0123006906314402,0.0123006906314402,12
2009-11-24,-0.0025504963744246,1.349661320180713,0.08817292741012,0.6153454901970263,0.0997482777707989,0.0997482777707989,21
2009-11-25,0.0034514429551866,1.2920204659810706,0.0112866074504221,0.6669022966980306,0.0987470643078851,0.0987470643078851,17
2009-11-26,-0.0202900265018481,1.2363237920768482,0.0935468525625765,0.6162191381798824,0.0200145915193426,0.0200145915193426,10
2009-11-27,-0.0128277383405068,1.3396997872047185,0.1015921120221416,0.5113915529534229,0.093329273904739,0.093329273904739,15
2009-11-30,0.0182371387500043,1.3423483402086271,-0.0587306137689772,0.6150128898833451,0.1297651751737531,0.1297651751737531,17
2009-12-01,0.0175883295474273,1.3850259271332108,0.0035627647968275,0.5869235187742794,0.1117683576206033,0.1117683576206033,14
2009-12-02,0.0002440155205978,1.4153944653977375,0.0528425311048825,0.6642848675990739,0.1020184414371515,0.1020184414371515,15
2009-12-03,0.0016480230647846,1.3505411729735677,-0.1137001685994236,0.6705415976757065,0.0375387004633934,0.0375387004633934,19
2009-12-04,-0.0044529286225578,1.289327573087884,-0.2152296347543597,0.5746233676131421,-0.06625102424421,-0.06625102424421,15
2009-12-07,-0.0082943410820445,1.2409880409169665,0.0378508908166126,0.5202261148039898,0.1665838171669928,0.1665838171669928,11
2009-12-08,0.015908858458746,1.2161356500091371,0.3012722040127431,0.7129247013225353,0.2495782916894261,0.2495782916894261,14
2009-12-09,-0.0070078980416261,1.2480976095785046,0.1704878160380758,0.571724429852372,0.3267217818479132,0.3267217818479132,16
2009-12-10,0.0044209452748311,1.2146768229833618,-0.104924514180138,0.6003598413381181,0.2036878238854934,0.2036878238854934,21
2009-12-11,-0.0033847443103669,1.1657127789060755,-0.027759004722942,0.5609315803787831,0.0753854783928704,0.0753854783928704,11
2009-12-14,-0.0022693170992805,1.1210672136851891,-0.0643760480784944,0.5743439316047304,-0.0323658118932406,-0.0323658118932406,14
2009-12-15,-0.0143314775687899,1.0757889885723146,0.0658270781859755,0.6181973314433576,0.001784506579982,0.001784506579982,24
2009-12-16,0.0017865833079278,1.1246291669419848,-0.1344291537123567,0.5560614408725151,-0.0195495232179008,-0.0195495232179008,17
2009-12-17,-5.94626417412698e-05,1.07577910485057,-0.0099931922076003,0.6870584417648655,-0.0892713328861012,-0.0892713328861012,14
2009-12-18,-0.0107783232163692,1.029454082389254,0.1755467847158963,0.5030046467568023,0.0065150937806841,0.0065150937806841,11
2009-12-21,-0.0070622098942378,1.0445895685212023,0.0505451439879834,0.5761211785473577,0.1216956618222614,0.1216956618222614,10
2009-12-22,0.0066912090724391,1.0269214482926,-0.0456561212811399,0.6471056782690828,0.1145630760075535,0.1145630760075535,17
2009-12-23,0.031343719862452,0.9991491914181488,-0.1414266154170036,0.7217886471530837,0.0511683959809735,0.0511683959809735,14
2009-12-24,0.0065484695286819,1.3273992549291576,0.0678901850349373,0.7524706203642568,0.0869951887559024,0.0869951887559024,9
2009-12-29,0.0018425570390217,1.279086089861072,0.2945594569402082,0.4799133891265046,-0.0512126489468643,-0.0512126489468643,7
2009-12-30,-0.003572328765193,1.2218495054090104,0.0010080121171015,0.6049210019799924,-0.0638231449777893,-0.0638231449777893,13
2009-12-31,0.0060941530634611,1.1744549895495813,-0.264734267629683,0.6820343943664483,-0.019176881370943,-0.019176881370943,10
2010-01-04,0.0059713863248584,1.1338852382072704,-0.0826878526381083,0.758288662177394,-0.3071571687145608,-0.3071571687145608,7
2010-01-05,0.0086963957751834,1.0953968436267472,0.1585365124046802,0.5835594408131782,-0.2225030127076882,-0.2225030127076882,8
2010-01-06,0.0007386389062683,1.074624388294436,-0.0444806224799581,0.7013354477956315,-0.2168727234338542,-0.2168727234338542,14
2010-01-07,-0.0035466864183382,1.028077673365902,0.0064106514169411,0.6097770929216699,-0.1373948815992319,-0.1373948815992319,22
2010-01-08,-0.0034926490460929,0.9925561871664358,0.120198117243126,0.6526530776033027,0.0315953611893362,0.0315953611893362,20
2010-01-11,0.0008861894848711,0.959108334484589,-0.3091015350073576,0.5957464646341649,-0.0047576177501203,-0.0047576177501203,12
2010-01-12,-0.0074571562473284,0.9190550098719024,0.1232887901365757,0.6464552625335662,0.0186180099938065,0.0186180099938065,20
2010-01-13,0.0045096789481005,0.9151644297501828,0.1214410932734608,0.7548625486902214,0.0188666051998735,0.0188666051998735,16
2010-01-14,0.004945708140283,0.8848823499524426,-0.1302752383053302,0.6545999924589807,0.0278694162890315,0.0278694162890315,18
2010-01-15,-0.0014649229624307,0.8584271172060034,-0.4607185024651699,0.6075169596615085,-0.1310730784735641,-0.1310730784735641,16
2010-01-18,0.0043031878189766,0.8268639062754637,0.0780684396624565,0.6818839936749927,-0.1116198716165186,-0.1116198716165186,10
2010-01-19,-0.0093710881128138,0.8016516131632028,-0.0238598193973302,0.6018152608527527,-0.0903367878349186,-0.0903367878349186,13
2010-01-20,-0.0007561165620956,0.8286599649725294,-0.0262113395664427,0.531446603971208,-0.0034353552551732,-0.0034353552551732,18
2010-01-21,-0.0247302534165188,0.7974587982217245,-0.066975527934523,0.7367058591010028,-0.0555094561756898,-0.0555094561756898,18
2010-01-22,-0.0114806871788919,1.0839591015069625,-0.174261514973991,0.6498152765320079,-0.042647952441966,-0.042647952441966,17
2010-01-25,-0.0055954701352252,1.1001583324966702,0.1018113305326551,0.2997134097058237,-0.1177247836041488,-0.1177247836041488,4
2010-01-27,-0.0313989499028072,1.0693454387981849,-0.3656797748214255,0.5313804091099773,-0.2593738101112345,-0.2593738101112345,12
2010-01-28,0.0029113997328143,1.4075155713548593,-0.1454148951273124,0.5726629687984159,-0.1767122870740981,-0.1767122870740981,13
2010-01-29,0.003036077739411,1.344570343991765,-0.2454033224355606,0.5271395280790364,-0.247697812494832,-0.247697812494832,21
2010-02-01,0.0036088449983292,1.2852343779913749,0.0173534359782934,0.7095054810004328,-0.0743565231138528,-0.0743565231138528,10
2010-02-02,-0.0143068270124513,1.2302373521676864,-0.0922353842761367,0.6206441091177111,-0.0637206209436176,-0.0637206209436176,14
2010-02-03,0.0208469994132577,1.259354387039926,-0.0969137701738093,0.578577325379526,-0.0340227104912673,-0.0340227104912673,14
2010-02-04,-0.0176946887051239,1.3460602866003415,0.2795582345615213,0.6454127026760192,-0.0239731207424466,-0.0239731207424466,13
2010-02-05,-0.0264967812684455,1.3993690158486936,0.1024465542286634,0.5633069125681487,0.0420418140637065,0.0420418140637065,12
2010-02-08,0.0088089567699925,1.566557316331684,-0.2770691575482488,0.5820024351692811,0.2430002453598457,0.2430002453598457,10
2010-02-09,0.0067517961642943,1.5132223894051862,-0.0299083240679465,0.6945637928440513,0.1811069336339522,0.1811069336339522,16
2010-02-10,-0.007424173049006,1.4543861395016873,-0.059212390333414,0.6628831138700733,0.1487751447215367,0.1487751447215367,22
2010-02-11,0.0145348002982618,1.408980099246387,0.2512393231288745,0.6573232841778394,0.1527788713647841,0.1527788713647841,13
2010-02-15,-0.0051719751351667,1.4068597856069986,0.8587208017706871,0.0679272011979013,0.3988270055017291,0.3988270055017291,2
2010-02-16,0.0111414436398691,1.3541214194931352,-0.0364054483719743,0.5543645454459151,0.3412980512015594,0.3412980512015594,13
2010-02-17,0.0119247043688822,1.32969047830132,0.289534879848361,0.6124513290323181,0.340872473839957,0.340872473839957,16
2010-02-18,-0.0053561992005249,1.3130509264593548,-0.1378528839693619,0.7022990836610745,0.2345939722628548,0.2345939722628548,13
2010-02-19,-0.0088054897601234,1.2669149473011487,0.1839555808239513,0.7311247165326584,0.2315905860203327,0.2315905860203327,9
2010-02-22,0.0023708174405699,1.2435186585772953,-0.1941200118511915,0.7426436493941629,-0.0113108192091023,-0.0113108192091023,10
2010-02-23,0.0028067612985113,1.1887536135534331,0.1692121747182682,0.4881466467763478,0.0501021925284236,0.0501021925284236,16
2010-02-24,-0.0023538132079058,1.1376355279162822,0.1169678931021028,0.6074241152538032,0.0367046549840539,0.0367046549840539,18
2010-02-25,0.0002366455905705,1.0916077222918503,-0.3015190625097602,0.599866133498813,-0.0681099062293973,-0.0681099062293973,20
2010-02-26,0.0127888650052328,1.0442342739557433,0.0098533487568298,0.7097029574726939,-0.03992113155675,-0.03992113155675,6
2010-03-02,0.0190562842367978,1.0629534494529362,0.2112054821724693,0.6479777197918415,0.2686829343127708,0.2686829343127708,12
2010-03-03,0.0140723536236842,1.1565109700389775,0.0776568033033981,0.6407717775056777,0.2822436252220845,0.2822436252220845,16
2010-03-04,-0.0015440261478846,1.175840481359121,0.1188805033452808,0.7127584185085893,0.2879142198013142,0.2879142198013142,12
2010-03-05,0.0016619605947973,1.1258470963607894,-0.2267269321124662,0.6232419934535498,0.1566887510298385,0.1566887510298385,11
2010-03-08,0.006912950461775,1.0768274432863203,0.1976332936435937,0.7191739613536375,0.0355492070746242,0.0355492070746242,5
2010-03-09,-0.004400769901265,1.04671087060049,0.073013837723171,0.6257760869797205,0.0263758739502022,0.0263758739502022,17
2010-03-10,0.0028871346912529,1.013605072396871,0.0844756649186213,0.6930761380225708,0.0886163933564197,0.0886163933564197,15
2010-03-11,0.0033464398319566,0.972592760618286,-0.0212513914124833,0.7408335518741349,0.0701598450385668,0.0701598450385668,9
2010-03-12,0.0007010628286984,0.9350363884373578,-0.1499619001988321,0.5991920116960863,0.0367819009348142,0.0367819009348142,16
2010-03-15,-0.0015780592864252,0.8963497207168764,-0.1370887636827925,0.6379079902096627,-0.1133905318617405,-0.1133905318617405,12
2010-03-16,0.0134020007909805,0.8627303668933632,0.2924875117054111,0.5294343012593191,-0.0506427512381616,-0.0506427512381616,19
2010-03-17,0.0064812891671634,0.9114719161539716,-0.1384677776534642,0.7290121345298559,-0.0483439267290881,-0.0483439267290881,14
2010-03-18,0.002672318347834,0.8909838678783705,0.0541119192623429,0.6306168829341189,-0.0710563707050268,-0.0710563707050268,18
2010-03-19,0.0032163668929633,0.8567965266709084,0.0670979291317053,0.7067802466197505,0.0276281637526406,0.0276281637526406,16
2010-03-22,-0.0110050039546087,0.8259938581310289,-0.1488850330933928,0.6239156089043897,0.0509579183815772,0.0509579183815772,12
2010-03-23,0.0038540116492909,0.8687880335503638,-0.0588899095439248,0.5140666771078515,0.0283575526203236,0.0283575526203236,9
2010-03-25,0.0066948758289282,0.8391544022807018,0.1058269577204353,0.658118346911846,0.047644056039345,0.047644056039345,18
2010-03-26,0.004097762953683,0.8256527166729752,0.303098500551035,0.6885321835019366,0.0699576574853725,0.0699576574853725,15
2010-03-29,0.0039396164198846,0.7997209875873513,0.0311252856627106,0.6570454303670109,0.1087104881174353,0.1087104881174353,6
2010-03-30,-0.0076476954047443,0.774938221129187,-0.0183266051686727,0.6915764484230381,0.0838797755396137,0.0838797755396137,13
2010-03-31,-0.0025400829491546,0.7872542222431982,0.1650593530605821,0.6388204416005117,0.0562719460415231,0.0562719460415231,17
2010-04-01,0.0078561074211529,0.7636783104942099,-0.2757098075235262,0.5743478239899024,-0.0064995343045037,-0.0064995343045037,16
2010-04-05,0.0146171349884928,0.7655649720634988,0.0880099377439667,0.5051647199896865,-0.1258925459811108,-0.1258925459811108,12
2010-04-06,-0.0004471423471397,0.8467298316829936,-0.029503599357079,0.5980428279189599,-0.0766513043478213,-0.0766513043478213,17
2010-04-07,0.0016106854412794,0.8139685761283685,-0.0885229422710836,0.5006291144277442,-0.1056547135323368,-0.1056547135323368,10
2010-04-08,-0.0131473097105394,0.7827924309840715,-0.1927561456043469,0.5381450627985381,-0.0799868510334421,-0.0799868510334421,19
2010-04-09,0.0107442865987615,0.86119997459622,-0.1137366755865514,0.6055101171054119,-0.0673018850150187,-0.0673018850150187,16
2010-04-12,-0.0041209061368251,0.8797501805703383,0.0010585052271684,0.6648947292464256,-0.0372917324680376,-0.0372917324680376,18
2010-04-13,-0.0031418105563994,0.8568547245161013,0.3727532074285241,0.4069030379251888,0.0758101381385365,0.0758101381385365,13
2010-04-15,-0.0093144378288005,0.8309735853692414,-0.04154016636312,0.6613076922421188,0.160036667687102,0.160036667687102,8
2010-04-16,-0.0020880400510003,0.8537588358365733,-0.0747903950201968,0.6432413683250361,0.1432203483481247,0.1432203483481247,18
2010-04-19,-0.0112649360952642,0.8242114740546627,0.2213907901508112,0.5399888332147128,-0.1003074386112745,-0.1003074386112745,12
2010-04-20,0.0050701333602508,0.870471159246339,-0.0632543575096254,0.7095713944232942,-0.1046502768405756,-0.1046502768405756,24
2010-04-21,0.0028257402454029,0.8455742854084881,-0.2270498050908957,0.7136412691725623,-0.1351021588547154,-0.1351021588547154,14
2010-04-22,0.0046508765504513,0.8144908112779391,-0.1061170919177432,0.7200419934368215,-0.0839605400460727,-0.0839605400460727,12
2010-04-23,0.0065730909918724,0.7916048430550332,-0.0864174167879603,0.7118957981509196,-0.0522895762310826,-0.0522895762310826,22
2010-04-26,0.0034536355429986,0.7812383038296952,-0.262825216033629,0.7379286838790319,-0.2628905051886567,-0.2628905051886567,7
2010-04-27,-0.0026526894562823,0.7559968786381707,-0.3278052286348409,0.6315939698766423,-0.3072281325320762,-0.3072281325320762,9
2010-04-28,-0.0176556591711249,0.7350469763044191,0.0251918219857745,0.6455014861543602,-0.2849062847773292,-0.2849062847773292,18
2010-04-29,0.0073928102175396,0.8987968180691938,-0.1627824562601745,0.6922348124657066,-0.2191191856152126,-0.2191191856152126,16
2010-04-30,0.0045290161353799,0.8850541744977425,-0.0858480903105093,0.8859898028791142,-0.1628138338506757,-0.1628138338506757,13
2010-05-03,-0.0105231549841106,0.856834291153521,0.2692884546187188,0.7505231087594806,-0.0982055706617914,-0.0982055706617914,9
2010-05-04,-0.0143186729823531,0.8897538307502888,-0.0276374800929001,0.7756667814110934,-0.0711765754283365,-0.0711765754283365,14
2010-05-05,-0.0045944165309339,0.96643895068609,0.1849784564951228,0.5969318342153122,-0.0170112660672101,-0.0170112660672101,18
2010-05-06,-0.0066661636744762,0.9397865264229116,0.0611093839268303,0.6366724245177717,0.0856526931903015,0.0856526931903015,18
2010-05-07,-0.0144034568075265,0.9279980941526604,0.0461077165479461,0.6602990997874743,0.1067693062991436,0.1067693062991436,21
2010-05-10,0.0343857440395936,0.9995713298783736,-0.2023551983293146,0.6592952563694011,-0.1565910198580886,-0.1565910198580886,8
2010-05-11,-0.0111233645861763,1.3926377467396889,-0.0742136338459593,0.6527853248617267,-0.1836556234126466,-0.1836556234126466,7
2010-05-12,0.0039833723565122,1.3760073855238353,-0.1289961807695882,0.6194085495048123,-0.2186764028761535,-0.2186764028761535,14
2010-05-13,0.0043055347402521,1.3167568681696964,-0.0115785596093961,0.6784494329046454,-0.1327693028308982,-0.1327693028308982,14
2010-05-14,-0.0166274426039294,1.2616056906717492,0.0223746629697935,0.6521386651348983,-0.0789537819168928,-0.0789537819168928,7
2010-05-17,-0.006618516089783,1.3132610966072165,-0.7154639158397913,0.2327311385051052,-0.1719988307826929,-0.1719988307826929,2
2010-05-18,0.0012443672728817,1.2731636423003605,0.0866558623810609,0.6298863185894088,-0.1523519463846015,-0.1523519463846015,15
2010-05-19,-0.0293536983189342,1.2158927248223383,0.0332345739006996,0.7173409159328429,-0.1501799641984203,-0.1501799641984203,14
2010-05-20,0.0056652603446742,1.4726237027627267,-0.1450669666131337,0.5362861329126023,-0.2002063747992117,-0.2002063747992117,12
2010-05-21,-0.0033304234883113,1.4124315860349923,-0.1289939887356013,0.6594099106646446,-0.173926886981353,-0.173926886981353,8
2010-05-24,0.0025924395724847,1.3532163424068628,-0.0848628042731434,0.7001816736755259,0.0489499403803487,0.0489499403803487,4
2010-05-25,-0.0281434662706871,1.292767246792223,-0.5764372343197465,0.4176545799496106,-0.0373241131609737,-0.0373241131609737,5
2010-05-26,0.0227587356083224,1.509417511724604,-0.0798649530236919,0.6857545875232721,-0.0274983060185919,-0.0274983060185919,12
2010-05-27,0.0172778241540229,1.584407809141173,-0.0571194230268398,0.6581015676586052,-0.0990985157392504,-0.0990985157392504,15
2010-05-28,0.0126023342211595,1.590280854922484,-0.0447747772559523,0.6400758218988583,-0.1686118383798747,-0.1686118383798747,12
2010-05-31,0.003890538257075,1.5575095394698637,0.0511662427868161,0.5954143110764747,-0.0327608592701808,-0.0327608592701808,7
2010-06-01,-0.0230904922666169,1.488107854351186,0.1909130444484097,0.7458659454016993,0.016845634224869,0.016845634224869,7
2010-06-02,0.0099399521888653,1.5900691588654945,-0.005657901832213,0.5332829334083441,0.0246690093096169,0.0246690093096169,12
2010-06-03,0.0178971745538566,1.540959713839972,-0.0347336978436662,0.5471101296071146,0.0688731822219333,0.0688731822219333,13
2010-06-04,0.0048799628367281,1.5572874947403814,0.4545671038616162,0.3370868636102356,0.1312509582841926,0.1312509582841926,13
2010-06-07,-0.0199623129105978,1.4900838378820995,-0.0861196628668242,0.6245392291273472,0.1275092842550869,0.1275092842550869,9
2010-06-08,-0.0093602986328567,1.551655550092928,0.1583327477907433,0.6509140979099143,0.1661225733819688,0.1661225733819688,17
2010-06-09,0.0026432734937479,1.5104487085408205,-0.2230856419644422,0.5741344908807656,0.0305920242167571,0.0305920242167571,18
2010-06-10,0.0155377807121102,1.441633848784405,-0.2982537555197874,0.6142966157890455,-0.1297194218365291,-0.1297194218365291,15
2010-06-11,0.0079918446569689,1.4454374686824134,-0.2097089224391513,0.6856717548371901,-0.1317670469998922,-0.1317670469998922,9
2010-06-14,0.015188760681795,1.3960162134287966,-0.0279080082795449,0.5286676094516942,-0.159993954015866,-0.159993954015866,7
2010-06-15,0.0047312532343929,1.401101796078476,0.2215986144728958,0.6511200419479585,-0.0560234800173293,-0.0560234800173293,16
2010-06-16,0.0021041161955454,1.3422773449807226,-0.0551356006827619,0.6751573461783614,-0.0251088156660515,-0.0251088156660515,18
2010-06-17,0.0078986343975933,1.2818687048880784,0.0444782429303114,0.7470008453695339,-0.0234007030662935,-0.0234007030662935,13
2010-06-18,-0.0023250416925128,1.2427859959876078,0.4473547317708532,0.4638845139687371,0.1260775960423508,0.1260775960423508,12
2010-06-21,0.0170879369366441,1.190646310433283,0.1818368460305712,0.6509356344293061,0.3167301180871044,0.3167301180871044,11
2010-06-22,-0.0068885966849402,1.2393127159837327,-0.0104471110842294,0.6299679650702283,0.3057450472841962,0.3057450472841962,9
2010-06-23,0.0012406550343662,1.205832817711779,0.0261605299181408,0.7582280044117814,0.2215062069136537,0.2215062069136537,9
2010-06-24,-0.0004791177425768,1.1521965814553632,0.3075655972851174,0.6522879890357888,0.1768155160960762,0.1768155160960762,14
2010-06-25,-0.0097360537224636,1.1019996363845064,0.0356075073359534,0.7028188137240184,0.1081446738971108,0.1081446738971108,16
2010-06-28,0.0121576395024626,1.1000721102277746,0.5049130149185658,0.5079579855412759,0.0683630349348847,0.0683630349348847,5
2010-06-29,-0.014608882074956,1.1066545260602971,0.1409082760801538,0.5853021546413022,0.035031570693892,0.035031570693892,16
2010-06-30,0.0106637332420907,1.1546853643470143,0.2939550053173055,0.5478374728107641,0.0867010702901624,0.0867010702901624,24
2010-07-01,-0.0115678451258036,1.1433079966235664,0.1569647122174501,0.6869741996605933,0.2257470468395494,0.2257470468395494,15
2010-07-02,-0.0027267604610162,1.1540084314455703,-0.1682629024726338,0.5537305086659171,0.1856956212121683,0.1856956212121683,16
2010-07-05,-0.0002291979982343,1.1080303192150185,0.3259815454483032,0.6361155981017552,0.1079400174751775,0.1079400174751775,5
2010-07-06,0.0100998780288753,1.0600450640461387,-0.226083258089299,0.6446600911510483,0.0313304234138277,0.0313304234138277,12
2010-07-07,-0.0091071900953951,1.0525759435060302,-0.001292178980433,0.6998230176848843,0.0647245681122678,0.0647245681122678,13
2010-07-08,0.0105809040833325,1.0499355514729138,0.1953854056244546,0.6950887734754194,0.1058581446271633,0.1058581446271633,11
2010-07-09,0.0104421138168353,1.0473706267769125,0.06543292067945,0.7650456612642638,0.0718848869364952,0.0718848869364952,10
2010-07-12,0.0056914030796913,1.0438741156286235,0.1622438331727277,0.6177528977012742,0.1488674839552154,0.1488674839552154,11
2010-07-13,0.0032734590355328,1.0100392995249403,-0.0007069390267133,0.5239596993762156,0.1096490150249818,0.1096490150249818,12
2010-07-14,-0.0026884727623095,0.9700752552518216,-0.079103116877377,0.5937851838049648,0.0807418075136164,0.0807418075136164,11
2010-07-15,-0.001374820681371,0.9351128652694274,0.1330440181952256,0.6026379194850826,0.1520257504904396,0.1520257504904396,13
2010-07-16,0.0028126621525335,0.8986886084560785,0.0145583116183323,0.654283911931938,0.0460072214164391,0.0460072214164391,14
2010-07-19,-0.0013820902196343,0.864330644483167,-0.1656351247802376,0.50161679489264,-0.0557522024324797,-0.0557522024324797,9
2010-07-20,-0.0034311774341907,0.8322075797060391,0.0013218718496235,0.7548860746152678,-0.0820966317016001,-0.0820966317016001,11
2010-07-21,0.0058231943720508,0.8093252689391789,-0.0256409838795661,0.6765935563544959,-0.0901364908011798,-0.0901364908011798,10
2010-07-22,0.0078588943689787,0.7928286922334079,-0.3184414621708648,0.7058752956318651,-0.1325087097729858,-0.1325087097729858,14
2010-07-23,0.0013129869348835,0.791913985025193,-0.4335461209782145,0.7007794123000394,-0.1883883639918518,-0.1883883639918518,11
2010-07-26,-0.0056129778202094,0.761822598661916,-0.4449534248560667,0.5913007362358518,-0.3521777756388525,-0.3521777756388525,18
2010-07-27,0.0022121455365479,0.7578977509185899,-0.3988199246426423,0.7369426277672695,-0.368253468133208,-0.368253468133208,15
2010-07-28,-0.006104532335174,0.7310160077529356,-0.12366224018236,0.7484222965381948,-0.3062766919740371,-0.3062766919740371,6
2010-07-29,0.0021006162315222,0.7339767479327176,-0.5008559177883647,0.5413197168754046,-0.3221578447468051,-0.3221578447468051,11
2010-07-30,-0.0076648275196621,0.7084141544329063,-0.1753442018794325,0.7003734255271744,-0.3287271418697732,-0.3287271418697732,26
2010-08-02,0.0118620377733786,0.7285988245018027,0.1650627311319112,0.8185094163583342,-0.2325578125867783,-0.2325578125867783,4
2010-08-03,0.0014533637403788,0.7776859900022344,0.0858151936637503,0.6010105750830161,-0.1152235902963553,-0.1152235902963553,14
2010-08-04,0.005189203059859,0.74856801777212,-0.116389908006086,0.6854368588910315,-0.103432731521686,-0.103432731521686,17
2010-08-05,-0.003802129121223,0.7332019412261178,0.0112538633402436,0.614842764632881,-0.0386694742452759,-0.0386694742452759,8
2010-08-06,-0.0014421911745366,0.7196383722293468,-0.4186016117271624,0.5956352706669411,-0.0545719463194685,-0.0545719463194685,19
2010-08-09,0.0085855329508556,0.6969166546604224,0.0931036418769508,0.6947401047862104,-0.1441353393759447,-0.1441353393759447,8
2010-08-10,-0.0046496942326528,0.7126216889825623,-0.0519797420129179,0.6735997111111062,-0.156782060446577,-0.156782060446577,11
2010-08-11,-0.0073704939869633,0.7061250250107712,0.0283013234535853,0.7102996028244607,-0.0674014734104274,-0.0674014734104274,15
2010-08-12,-0.0007658730806648,0.7235543812896704,-0.0524698636279656,0.6544459786573804,-0.0082978146449208,-0.0082978146449208,13
2010-08-13,0.0065602181038856,0.6989534919642025,0.1191620325998348,0.6781211443685683,0.0272234784578975,0.0272234784578975,17
2010-08-16,-0.0062187964018681,0.6967053886789035,0.0151518122293055,0.6121897815037077,0.0021743179593927,0.0021743179593927,8
2010-08-17,-0.0007661983501435,0.7041889605627917,-0.1152982267667539,0.7351995277717027,-0.0103913546683649,-0.0103913546683649,16
2010-08-18,0.0119340828982805,0.6808460369540574,0.0598646271197746,0.6895949243514237,-0.0222508357643769,-0.0222508357643769,18
2010-08-19,0.0110806748273832,0.7385300537458288,-0.0137624395235131,0.6735955693937689,0.0511404450711174,0.0511404450711174,12
2010-08-20,-0.0017253047875308,0.7764074322271206,0.3487840928853704,0.5251812090744887,0.0589479731888367,0.0589479731888367,13
2010-08-23,0.0023207385735129,0.7507558876423343,-0.2446891916915774,0.4476147250265404,0.0092807528861345,0.0092807528861345,8
2010-08-24,-0.0069511171771116,0.7245316162588966,0.1984382876350233,0.5946813511105095,0.0517208983178418,0.0517208983178418,24
2010-08-25,-0.0077958350846487,0.7357516102020506,0.0748658987161304,0.6264313727869956,-0.0030627405160061,-0.0030627405160061,21
2010-08-26,0.0028426800409087,0.7540169599212933,0.0969517033857603,0.5843406350013721,-0.0483805962292742,-0.0483805962292742,24
2010-08-27,-0.0127129936644879,0.7287745041389473,0.2435137302659097,0.6292230018873173,0.0738160856622493,0.0738160856622493,21
2010-08-30,0.0012472112140708,0.8106394895936427,0.1729402194420496,0.4831385614931551,0.1018086149386825,0.1018086149386825,3
2010-08-31,-0.0024127343569622,0.779376851774718,0.0448411398101598,0.7203946119498323,0.0913865022235624,0.0913865022235624,12
2010-09-01,0.0127735043088119,0.7558505251972202,0.2207943274277365,0.6752234411496708,0.0868426216559278,0.0868426216559278,18
2010-09-02,0.0026099311561804,0.8126652568681464,-0.0545806535741403,0.6433621943545565,0.051249737898627,0.051249737898627,21
2010-09-03,-0.0012311285750001,0.7831421885572636,0.0613857685898741,0.5109837558033277,0.089076160339136,0.089076160339136,15
2010-09-06,0.0176464789029981,0.7557361849630021,0.0984288452193141,0.5546378805153519,0.0742519519744175,0.0742519519744175,10
2010-09-07,0.0048385614797321,0.8875372646665106,-0.3310845640177528,0.5184094238086936,0.018951169885695,0.018951169885695,21
2010-09-08,0.0006867908104461,0.8604337755124835,0.0314321223413571,0.6514942593919715,0.0129604406359916,0.0129604406359916,16
2010-09-09,0.0057254768041222,0.8260750452575607,-0.2927377972751855,0.6322862543596809,-0.0105802619007104,-0.0105802619007104,15
2010-09-13,0.0210445786184708,0.8077393806345499,-0.1517400441691279,0.7523148409393204,0.0506503586412645,0.0506503586412645,10
2010-09-14,0.0061528732845358,0.9876680371734612,0.1489668557686465,0.7349485803640706,0.1389912892500309,0.1389912892500309,7
2010-09-15,0.011221391822531,0.9598500703013462,0.0240742094814777,0.5304071850929576,0.116172825836,0.116172825836,10
2010-09-16,-0.0055177153710691,0.9721800512271396,-0.2434676562746366,0.6508865863341089,0.0064222448310327,0.0064222448310327,12
2010-09-17,0.0096042532441008,0.9502347132603196,-0.4842768758535385,0.2724452826467265,-0.1412887022094356,-0.1412887022094356,3
2010-09-20,0.0160975709380551,0.9488254043964516,-0.3441805815590279,0.641793432039111,-0.1502292724814087,-0.1502292724814087,7
2010-09-21,0.0047707850402158,1.019795718150361,0.1569813412747212,0.7113045560339787,-0.0701394729715371,-0.0701394729715371,14
2010-09-22,-0.0030082905643817,0.9837736397735148,-0.2328705243193186,0.6594532314047449,-0.0198582026646932,-0.0198582026646932,13
2010-09-23,-0.0052634010037847,0.9490532127016472,0.0322909110950099,0.6975355702555461,0.0439600385772122,0.0439600385772122,9
2010-09-24,0.00980985286291,0.9273463086945958,0.1570839017319182,0.674175623006208,-0.0461389903553393,-0.0461389903553393,12
2010-09-27,0.0028787426627548,0.9299278737442764,0.6107419207692146,0.4108127716229987,0.1394478228874505,0.1394478228874505,3
2010-09-28,-0.0010194490621581,0.8938346076066448,0.3061357197853235,0.6472663928808702,0.1942167846255132,0.1942167846255132,13
2010-09-29,-0.0063557042001228,0.8591671535624953,-0.1978509901091456,0.6866129343609768,0.1232298062573004,0.1232298062573004,14
2010-09-30,0.006430366859766,0.852082860640691,-0.0491749332041332,0.7161624850521957,0.1466701630941998,0.1466701630941998,19
2010-10-01,0.0186395677094109,0.8358704834675021,-0.1230914321812716,0.6941388174805916,0.1093520570119976,0.1093520570119976,22
2010-10-04,0.0026092006237768,0.9665511025048632,0.3166990646471579,0.4276240023198855,0.0488082475495634,0.0488082475495634,9
2010-10-05,-0.0022186296457684,0.9277563002845683,0.1827633358188904,0.7165610520268653,0.0951959013541681,0.0951959013541681,16
2010-10-06,0.0065925581873924,0.8939455766091338,0.0859783212343851,0.6697005519920624,0.1370098520372995,0.1370098520372995,15
2010-10-07,-0.0107503650775526,0.8754558392929492,-0.2764193646144122,0.6314151031634484,0.1471620096662082,0.1471620096662082,16
2010-10-08,-0.0027568659448782,0.9085648350097302,0.0598526190204376,0.6299717101869181,0.0737747952212919,0.0737747952212919,22
2010-10-11,0.0052944167152087,0.8777472971121392,-0.2923055208391613,0.7635838570749829,-0.0190314892448973,-0.0190314892448973,9
2010-10-12,-0.0073527957677148,0.8533989630983916,-0.1741937204367584,0.657383176738931,0.0014136395906334,0.0014136395906334,18
2010-10-13,0.0232062864649766,0.8548828987101859,-0.081892615246276,0.6463471040122793,-0.0269354072627093,-0.0269354072627093,15
2010-10-14,-0.0091127317587619,1.0629648553291755,0.1318227209150791,0.737584578237573,-0.0417759184084003,-0.0417759184084003,10
2010-10-15,-0.0187424106095344,1.0593981993094543,-0.0034051075139466,0.6991260950409118,-0.0839948486242125,-0.0839948486242125,17
2010-10-18,0.0021914056290457,1.1709126980946012,-0.3607945912517607,0.6406206241867616,0.0382669030693573,0.0382669030693573,8
2010-10-19,-0.0080392708813106,1.1199202915415891,-0.0115846494611884,0.6820509654532826,0.0095854289941038,0.0095854289941038,14
2010-10-20,-0.0075274236555505,1.1029855623558908,-0.0638647645246237,0.6626866319281746,-0.0025065024080315,-0.0025065024080315,16
2010-10-21,0.0197629493798636,1.0838186636548537,-0.4700349692255258,0.6513493310804735,-0.0817973822528229,-0.0817973822528229,15
2010-10-22,-0.0058270228909508,1.183995644348392,-0.3616438847721407,0.5527731003103833,-0.2535845718470478,-0.2535845718470478,19
2010-10-25,0.0065314874218655,1.1485883592463697,-0.2443337892182171,0.5971354227919541,-0.2568625595211925,-0.2568625595211925,8
2010-10-26,-0.0039055178654989,1.1116638428071084,-0.0343984536205728,0.7342020815331473,-0.1697352564002019,-0.1697352564002019,15
2010-10-27,-0.0114680223513407,1.0722383748299866,0.2426300607621669,0.5138351777197473,-0.0488804672933404,-0.0488804672933404,19
2010-10-28,-0.0041581691829563,1.089601125422683,0.0953812420678635,0.6203928342715189,0.0553795232969736,0.0553795232969736,12
2010-10-29,0.0049977612520853,1.0526114605469377,-0.1126856337650679,0.7465280083686733,-0.0106813147547653,-0.0106813147547653,16
2010-11-01,0.0164564986751347,1.0153646972557406,-0.206574974315507,0.641320283441031,-0.0229393528258826,-0.0229393528258826,7
2010-11-02,0.0002370268323075,1.0808192145181312,0.0048955377467252,0.6260491875319626,-0.0410364936901102,-0.0410364936901102,27
2010-11-03,0.0067592586021823,1.0340431508363988,-0.3954532792558893,0.4531390169590358,-0.0975900227882745,-0.0975900227882745,8
2010-11-04,0.0194985894406679,1.0061304807973293,-0.1981055361351796,0.6335539662571299,-0.1044166878810663,-0.1044166878810663,14
2010-11-08,-0.0013699101106928,1.1162855258128557,-0.0763253085315227,0.7127695954481369,-0.1217244274806652,-0.1217244274806652,14
2010-11-09,0.0045089814757519,1.0693359830179152,0.0883268275786013,0.674960452509694,-0.0249684061137671,-0.0249684061137671,21
2010-11-10,-0.0041105401852399,1.0293173794133024,-0.1780623844824731,0.6283419996672249,-0.0209597757832258,-0.0209597757832258,18
2010-11-11,-0.0130636213262741,0.9960614525605812,-0.187442734488286,0.5995429355562518,-0.0660691492581029,-0.0660691492581029,16
2010-11-12,-0.0199910616625139,1.0403844040188266,-0.1958275729169448,0.6764343292199126,-0.1098662345681249,-0.1098662345681249,12
2010-11-15,0.0081931355022444,1.1748942078444082,-0.0221642167307436,0.6639668218943678,0.021612303320629,0.021612303320629,4
2010-11-16,-0.021949123410368,1.1449492694973358,0.0596856209915131,0.6225918266236832,0.0710379744165888,0.0710379744165888,20
2010-11-18,0.0016850238606307,1.289873995831832,0.1486976850363943,0.531850027976736,0.1067494602298867,0.1067494602298867,9
2010-11-19,-0.0182525196726287,1.2319377849763729,0.1715968869483241,0.6372920841378567,0.1201963330201591,0.1201963330201591,13
2010-11-22,0.0201178515529526,1.308148021460947,-0.4188389141733448,0.4628567854247167,-0.0382694433451207,-0.0382694433451207,3
2010-11-23,-0.0125998443718408,1.378065759205724,0.1245881053397343,0.5320482381689854,-0.0430913592844527,-0.0430913592844527,21
2010-11-24,-0.0116945530075819,1.3749826480098049,0.0644177932005662,0.5348601047743131,-0.0645271780340043,-0.0645271780340043,13
2010-11-25,-0.0113155379925759,1.3644768407212813,0.0289110750891268,0.6124072397123882,-0.0981656187998587,-0.0981656187998587,18
2010-11-26,-0.0082758514669287,1.3518103585630474,0.0734796048356936,0.6390639409953907,-0.0254884671416446,-0.0254884671416446,26
2010-11-29,0.0134780386542123,1.3184633245061497,0.475436475686729,0.3527251824653846,0.1720015453483787,0.1720015453483787,5
2010-11-30,0.0055932812811094,1.3156048997992031,0.0641000557483898,0.6316251152465939,0.1790393414802313,0.1790393414802313,18
2010-12-01,0.0166111783619885,1.2643951446880348,0.2190579819994477,0.4572958321566168,0.2081550169129821,0.2081550169129821,13
2010-12-02,0.0084861429293017,1.2983176330275357,0.1228657488656394,0.6086240445521944,0.1354817766371634,0.1354817766371634,17
2010-12-03,-0.0031488868744578,1.261261500354991,0.0599410456660039,0.6487149218949683,0.188280261593242,0.188280261593242,17
2010-12-06,-9.17484193800369e-05,1.2102216756009871,0.0264843426644802,0.5650976662593759,-0.0136170064581054,-0.0136170064581054,5
2010-12-07,-0.0026235219193067,1.1565271883562585,0.0265618241702516,0.6645950205563336,-0.032877791397183,-0.032877791397183,15
2010-12-08,-0.0122641396395734,1.110113218868614,-0.0806937780340804,0.6338610176200399,-0.0610047561371998,-0.0610047561371998,17
2010-12-09,-0.0235139953982263,1.1314081036914423,0.0535558838970386,0.6660345927865449,-0.0479688640183169,-0.0479688640183169,13
2010-12-10,0.0156319888658681,1.3047463903427858,-0.0602012295275926,0.6722346685053459,-0.0068585913659804,-0.0068585913659804,15
2010-12-13,0.0085508051279151,1.323663719349086,-0.1687803982446591,0.619244928479467,0.004902668929635,0.004902668929635,6
2010-12-14,0.0061510427131599,1.2852022307276774,-0.1640491466969251,0.7431481248769254,-0.0386183371891577,-0.0386183371891577,12
2010-12-15,-0.0087527667367456,1.2379054108128045,-0.27816871466736,0.5368597930020527,-0.0822118342171111,-0.0822118342171111,15
2010-12-16,0.009534732799129,1.216456367877492,-0.0572254993021488,0.6430151426870078,-0.0439510438094535,-0.0439510438094535,23
2010-12-20,-0.0002858480055131,1.1918128167577935,0.058972676595052,0.3416175146594494,0.0107654250022911,0.0107654250022911,3
2010-12-21,0.0089725149718078,1.13926481985707,-0.0210770120953812,0.44209142493698,0.0179951224436446,0.0179951224436446,17
2010-12-22,-0.0027117133800074,1.116889968967335,0.1482996736438228,0.6778836352747322,0.0217356509898774,0.0217356509898774,13
2010-12-23,-0.0007354990769299,1.0730629722066265,0.0207056674278444,0.5713302637482385,0.0338382654468721,0.0338382654468721,18
2010-12-24,0.005270384359897,1.027570257686912,0.2275793261826038,0.5135153726385548,0.0868960663507884,0.0868960663507884,10
2010-12-27,-0.0022481836293281,0.9930034000124758,-0.4154989764094353,0.7075838095753376,-0.047578826861249,-0.047578826861249,5
2010-12-28,-0.000350188452758,0.9552748457367206,0.2171770688862754,0.544638354176064,-0.0082845465695628,-0.0082845465695628,13
2010-12-29,0.0106749900626106,0.916024756707998,0.2300545664175468,0.6021429929647871,-0.0077894985225742,-0.0077894985225742,17
2010-12-30,0.0068244495895103,0.927772727072053,-0.3374611097029768,0.6063601443128711,0.0212876076959242,0.0212876076959242,13
2010-12-31,0.0053365553566281,0.9080806747737608,-0.0170119297488228,0.5933328446549323,-0.0645480761114824,-0.0645480761114824,23
2011-01-03,0.0037585318483364,0.8818107079525985,0.1446509447996504,0.5785362724605607,-0.0436307612085739,-0.0436307612085739,16
2011-01-04,-0.0018286815139022,0.8510307671762126,0.0718323501447836,0.6604590376564011,0.0382279307609781,0.0382279307609781,9
2011-01-05,-0.0108866570081684,0.8208854006353714,-0.074874543895324,0.5494908185256794,0.0266554079316779,0.0266554079316779,15
2011-01-06,-0.0052027945736062,0.8629527748503817,0.1374373729030291,0.6676205137634708,0.0819305732523624,0.0819305732523624,15
2011-01-07,-0.0240372493118901,0.8475432018726501,0.2272481443360448,0.5263500458480562,0.1012588536576368,0.1012588536576368,20
2011-01-10,-0.0242995637386114,1.1035963598561211,0.1735191276917854,0.6752205717335075,0.3138269730346899,0.3138269730346899,6
2011-01-11,-0.0015194997868653,1.2966170121510996,-0.3369649310596287,0.5441609794867754,0.2189465122421583,0.2189465122421583,10
2011-01-12,0.0187913961951567,1.2398713972712965,-0.0271014557885272,0.5629533755618452,0.1680765922172439,0.1680765922172439,14
2011-01-13,-0.0191738393273167,1.3026807531266005,0.0212125619873404,0.647063492941024,0.1113534172801745,0.1113534172801745,16
2011-01-14,-0.0170697217680403,1.3804743085971836,0.1212303111329674,0.6836596405791971,-0.0096208772072124,-0.0096208772072124,15
2011-01-17,3.5403661761228884e-05,1.4221590830652229,-0.9132659062743188,,-0.1711931150406598,-0.1711931150406598,1
2011-01-18,0.012180662758961,1.3570322671900965,0.013607368688099,0.6139414404114214,-0.172714153700508,-0.172714153700508,16
2011-01-19,-0.0057818316196177,1.340044641147829,-0.0003845860962482,0.7203389248254586,-0.1970371331463512,-0.1970371331463512,17
2011-01-20,0.0036044806065857,1.2940840230386077,0.018833009102805,0.6004387206725582,-0.1624446588300197,-0.1624446588300197,22
2011-01-21,-0.0026472605158493,1.2385833371470971,-0.2501561932620548,0.6554576940828392,-0.2262732615683434,-0.2262732615683434,21
2011-01-24,0.0081733010341099,1.1874758207527945,-0.0831658603115515,0.6246038728787499,-0.1930279651479351,-0.1930279651479351,11
2011-01-25,-0.0097720676558611,1.1565039919145352,-0.337630349610533,0.5390764280756093,-0.2643206368906027,-0.2643206368906027,21
2011-01-27,-0.0147190591522661,1.1498188087000825,-0.1221860559036334,0.5890786946460781,-0.1143298556110558,-0.1143298556110558,15
2011-01-28,-0.0165793964047946,1.1934763890689832,-0.1418719160896928,0.6578224026746425,-0.1602380836625671,-0.1602380836625671,23
2011-01-31,-0.0011345021634778,1.2537926083324382,-0.0720255105920574,0.6406098192143754,-0.113073811367487,-0.113073811367487,17
2011-02-01,-0.0162411139605226,1.198806896643401,-0.0689538557827472,0.6560727846116793,-0.1024273713433098,-0.1024273713433098,25
2011-02-02,0.002728277403174,1.2542023280185732,-0.2290943073264012,0.5603860547166746,-0.1198718495906514,-0.1198718495906514,12
2011-02-03,0.0172925490766863,1.1993392970793046,0.1366835250877417,0.66626479417971,-0.0489683212481162,-0.0489683212481162,13
2011-02-04,-0.0239883326761385,1.2493019109837196,0.2395969713106751,0.5547277520604753,0.0012413645394422,0.0012413645394422,18
2011-02-07,4.633168856676948e-05,1.4060629113873524,-0.0577854696661233,0.5240162297219364,0.1463988599252816,0.1463988599252816,5
2011-02-08,-0.0155860291389192,1.3417839512153305,0.2127391461076008,0.4492661423999198,0.1616099841292534,0.1616099841292534,18
2011-02-09,-0.0111679078178833,1.3716931921962487,-0.2420646597165614,0.7092007567202802,0.0652776579238061,0.0652776579238061,12
2011-02-10,-0.0052961425847933,1.3572154178701947,0.1098682527164263,0.7623232094018966,0.0736558374947322,0.0736558374947322,14
2011-02-11,0.0159839764499339,1.3080462618512958,0.1431368830963038,0.6139307521069663,0.0331788305075293,0.0331788305075293,16
2011-02-14,0.0271240852873136,1.33021200367633,-0.460203655064106,0.6578692048340974,-0.0153773798124996,-0.0153773798124996,2
2011-02-15,0.0045716455228184,1.4971605371228918,-0.1317986821755767,0.4871433766524006,-0.0637107667909002,-0.0637107667909002,15
2011-02-16,0.0001277413960022,1.4325388141079891,0.0785909919999539,0.6681107722151606,-0.0766199450101702,-0.0766199450101702,10
2011-02-17,0.0117428112159769,1.3668219383318962,-0.1129187365226885,0.5948832477348851,-0.0769709450505015,-0.0769709450505015,17
2011-02-18,-0.0159016193265479,1.3457104525791712,-0.3030654764216807,0.5443159729649786,-0.1858791116368195,-0.1858791116368195,9
2011-02-21,0.0108677232792251,1.3785825704415142,-0.0287106158211827,0.7228629654443327,-0.1581788082567523,-0.1581788082567523,8
2011-02-22,-0.0089918334644996,1.3503352956111938,-0.0757735200664576,0.6032817303642152,-0.1507497649655061,-0.1507497649655061,17
2011-02-23,-0.0058405613764712,1.3216996810721913,-0.2008888093097245,0.6110368918028186,-0.1303144315431149,-0.1303144315431149,17
2011-02-24,-0.0326475876381304,1.27719378549699,0.1968482593739671,0.7018237987183639,-0.0777154951862447,-0.0777154951862447,14
2011-02-25,0.0077321306790641,1.5798232988770138,-0.2868395920959301,0.6024669372737621,-0.0790728555838654,-0.0790728555838654,16
2011-02-28,0.0055844376210012,1.5208255007266411,-0.422186051096235,0.4101639295823428,-0.1903666176483965,-0.1903666176483965,7
2011-03-01,0.0348335963566569,1.4576147735177274,-0.2012913205128695,0.6519865624962088,-0.2699945336257639,-0.2699945336257639,14
2011-03-03,0.0025139753033331,1.7274110249487584,0.1147592554489771,0.6527546630946516,-0.1175810558231719,-0.1175810558231719,15
2011-03-04,0.000460463421972,1.6470291592085349,-0.1867408949881792,0.6709710000913403,-0.1734165571512826,-0.1734165571512826,15
2011-03-07,-0.0137433149294111,1.5699810001121468,-0.5819700911641121,0.3186562012272684,-0.0916743233799933,-0.0916743233799933,5
2011-03-08,0.0104972133445312,1.5590496085527743,0.1509683007374405,0.6666524748984202,-0.0844325143223006,-0.0844325143223006,10
2011-03-09,0.0018458890658586,1.5151987440176178,-0.0538272316257158,0.6034292462764078,-0.0578497816498079,-0.0578497816498079,15
2011-03-10,-0.0066392570653005,1.4453844566292025,-0.2148345103845573,0.6424388561458881,-0.0973349118056013,-0.0973349118056013,13
2011-03-11,-0.0089489404819972,1.3966369612644256,0.2506041112779216,0.616747157946055,-0.0898118842318045,-0.0898118842318045,11
2011-03-14,0.0156785930275853,1.3642118693026817,-0.2190065144428185,0.5738712029421986,-0.0860922090297044,-0.0860922090297044,7
2011-03-15,-0.0149076579830952,1.377230922799904,0.1287327858691032,0.7037874446622273,-0.0173787497789723,-0.0173787497789723,13
2011-03-16,0.0112219265918863,1.3960723428524882,0.0536754446006134,0.6005265575094373,-0.056764483114434,-0.056764483114434,19
2011-03-17,-0.0117725722476733,1.3688883232165914,0.2536711066084749,0.6022478801706643,-0.0078340665671085,-0.0078340665671085,17
2011-03-18,-0.0134840022122957,1.3595759239631722,-0.3328351528548142,0.5038940599973198,-0.0231524660438881,-0.0231524660438881,17
2011-03-21,-0.0016669439671844,1.3663390205957404,-0.1697120459072969,0.5360648931221147,-0.3009736169388586,-0.3009736169388586,11
2011-03-22,0.0091107262245092,1.30601960866785,-0.2066178256645798,0.6375288225303992,-0.3930314033934696,-0.3930314033934696,12
2011-03-23,0.0121902174583247,1.2720067307360474,0.3362725825550464,0.5649815323739841,-0.2592098563114974,-0.2592098563114974,13
2011-03-24,0.0076618103661675,1.2625031105931763,0.1306178392842412,0.6508470421091892,-0.0849399081568096,-0.0849399081568096,16
2011-03-25,0.0235949440543164,1.2235104774429173,0.2077555829802384,0.5648704203643804,0.0596632266495299,0.0596632266495299,13
2011-03-28,0.0058193524892336,1.3557910027787423,-0.1181097626686096,0.4147906708495393,0.0245436434139372,0.0245436434139372,6
2011-03-29,0.0085963093239822,1.3029714923360372,0.2144744407672148,0.571307912280699,0.0413149637105319,0.0413149637105319,13
2011-03-30,0.0089031835388419,1.2662042889170644,0.1914575931926568,0.6140019304138787,0.0380553657530156,0.0380553657530156,6
2011-03-31,0.0079336981520465,1.233836360371488,0.2066733475555391,0.5505381127083635,0.0838576721076458,0.0838576721076458,17
2011-04-01,-0.0013208110878279,1.1982387015895894,-0.0404549233083214,0.6744238399895374,0.090808139107696,0.090808139107696,14
2011-04-04,0.0140443555388361,1.1466058185722188,-0.0307647803177436,0.6465857971482696,-0.0992253739945067,-0.0992253739945067,6
2011-04-05,0.000270695838688,1.1667525824494982,0.3895544991311099,0.5434150041139306,-0.0626491436793926,-0.0626491436793926,9
2011-04-06,-0.0031011912855171,1.115236336975173,-0.0249509576421517,0.5707271378541805,-0.0595483505461587,-0.0595483505461587,13
2011-04-07,-0.0010273539890691,1.0727077394321518,-0.0628262578763745,0.6609941238499474,-0.0485176056099543,-0.0485176056099543,11
2011-04-08,-0.0074525093314491,1.027653305588804,-0.0840448876221974,0.6095632742818168,0.0373935231345286,0.0373935231345286,15
2011-04-11,-0.0096838142894209,1.0141508836290347,-0.1401524466151992,0.7280593178891839,-0.0245306702629859,-0.0245306702629859,9
2011-04-13,0.0215102166449027,1.0203806604786865,0.245749381929636,0.5398066927051705,0.1398840708844364,0.1398840708844364,5
2011-04-15,-0.0148178966049684,1.1593381074229838,-0.000298610702157,0.7513568573305819,0.0780439073358681,0.0780439073358681,5
2011-04-18,-0.0165232423430688,1.202922817625081,-0.034696340560913,0.6914338006321035,-0.2105887339932514,-0.2105887339932514,4
2011-04-19,0.0020313964438487,1.261228007413786,0.1874963467797407,0.5686550831549257,-0.1441830713889345,-0.1441830713889345,13
2011-04-20,0.0191337922513196,1.2051254216255374,-0.515402145182284,0.5037382729486224,-0.2472037782849599,-0.2472037782849599,13
2011-04-21,0.0056321394742621,1.2772962297697124,0.1043735408986156,0.7249405311473512,-0.227608774676007,-0.227608774676007,11
2011-04-25,-0.0017348455169341,1.2285253462578571,-0.5072388271135944,0.5842010256299176,-0.099187891379813,-0.099187891379813,7
2011-04-26,-0.0010389423831735,1.1759366229413937,-0.1663486682809889,0.8160152152142732,-0.153332333215734,-0.153332333215734,8
2011-04-27,-0.0058962939813224,1.125110660472228,0.0296367217476169,0.583433406217966,-0.2802450780468504,-0.2802450780468504,9
2011-04-28,-0.00833953490022,1.0941704722100858,0.1227681564632803,0.6595124035616076,-0.1651384318890492,-0.1651384318890492,16
2011-04-29,-0.0062332842541917,1.0816233361801102,-0.4420240383802188,0.6546111363958665,-0.1926413311127808,-0.1926413311127808,9
2011-05-02,-0.0084187097522263,1.0557647816744964,-0.3051435959835847,0.7489271752008103,-0.174816273183133,-0.174816273183133,9
2011-05-03,-0.0241522774060545,1.0471865209336433,-0.2135895913128148,0.6010298429558162,-0.242087822738352,-0.242087822738352,22
2011-05-04,-0.0050619970287562,1.2509697898583407,-0.0389244897629727,0.6839584576355379,-0.1614679130149028,-0.1614679130149028,11
2011-05-05,-0.0140585755813294,1.207501612468952,-0.227125210932603,0.666763057391341,-0.2043395326652546,-0.2043395326652546,19
2011-05-06,0.0166378553408576,1.2366025170275052,-0.2035221852517376,0.6926880541921674,-0.1976610146487424,-0.1976610146487424,12
2011-05-09,-6.306616896621993e-05,1.2741981457033995,-0.2266900180839002,0.7444806068409449,-0.1152949880957275,-0.1152949880957275,8
2011-05-10,-0.0017760168329809,1.217023544465626,-0.0286154031055048,0.6649943444474795,-0.0755930265303079,-0.0755930265303079,16
2011-05-11,0.0042858272397143,1.1651585830671725,-0.3701644988614134,0.5342390998603627,-0.108921489252243,-0.108921489252243,16
2011-05-12,-0.01427921764981,1.118709688564548,-0.1617833205427114,0.6503101694018353,-0.16797505177647,-0.16797505177647,13
2011-05-13,0.0106248174561516,1.1612427467426176,-0.1730876547594865,0.6095778695225225,-0.1920681790706032,-0.1920681790706032,15
2011-05-16,-0.0082852765975044,1.148990958087336,0.0635625390956799,0.8011419812067586,-0.2361395159101064,-0.2361395159101064,6
2011-05-17,-0.0109801940834807,1.131435365027232,0.1073329092003405,0.519146777993204,-0.182316269961496,-0.182316269961496,10
2011-05-18,-0.0033795349947825,1.137784983435016,0.0193456154083833,0.6318905239121477,-0.1438296159279221,-0.1438296159279221,8
2011-05-19,0.0013826543382725,1.0948141345392408,-0.1227216386998241,0.646687281581177,0.0157370442636029,0.0157370442636029,11
2011-05-20,0.0106740242550093,1.0473252774400703,-0.1441405050886365,0.6047645741287714,-0.0153242160168112,-0.0153242160168112,13
2011-05-23,-0.0183581375255394,1.0458020890340922,-0.0012546104512044,0.7280623726483374,0.0380776775735882,0.0380776775735882,7
2011-05-24,0.0015397433883911,1.1540194105463386,0.3257789047434926,0.5627624153084089,0.1277777862622516,0.1277777862622516,15
2011-05-25,-0.0085444964255447,1.1033634107436516,0.0778415944721353,0.6406159972008452,0.1721742061744059,0.1721742061744059,19
2011-05-26,0.0117830808839346,1.0915909865139668,0.1396015882492065,0.669440313289226,0.1936820862660731,0.1936820862660731,14
2011-05-27,0.0117097892354484,1.0955750542168257,0.2123265476389364,0.4609091426855979,0.1508588049305134,0.1508588049305134,11
2011-05-30,-0.0005479852448685,1.0984995492758705,0.1653545470908284,0.7336942372578601,0.1046644477018869,0.1046644477018869,4
2011-06-01,0.0214918035789915,1.05135438224959,-0.1111541100992606,0.7291484346580746,-0.009683820787858,-0.009683820787858,13
2011-06-02,-0.0074759985038833,1.1837913398274251,-0.1006894373438424,0.6708508384584703,-0.0744761183229757,-0.0744761183229757,18
2011-06-03,-0.0060720876465728,1.1579641538490846,0.0590783017687499,0.6374390400376663,-0.0192139590089691,-0.0192139590089691,16
2011-06-06,0.002769497997472,1.1256690522884447,0.1764648400247097,0.7204263581007411,0.1805707894298175,0.1805707894298175,5
2011-06-07,0.0043469880130654,1.0780244532891776,-0.1215860382653772,0.4525865291144438,0.1763914692455105,0.1763914692455105,11
2011-06-08,-0.0052873541363392,1.03695516721307,0.1663546210620552,0.5453392136721419,0.1978467331041716,0.1978467331041716,12
2011-06-09,-0.0010500264399477,1.008954933617882,0.1490372597550352,0.6418243231004964,0.1434031306788148,0.1434031306788148,15
2011-06-10,-0.00640512440229,0.9675827074067298,-0.0814510001800954,0.6628571304166394,0.0577639364792656,0.0577639364792656,8
2011-06-13,-0.0005470160606905,0.9516580923586676,-0.5410505731124431,0.4470184010630488,-0.1577776009744653,-0.1577776009744653,4
2011-06-14,0.0032231134450305,0.9128495983857658,0.0013334663235582,0.6596520690974504,-0.1873183596607607,-0.1873183596607607,16
2011-06-15,-0.0096822093607154,0.8785984034337435,0.1081391753290187,0.5087995786558251,-0.1494003245589378,-0.1494003245589378,11
2011-06-16,-0.0093598673037883,0.8996074775501738,-0.0397028077277354,0.540054540257887,-0.1795083611293441,-0.1795083611293441,16
2011-06-17,-0.005639646083818,0.9149141366926148,-0.0659010420952524,0.5760930928966851,-0.1074363562565707,-0.1074363562565707,14
2011-06-20,-0.0204255855337064,0.8981560322597408,-0.2094461418067415,0.6358592371714492,0.0070633091783107,0.0070633091783107,12
2011-06-21,0.0034081334163708,1.0713012485733715,-0.0350978185555764,0.5917462034140145,0.0079843070127425,0.0079843070127425,14
2011-06-22,0.0004642168432151,1.0280576107955506,0.0635268284867589,0.5618305437754373,0.0338698811291448,0.0338698811291448,13
2011-06-23,0.007869264178642,0.9841405456358144,-0.1613862727535888,0.6312106868687479,-0.0248103550753824,-0.0248103550753824,16
2011-06-24,0.0280338061694149,0.9666798743625314,0.1024871488603261,0.6097961843483506,-0.0479832511537642,-0.0479832511537642,13
2011-06-27,0.0100657063873618,1.2373642309129729,-0.2425029007717967,0.6354453755020674,0.0104807241594133,0.0104807241594133,6
2011-06-28,0.003377871002539,1.2146905493970304,0.0520884678699076,0.5614199324273728,0.0531756722841126,0.0531756722841126,16
2011-06-29,0.0098962996170586,1.163172398773684,-0.0007510267065039,0.5588018318689578,0.0325280371707465,0.0325280371707465,14
2011-06-30,0.0083482584310963,1.145294581724994,-0.0531291432540725,0.6783000254609207,0.0351172631660664,0.0351172631660664,27
2011-07-01,-0.0035832275147961,1.118462365830712,-0.2033203004548947,0.6205584058323266,-0.0895229806634719,-0.0895229806634719,15
2011-07-04,0.0041320193718407,1.07739429577878,-0.0629343232139945,0.5901433009706712,-0.1558281778445634,-0.1558281778445634,8
2011-07-05,-0.0032616450989141,1.0357079158815627,0.178362392509977,0.687361808158013,-0.1095298706917534,-0.1095298706917534,15
2011-07-06,-0.0011814121090557,0.998628184835381,-0.4588776078075171,0.596099127009867,-0.1606413321622779,-0.1606413321622779,10
2011-07-07,0.018231322343836,0.9580835541603386,-0.0629072747348497,0.6827292320443225,-0.0745461989713033,-0.0745461989713033,24
2011-07-08,-0.0119935925949386,1.057963923250649,0.1288489532191306,0.5895063904645134,-0.0555015720054506,-0.0555015720054506,20
2011-07-11,-0.0079012191375856,1.082410197014257,-0.5015675465886792,0.5801672004089193,-0.2219967589899896,-0.2219967589899896,6
2011-07-12,-0.0161461373519975,1.06759011195957,-0.1450890726409852,0.6306724421000737,-0.2384331185712168,-0.2384331185712168,12
2011-07-13,0.0106736843373052,1.1407763866213172,0.0393530959263443,0.5998081399714947,-0.2563322900297741,-0.2563322900297741,13
2011-07-15,-0.0007791301274212,1.1306987431993587,-0.2990905825669567,0.7514648092491865,-0.2039162426353676,-0.2039162426353676,12
2011-07-18,-0.0025206515038078,1.0820350949508386,-0.0091317665452758,0.5723992087370728,-0.1151020868934624,-0.1151020868934624,6
2011-07-19,0.0083180276074523,1.0397314815732208,0.3731429969891905,0.6276525096708264,-0.0178360660343119,-0.0178360660343119,10
2011-07-20,-0.0083180276074523,1.0208347435823903,-0.2470317947678268,0.5300566161321206,-0.0074243084744859,-0.0074243084744859,10
2011-07-21,-0.0045819702268381,1.014589216276988,-0.1586892380068699,0.6375541365203898,-0.0482801537774502,-0.0482801537774502,15
2011-07-22,0.0165275440438265,0.9845188730659922,-0.1024872336536645,0.6395630023167902,-0.0288394071968892,-0.0288394071968892,10
2011-07-25,0.0081931844630397,1.055673815000625,-0.4614799008704722,0.6189621415399432,-0.2141613460945275,-0.2141613460945275,8
2011-07-26,-0.0187385851836119,1.0346961791078635,-0.2048407579821191,0.5735969036334768,-0.2233916500895773,-0.2233916500895773,19
2011-07-27,-0.0050442789860771,1.1507198420331908,0.1646865231709348,0.8185641606226438,-0.1699568987246574,-0.1699568987246574,9
2011-07-28,-0.0107028142357157,1.113686387572645,-0.1490006775129586,0.5808016264798511,-0.1195598140130722,-0.1195598140130722,16
2011-07-29,-0.0010483375695179,1.119254858505442,-0.1929315241985023,0.6260976391797529,-0.1687132674786234,-0.1687132674786234,20
2011-08-01,0.0063279487633646,1.071606502742557,0.2469290231282894,0.692735309207663,-0.0550598294581644,-0.0550598294581644,13
2011-08-02,-0.0109812605259517,1.0388713085212922,-0.1037882707583216,0.5411788978064422,-0.046017348107237,-0.046017348107237,13
2011-08-03,-0.0095292746235235,1.0550052383622217,-0.1005980583839118,0.7261151186781979,-0.0275506549443189,-0.0275506549443189,10
2011-08-04,-0.0135985558904857,1.0557813910614502,0.0118005516317983,0.7753348401668554,-0.0214647299476349,-0.0214647299476349,12
2011-08-05,-0.022869105391128,1.0985223317901005,0.2617634595013581,0.679150985781754,0.0632213410238425,0.0632213410238425,13
2011-08-08,-0.0179583228351812,1.2681387621089597,0.1234814843369854,0.5014096284572478,0.0405367676732705,0.0405367676732705,9
2011-08-09,-0.0089586182822995,1.3352933370953568,0.1076271001418883,0.5601790236322802,0.0597020773752885,0.0597020773752885,11
2011-08-10,0.0172275500712012,1.307593298072742,0.315556158684194,0.54316711197846,0.0704606172118557,0.0704606172118557,10
2011-08-11,-0.0044081117165453,1.343152350229565,-0.310382368043065,0.5977117858833599,0.0727720772337389,0.0727720772337389,13
2011-08-12,-0.0127997065142169,1.2913851662827576,-0.1347364520964523,0.610498449013139,0.0203091846047101,0.0203091846047101,12
2011-08-16,-0.0073501783859295,1.2985902726830372,-0.4904801100492477,0.801074933380758,-0.0794568289733594,-0.0794568289733594,4
2011-08-17,0.0041219774525322,1.2635460172827957,-0.055725939402526,0.6886526081787349,-0.0636547264345742,-0.0636547264345742,11
2011-08-18,-0.0224893002533369,1.2109597836514596,-0.0266775544732809,0.5272678426816811,-0.1224274772749931,-0.1224274772749931,8
2011-08-19,-0.0201236646315247,1.3515711875244023,0.0963232637649136,0.4839814722282017,-0.0690441158022005,-0.0690441158022005,14
2011-08-22,0.0109088621779677,1.4345767922134098,0.3180055883195665,0.7171202557223856,0.0934033994636839,0.0934033994636839,9
2011-08-23,0.0101750726349027,1.4023220827781666,0.0024135374965576,0.5466415367158395,0.0992216178576515,0.0992216178576515,13
2011-08-24,-0.0121980005988044,1.3677792558330586,0.0636741779744625,0.6238036965967557,0.0926918006995613,0.0926918006995613,14
2011-08-25,-0.0101352164678707,1.3621672516356538,0.1406059331045701,0.6063478231010869,0.067020207676145,0.067020207676145,13
2011-08-26,-0.0191507811401737,1.3406014349121675,-0.0076867473415202,0.6905064982573614,0.1034024979107273,0.1034024979107273,9
2011-08-29,0.0355459345129728,1.412607141552897,0.0009445280634931,0.4517421899314934,0.0997847633904826,0.0997847633904826,7
2011-08-30,0.0164106462002032,1.7063352882978509,0.2314471499994397,0.5251177155788939,0.1179530067694566,0.1179530067694566,11
2011-09-02,0.0077681896465105,1.6930245224642184,-0.2869328446686268,0.96376689339744,0.0528175685838574,0.0528175685838574,3
2011-09-05,-0.0045340339863097,1.6273197004605502,0.1534144338220358,0.4712797742120789,0.0367801776084871,0.0367801776084871,4
2011-09-06,0.009343838129813,1.559379768673986,0.0019564027898013,0.5337246841440674,-0.0017407664541332,-0.0017407664541332,8
2011-09-07,0.0118463247265334,1.5091797795605495,0.3260107349072184,0.4084632333025548,0.1208479494610358,0.1208479494610358,7
2011-09-08,0.0055653726438439,1.477493879577111,0.1577196823289761,0.4356566464543933,0.1578332149341784,0.1578332149341784,13
2011-09-09,-0.0183697632542546,1.4167099924316582,0.1252088087743946,0.4195190275746423,0.1528620125244852,0.1528620125244852,7
2011-09-12,-0.0225169569397339,1.4688590786314262,0.2357345310350259,0.5242512892389299,0.0780211322193781,0.0780211322193781,9
2011-09-13,-0.0011832034704437,1.566032501140414,-0.1794239796698093,0.5262608409502554,0.010592399819621,0.010592399819621,10
2011-09-14,0.014387068747856,1.4943079904363288,0.256238033156842,0.4677935694894288,0.0367982446961105,0.0367982446961105,10
2011-09-15,0.0125197562500548,1.4830573486996144,-0.1232631584121422,0.6815945445005206,0.0273134275689495,0.0273134275689495,11
2011-09-16,0.001683041066411,1.4581770470724675,0.1073539877748664,0.6522037108954124,0.0593278827769566,0.0593278827769566,17
2011-09-19,-0.0103399042407951,1.391266127999787,-0.4130406845360994,0.5792691132988949,-0.0820027371153876,-0.0820027371153876,11
2011-09-20,0.0212844054567253,1.3688251577309378,0.339467222085939,0.5584745835764219,0.0105433389842285,0.0105433389842285,13
2011-09-21,-0.0013530403595068,1.444972570310752,0.0575495781376957,0.5769279362124551,0.0005824570567944,0.0005824570567944,7
2011-09-22,-0.0416888813141348,1.3799185557447906,0.0493268546914415,0.6343793506489831,-0.0211954726325859,-0.0211954726325859,14
2011-09-23,-0.0114182875257427,1.8336946813796924,-0.0792450571263378,0.660493757969275,-0.0091884173494721,-0.0091884173494721,11
2011-09-26,-0.0066679826333158,1.7848615653230633,-0.4066102620214223,0.4175667554350226,-0.0430817295772172,-0.0430817295772172,5
2011-09-27,0.0277074821594858,1.7152094002455989,0.0945486687123775,0.5318641350317261,-0.03403736677303,-0.03403736677303,16
2011-09-28,-0.0051123867480918,1.824599998401703,0.0955616577217976,0.615308866676991,0.000923976196597,0.000923976196597,9
2011-09-29,0.0139642563464044,1.7472519613401074,0.1314547116247316,0.6092291523291142,0.0198888140916824,0.0198888140916824,12
2011-09-30,-0.014500177519274,1.7117661678598757,0.2113385039071242,0.7163636759857324,0.0252586559889217,0.0252586559889217,6
2011-10-03,-0.0191474027673415,1.6945410549064972,0.2111026129374901,0.4633185609722128,0.0258968377423783,0.0258968377423783,6
2011-10-04,-0.0160786902123192,1.722241471306417,-0.0243541976281752,0.4553163761500712,-0.005264944108203,-0.005264944108203,12
2011-10-05,-0.0043786929339281,1.7174850231077514,0.0512658322363027,0.4956150731248785,-0.0372794784423673,-0.0372794784423673,14
2011-10-07,0.0283751872871923,1.6440007275919093,0.539845060557127,0.4015011995497757,0.0998485855296561,0.0998485855296561,4
2011-10-10,0.0185561751443522,1.7736853461086828,-0.1142571358276265,0.6034185730130793,0.0704214376212981,0.0704214376212981,7
2011-10-11,-0.0010548576964528,1.772871268702071,0.1786975056997367,0.6022703762255037,0.1618842148521383,0.1618842148521383,7
2011-10-12,0.0248281381596563,1.6901520186743388,-0.0023432778460638,0.459877251140401,0.0534465471715001,0.0534465471715001,7
2011-10-13,-0.0042349037106111,1.7661161269689511,0.2797603028427277,0.5512111500633958,0.0780989298064794,0.0780989298064794,14
2011-10-14,0.0106659008419714,1.6895315566845532,-0.116463407046265,0.7033461908700847,0.0450787975645018,0.0450787975645018,9
2011-10-17,-0.0027412799807702,1.637643970349917,-0.2570608993992209,0.7476832232881683,-0.0770510949401391,-0.0770510949401391,6
2011-10-18,-0.0159026564777495,1.5645801759187357,-0.5186684781995913,0.4539503832740251,-0.2367368511486029,-0.2367368511486029,12
2011-10-19,0.0199777498669856,1.5735750516865366,0.2212433010960618,0.632427681533514,-0.1691955095201375,-0.1691955095201375,9
2011-10-20,-0.0092366544650735,1.6079128731140078,0.0270958650591118,0.5423630445772462,-0.1927825066172295,-0.1927825066172295,14
2011-10-21,-0.0082726417504344,1.5619974816202946,-0.1042955506592989,0.6484484946612855,-0.1263371524205874,-0.1263371524205874,15
2011-10-24,0.0095385962017864,1.513850622632014,-0.2653000829741359,0.3716716914778598,-0.0510693665747973,-0.0510693665747973,4
2011-10-25,0.0181249765158351,1.467733720830103,-0.1924922752122466,0.4961087444685685,-0.094986994629069,-0.094986994629069,13
2011-10-28,0.0320526463628278,1.4943774458555237,-0.2264532162807881,0.8636781742753993,-0.131243903449235,-0.131243903449235,4
2011-10-31,-0.0063814457238937,1.7080939035231126,-0.3142526766750961,0.4014718729371385,-0.3665960303600877,-0.3665960303600877,8
2011-11-01,-0.0129719001913616,1.6419069999293074,-0.2294947350746952,0.6464900463814877,-0.4329174272692762,-0.4329174272692762,16
2011-11-02,9.508957091864604e-05,1.6185562049060234,-0.0827142940117762,0.6538453677169964,-0.4041696428154738,-0.4041696428154738,13
2011-11-03,0.0013872419229389,1.5430897643471302,-0.0624539947344197,0.653720532780511,-0.3187636391879616,-0.3187636391879616,9
2011-11-04,0.0034976874356026,1.471562882626637,-0.3042930796742439,0.7081368135107646,-0.1986417560340461,-0.1986417560340461,5
2011-11-08,0.0009741104185977,1.4060974320711674,0.4153194911777973,0.4479579638559924,0.0814291083015176,0.0814291083015176,4
2011-11-09,-0.0129968897541936,1.3416685694503907,0.111233779761408,0.5314117557916509,0.164534480188648,0.164534480188648,7
2011-11-11,-0.0100482481499145,1.3456775120769442,0.1780415833927691,0.591953873928514,0.1791952711430245,0.1791952711430245,10
2011-11-14,-0.0039739515741497,1.3248233791363109,-0.2229875909785429,0.5565012223209707,-0.043432570186754,-0.043432570186754,3
2011-11-15,-0.0156313781189563,1.2726381011127668,0.0386416207378109,0.4629413979846838,-0.0370146874959269,-0.0370146874959269,12
2011-11-16,-0.0075354336835401,1.311304917868742,0.2011689223193874,0.512420607940193,-0.0323892197106033,-0.0323892197106033,12
2011-11-17,-0.0192074691158173,1.2764324237308935,0.2201725596991869,0.6251166077833022,0.0003821418799747,0.0003821418799747,13
2011-11-18,-0.0058838742566838,1.3585821570292655,-0.0510926311835646,0.5220736913440103,0.0371805761188555,0.0371805761188555,8
2011-11-21,-0.0263228197193875,1.3118973826101976,-0.0451030749827623,0.0702754497411782,-0.0029823651424721,-0.0029823651424721,2
2011-11-22,0.0070902315249274,1.4937349223696264,0.1018614327268941,0.585583536787932,-0.0266445905369306,-0.0266445905369306,7
2011-11-23,-0.0222516007478609,1.4373810437143115,0.0435887463390827,0.5866607695234429,-0.0077083150324012,-0.0077083150324012,14
2011-11-25,0.0007645323740951,1.5358017495244842,0.093291785834091,0.5197086160891192,-0.0021439938713888,-0.0021439938713888,7
2011-11-28,0.0295481877939927,1.4645304542873396,0.070219887420535,0.6028855655434914,-0.0277765001211274,-0.0277765001211274,5
2011-11-29,-0.0095687958263616,1.6436731387964492,0.0032728165388107,0.7670237638155925,0.0137498350414846,0.0137498350414846,10
2011-11-30,0.0055928936571991,1.5971880492970558,-0.1412684582173824,0.5866985189538709,-0.03316221376881,-0.03316221376881,6
2011-12-01,0.021456727931786,1.5296663572071572,0.1126398624037392,0.568158875102369,-0.0249227759777567,-0.0249227759777567,16
2011-12-02,0.0226904307064776,1.5860840728251813,0.389050936512649,0.5208199279122523,0.0867830089316703,0.0867830089316703,10
2011-12-05,-0.0021805287921703,1.649877140139841,-0.6755669857375324,0.4691532976845596,0.1247304770497916,0.1247304770497916,4
2011-12-07,0.0046428069267562,1.575119326605239,0.0910751208662986,0.6760264700751445,0.1210106748280426,0.1210106748280426,5
2011-12-08,-0.0237762995984096,1.5063546358437474,-0.0759217809730519,0.6116528146403961,0.0813697829190642,0.0813697829190642,12
2011-12-09,-0.0156877755450972,1.6148329534955816,-0.2028270735301905,0.3571336615495689,-0.0942448104866262,-0.0942448104866262,9
2011-12-12,-0.0212025208269282,1.6168160344256288,-0.2554352404549718,0.5912533736872402,-0.1235486057690447,-0.1235486057690447,3
2011-12-13,0.0075273218012105,1.6766901124060194,-0.1581315219518728,0.5568583535806424,-0.1399905539648089,-0.1399905539648089,16
2011-12-14,-0.0078107220754484,1.6110317226162862,0.074510524670283,0.5572005667528646,-0.0845230343247142,-0.0845230343247142,9
2011-12-15,-0.0035542861869057,1.557241808766059,-0.0604570371797308,0.4547513522576938,-0.076203640414557,-0.076203640414557,16
2011-12-16,-0.02016465475128,1.490471615959414,0.2260460817321603,0.4597155162759896,-0.0346934386368263,-0.0346934386368263,14
2011-12-19,-0.0083111640539186,1.5544434431921677,0.0739556250295468,0.591638831464985,0.0212430424888485,0.0212430424888485,7
2011-12-20,-0.0150483658615749,1.507016711629653,-0.0626890988205559,0.6143914928903368,0.0207966301606835,0.0207966301606835,16
2011-12-21,0.0322522404751971,1.513702619904452,0.0071268927305936,0.6193101459043769,-0.0229872076396297,-0.0229872076396297,10
2011-12-22,0.0086348675504924,1.7266883637183563,-0.0915489924450715,0.584007835877361,-0.0121760076715699,-0.0121760076715699,15
2011-12-23,-0.0042020410271277,1.6624934818880124,-0.22390528336506,0.4382693702335989,-0.0594121713741093,-0.0594121713741093,11
2011-12-27,0.0077130711507276,1.5915913520169418,0.048480290453881,0.48883836630511,0.0193895409004642,0.0193895409004642,16
2011-12-28,-0.0094541267047618,1.5317950677163372,0.0190459698295364,0.6486994590893596,0.0679797915393835,0.0679797915393835,13
2011-12-29,-0.0127353063305805,1.4925945072600135,0.0841444597712584,0.6094038663071026,0.0498511844738335,0.0498511844738335,14
2011-12-30,-0.0047354767071823,1.4801916233431514,-0.1437975723296403,0.5889574600120246,-0.0350037891552834,-0.0350037891552834,10
2012-01-03,0.0300354872923812,1.4214303030565116,0.0063426032662391,0.6377373507616311,0.0021866552488479,0.0021866552488479,15
2012-01-04,-0.0032895426540406,1.6170507786857724,0.2044733697548508,0.4913908915926768,0.0262524372455664,0.0262524372455664,10
2012-01-05,6.322223372845206e-05,1.5463095533966411,0.0929697307659999,0.5260878152589014,0.0736058978646945,0.0736058978646945,19
2012-01-06,0.0008732913820035,1.4746316775598798,0.3236756581547005,0.4424928883908457,0.1227189245933485,0.1227189245933485,21
2012-01-09,-0.00237978675528,1.406575072598558,0.2208008551452722,0.3791571627383091,0.2935785179595178,0.2935785179595178,9
2012-01-10,0.0222582394442902,1.3453930821622724,0.171646386384964,0.5245685094148649,0.3093138490833106,0.3093138490833106,12
2012-01-11,0.0023480553757015,1.4378798113595423,-0.1613102889118286,0.6512303097563084,0.2123166596700048,0.2123166596700048,13
2012-01-12,-0.0061286988873317,1.3725987256929426,-0.180433011536176,0.6172549401213334,0.1823388263921484,0.1823388263921484,12
2012-01-13,0.0071670110077358,1.3261444197240544,-0.1349339710432104,0.5723069856052524,-0.0168460059921957,-0.0168460059921957,16
2012-01-16,0.0016221735654996,1.2805809481025137,-0.270309615181759,0.6182324256128418,-0.0102291278786853,-0.0102291278786853,8
2012-01-17,0.018981975685772,1.223103135339968,0.1354504574555903,0.6959204448531989,0.0529475659196679,0.0529475659196679,16
2012-01-18,-0.0023178251959906,1.2907003556009218,-0.4429266930092126,0.5234171355284676,-0.0086509784735324,-0.0086509784735324,8
2012-01-19,0.0125525699241455,1.2358381450087683,-0.2842836139293817,0.5376112948502157,-0.1071038509539972,-0.1071038509539972,13
2012-01-20,0.0059998581322633,1.2327057550167675,-0.0384357730702807,0.7056930250511014,-0.1801010475470087,-0.1801010475470087,12
2012-01-23,-0.0004656032880075,1.1880674144355914,0.1193705424666404,0.5835074535314438,-0.2273731364937833,-0.2273731364937833,4
2012-01-24,0.0159435823751942,1.135884816925576,0.017587404212226,0.4438826646857697,-0.1669989328654617,-0.1669989328654617,23
2012-01-25,0.0060180544221871,1.1781896757198107,0.0404086240700313,0.7825654947223526,-0.1512300534373993,-0.1512300534373993,7
2012-01-27,0.0089550710620374,1.137059865429182,-0.1962431736756116,0.6937209659627321,0.0364906354615636,0.0364906354615636,8
2012-01-30,-0.0228149014799429,1.114741352463409,-0.1209003334864974,0.5089386890119141,-0.159418187808584,-0.159418187808584,10
2012-01-31,0.0217671848514038,1.2799620253147797,-0.0859453196383335,0.5715906612004457,-0.2168732077831571,-0.2168732077831571,11
2012-02-01,0.0069862036487603,1.3760017177966082,-0.0861164595593105,0.5898575208308907,-0.1948478649598969,-0.1948478649598969,11
2012-02-02,0.0065107804455657,1.326484996372031,0.2306288001675377,0.5617378674392575,-0.0939869691482819,-0.0939869691482819,17
2012-02-03,0.0105609730960688,1.278074519968148,0.0628451279674967,0.6475571317397013,0.0001023630901786,0.0001023630901786,12
2012-02-06,0.0066994037117504,1.255619879992636,0.0603816811926662,0.6895072062983252,0.0667786104909303,0.0667786104909303,8
2012-02-07,-0.0049547630502039,1.2124839816453017,0.1156944115646183,0.5844273470296013,0.0437917327703464,0.0437917327703464,8
2012-02-08,0.0061663421874561,1.1710117366525874,-0.1649219970115357,0.706598846392233,-0.0017616922254599,-0.0017616922254599,9
2012-02-09,0.0082000729066469,1.130973210107971,0.4397330647334456,0.4141139356099035,0.0617080085559024,0.0617080085559024,6
2012-02-10,-0.0056976514863561,1.1043014997755922,-0.0441084887133911,0.5151170241131505,0.0813557343531607,0.0813557343531607,8
2012-02-13,0.0015967803430544,1.0737480084687383,0.1375599683572848,0.6815331822752201,0.1428790984730724,0.1428790984730724,9
2012-02-14,0.0047842051923908,1.0275675642520896,0.09629205936058,0.6362943598350718,0.0741908973984993,0.0741908973984993,11
2012-02-15,0.0211736793344172,0.9911041642200776,0.162039219867438,0.6918475829036929,0.1154204391146651,0.1154204391146651,12
2012-02-16,-0.0018093165986013,1.1306255070985956,0.3544227899136868,0.5097967935275103,0.2419062892807591,0.2419062892807591,11
2012-02-17,0.0076400614043985,1.0837219257257389,0.2387687833979725,0.4612910153000408,0.1978165641793925,0.1978165641793925,13
2012-02-21,0.0076713960900223,1.057189877479531,-0.0355601598109517,0.60883726984573,-0.0102269738025608,-0.0102269738025608,7
2012-02-22,-0.0183221871842838,1.032816893863792,0.2997485408559441,0.4501702432377781,0.0019689776890335,0.0019689776890335,12
2012-02-23,-0.0040132905790598,1.142859815548999,0.1619900109556814,0.5211555030513595,-0.0507750789989672,-0.0507750789989672,12
2012-02-24,-0.0098968976597498,1.101893674922907,0.0881657718991239,0.5668660655720172,-0.0197494875559849,-0.0197494875559849,15
2012-02-27,-0.0276567946126633,1.1013719984043635,-0.4216762717502813,0.5363678174747626,-0.0226273460366895,-0.0226273460366895,6
2012-02-28,0.0176982113376386,1.3561123804143953,-0.0294509120867587,0.6131519538874115,-0.0609155306451776,-0.0609155306451776,16
2012-02-29,0.00180289344818,1.3910705897243705,0.0405789148062467,0.6149473565786885,-0.070432902063753,-0.070432902063753,13
2012-03-01,-0.0084756509945485,1.327799756239749,-0.1086215824470855,0.4620441753464289,-0.1592460477203574,-0.1592460477203574,16
2012-03-02,0.0036638818972382,1.2974977024090617,-0.0313505873513909,0.6698922797466746,-0.1101040877658539,-0.1101040877658539,13
2012-03-05,-0.0148503153997259,1.2419313498631286,-0.3012349868193268,0.5691500086216357,-0.0995516896139806,-0.0995516896139806,10
2012-03-06,-0.0110353542461898,1.2756022947147094,0.1337462816387415,0.4442987443822482,-0.0510781167968152,-0.0510781167968152,15
2012-03-07,-0.0003734051596396,1.268588151470316,-0.0167226424584021,0.5124004448407298,-0.0481525278182174,-0.0481525278182174,13
2012-03-09,0.0214333786384319,1.2119394059754225,0.3562123738229275,0.3958762205235461,0.0342520944000437,0.0342520944000437,4
2012-03-12,0.0048629587655416,1.3143874962148256,-0.2591725010424852,0.545147058658271,-0.0904925635084509,-0.0904925635084509,5
2012-03-13,0.0129670687823846,1.260905789365983,-0.2757978630769584,0.5051813437804066,-0.1455040252870983,-0.1455040252870983,18
2012-03-14,0.0063157539426588,1.259018208205119,-0.1541730418269123,0.6300934778863384,-0.2475811084170662,-0.2475811084170662,14
2012-03-15,-0.0153814959591669,1.214019411271232,0.049306741139541,0.3987077120578866,-0.1639651449456337,-0.1639651449456337,12
2012-03-16,-0.0117028364396446,1.2571603091141974,-0.1813909669406712,0.5657377824824266,-0.1642455263494971,-0.1642455263494971,10
2012-03-19,-0.011508474451056,1.2576690199535343,-0.2843218384310603,0.525237385508991,-0.0837679190570044,-0.0837679190570044,5
2012-03-20,0.003380265684812,1.256401847127126,-0.001301651221833,0.6528647142438413,-0.0938895975292792,-0.0938895975292792,14
2012-03-21,0.0169368313275983,1.202549517332065,-0.0998164475230234,0.6511809646337019,-0.0775746936457497,-0.0775746936457497,14
2012-03-22,-0.0257721883856936,1.2478757841942807,-0.0653253577516547,0.5026455015124313,-0.1278641698030488,-0.1278641698030488,14
2012-03-23,0.0094702631138389,1.4340389795201365,0.0615129945134477,0.550028930588067,-0.0778504600828246,-0.0778504600828246,14
2012-03-26,-0.017959984312352,1.3930352995162774,-0.3653175649898393,0.6261317751037137,0.0401410579069384,0.0401410579069384,7
2012-03-27,0.0112972609345154,1.4434056688634522,-0.013510342190663,0.6055451176496012,0.0505040610191368,0.0505040610191368,15
2012-03-28,-0.0092739439324757,1.41306156223189,0.0348224682467324,0.7109869665579672,0.0451659557657937,0.0451659557657937,14
2012-03-29,-0.0030654574390867,1.3815104847610618,0.0446346962125971,0.6922642998199786,-0.0446330502148096,-0.0446330502148096,16
2012-03-30,0.0222837655949015,1.323342036783756,-0.1368139062283767,0.4895153694679813,-0.0872369297899098,-0.0872369297899098,9
2012-04-02,0.0042116618649978,1.419616912003439,-0.0755115414836577,0.658213901950881,-0.1356797390399381,-0.1356797390399381,7
2012-04-03,0.0076056149522496,1.358456501271692,0.0135077920609286,0.6233337560678326,-0.1419051198702719,-0.1419051198702719,7
2012-04-04,-0.0066658359018455,1.31283775557702,-0.2044736640527844,0.5168259535522757,-0.1554370714351534,-0.1554370714351534,16
2012-04-09,-0.0167660433523046,1.2730174166417287,0.2656567497178912,0.3405949985817335,0.0139797295557542,0.0139797295557542,6
2012-04-10,0.0017560980486462,1.3248264942833756,0.1689994066837243,0.530519476328383,0.0216903575952165,0.0216903575952165,16
2012-04-11,-0.0031994831122376,1.2650624048115564,-0.0026436941698193,0.6136592363288255,-0.0020520313852466,-0.0020520313852466,13
2012-04-12,0.0095205264312807,1.2139491995081253,-0.1954456305561157,0.5165281244340998,-0.0146718672399695,-0.0146718672399695,13
2012-04-13,-0.0132390172074444,1.1894056189711488,0.0404885393877824,0.7357980677306803,0.0554110742126926,0.0554110742126926,15
2012-04-16,0.0035941438484491,1.2118800158688547,-0.0914424948859959,0.6590823186464763,0.0326878316335094,0.0326878316335094,8
2012-04-17,0.0120770964847559,1.160981592454594,-0.0008639308877966,0.4664678934342265,0.0716041715671732,0.0716041715671732,22
2012-04-18,0.0019452501478614,1.1608108000914763,-0.2930993181135919,0.488160907175263,0.0048866000668983,0.0048866000668983,9
2012-04-19,0.0060945793855567,1.1101114326864467,0.053351542330347,0.5938113988269106,-0.0065981557369325,-0.0065981557369325,16
2012-04-20,-0.007822467994285,1.0737142864356894,-0.0803781062221297,0.5128411731625647,-0.0824864615558334,-0.0824864615558334,13
2012-04-23,-0.017204909624993,1.0590463631022595,0.1959795532748103,0.5620156894418286,-0.1029289301130203,-0.1029289301130203,6
2012-04-24,0.0042308948896583,1.1481771508222822,0.0503131662580099,0.4987007638575374,-0.1035366053274877,-0.1035366053274877,11
2012-04-25,-0.0039617501875532,1.1025710138215123,0.0278490859083831,0.5801701136183837,-0.0818911669013851,-0.0818911669013851,10
2012-04-26,-0.0025021666408571,1.063944010079216,-0.3175558095797896,0.576960160870365,-0.1878141500038856,-0.1878141500038856,10
2012-04-27,0.0003083158607018,1.0226676929998526,-0.1142208076674829,0.6804186112172811,-0.0315269623612137,-0.0315269623612137,11
2012-04-30,0.0110262986963423,0.979104592672831,0.0363266083877533,0.033455980370482,-0.1690178633216918,-0.1690178633216918,4
2012-05-02,-0.0017163621479385,0.9875274352179528,0.2069048384825388,0.6032094780834323,-0.0544062494119214,-0.0544062494119214,3
2012-05-03,-0.0097339071323631,0.9487488844510004,-0.0701348132764299,0.6628732675549897,-0.0173729347608362,-0.0173729347608362,12
2012-05-04,-0.019766547986143,0.9623473450057156,0.0817157088645866,0.640186293297719,0.0378377912554979,0.0378377912554979,7
2012-05-07,0.0053523909148913,1.1094003692018704,0.0056776981800794,0.6687420438685975,-0.1309818124539026,-0.1309818124539026,6
2012-05-08,-0.0225832371441036,1.0699330912648617,-0.1929462968061367,0.6390624266072279,-0.1555441091598439,-0.1555441091598439,12
2012-05-09,-0.005042821909914,1.2409746548087162,-0.1078607514500618,0.6854392075607679,-0.1934594012227736,-0.1934594012227736,10
2012-05-10,-0.0018308157369825,1.1980613248394307,-0.0910825218074023,0.7421103786508095,-0.1846376408543437,-0.1846376408543437,10
2012-05-11,-0.0074384941865402,1.1473722972194114,-0.1459482269775536,0.629625007805056,-0.1064320197722149,-0.1064320197722149,9
2012-05-14,-0.0042900831877799,1.1241013038963854,-0.1457086657173931,0.4196589253123228,-0.0367917995796434,-0.0367917995796434,4
2012-05-15,0.0071061963075779,1.0854460872264209,0.042811731264616,0.5203948105898254,-0.0100129489652397,-0.0100129489652397,12
2012-05-16,-0.0172536419706753,1.0557617961633754,-0.0854755914770066,0.5469964594080834,0.0020815781348695,0.0020815781348695,8
2012-05-17,0.0024567533539605,1.1461317022363904,0.028543814861526,0.4337369175960193,-0.01318137797527,-0.01318137797527,6
2012-05-18,0.0043537788624831,1.0968548041680466,0.1858024508692324,0.4513353518110262,0.005194747960195,0.005194747960195,13
2012-05-22,-0.0063475097001328,1.0546701385332238,0.1182793482206761,0.6397951440959931,0.0062513373047114,0.0062513373047114,10
2012-05-23,-0.0051257772033131,1.0315325944678029,-0.0245189642947581,0.2294128950451095,-0.0358129457280866,-0.0358129457280866,9
2012-05-24,0.017577486953404,1.00305250463983,0.013236033419768,0.5876990545354321,0.0513181947771874,0.0513181947771874,9
2012-05-25,-0.0002032148638026,1.0856775548412754,-0.0661433823406696,0.3682392768679937,0.0354138812650409,0.0354138812650409,5
2012-05-28,0.0131739583343908,1.0389120400545595,-0.139889002777636,0.710168358761675,-0.1852030490214625,-0.1852030490214625,6
2012-05-29,0.0008922027131203,1.0622481809794408,-0.1738632698120041,0.3447279641613965,-0.2226229096678169,-0.2226229096678169,11
2012-05-30,-0.0079168889579334,1.0163974549752586,0.2003438502836685,0.6280125459233248,-0.1693254631429493,-0.1693254631429493,13
2012-05-31,-0.0053671014911858,1.0073686861821824,-0.3000112293908993,0.400109591563028,-0.1755666708369632,-0.1755666708369632,6
2012-06-01,-0.0169267139815241,0.9819409044000748,0.1103824532280365,0.5508879233750144,-0.0606074396937668,-0.0606074396937668,9
2012-06-04,0.0013519039572866,1.0803410801729674,0.1130473017692565,0.6107688359366408,0.0643810308538377,0.0643810308538377,4
2012-06-05,0.0031200109335819,1.0336377786642703,0.1162142346147447,0.6404039415807166,0.1476261236549666,0.1476261236549666,16
2012-06-06,0.0271405840386076,0.9919416841209948,0.4717398324670891,0.4727187656233186,0.2198975995027771,0.2198975995027771,6
2012-06-07,0.010461150903908,1.2379122840491177,0.1499369244735974,0.6160780478971585,0.256451399379577,0.256451399379577,13
2012-06-08,0.0036964255001187,1.217992006178664,-0.3187758827698417,0.5298945992367685,0.1064324821109693,0.1064324821109693,16
2012-06-11,-0.0028155257153311,1.16697691760566,0.2282269105004767,0.5740440106150028,-0.1447689217152397,-0.1447689217152397,6
2012-06-12,0.0121535035157539,1.1204892835768567,0.2649498024644951,0.4134561737944186,-0.1217663461170602,-0.1217663461170602,12
2012-06-13,0.0010843223020839,1.124975247654558,-0.6019537085667253,0.3837260994161919,-0.1784019112764369,-0.1784019112764369,4
2012-06-14,-0.0131092449528796,1.075699754410646,0.1186713559839588,0.5766054520465903,-0.1789648895032512,-0.1789648895032512,13
2012-06-15,0.0165398042112836,1.1102430550188274,0.0169299654662609,0.5105318054346366,0.0053648651696933,0.0053648651696933,17
2012-06-18,-0.0146621477647781,1.1630953635535706,0.2570554393654068,0.4067694167920304,0.0539439274117542,0.0539439274117542,12
2012-06-19,0.0077891243179598,1.2043864177475592,0.0328199327923357,0.7526350768671,0.0367736427734296,0.0367736427734296,6
2012-06-20,0.0032666409844854,1.1700543316871692,-0.1366037917746738,0.6517690228650782,0.0060668913252426,0.0060668913252426,11
2012-06-21,0.0086432855573779,1.1208298460107085,0.0521715964501102,0.583334326874108,0.0054934115623209,0.0054934115623209,15
2012-06-22,-0.0036757104286276,1.0977214939469695,0.0264462835879789,0.3765462162678291,0.0463778920842316,0.0463778920842316,9
2012-06-25,-0.0061204403714595,1.0582875460315255,-0.0963134853677316,0.5583984311992602,0.0127047839759705,0.0127047839759705,11
2012-06-26,0.0012016869331281,1.033489227166858,0.2996043076908046,0.3881308812521186,0.0621913262241094,0.0621913262241094,11
2012-06-27,0.0041120032719708,0.989326085393072,0.0695304978065765,0.5209612024091528,0.0708081690678289,0.0708081690678289,13
2012-06-28,0.001408991567823,0.9529369731361952,-0.1187501349708154,0.6035587870128203,0.0322589448426456,0.0322589448426456,21
2012-06-29,0.0248860906366406,0.9134426770415512,-0.1095441693129638,0.3624347813698179,0.0089054031691741,0.0089054031691741,18
2012-07-02,-5.679463652956444e-05,1.1376513314601953,-0.4087997662524382,0.4859614858610629,-0.1456443998829593,-0.1456443998829593,6
2012-07-03,0.0017697545248749,1.0879015866466146,0.2400791782599229,0.5292517072948975,-0.0738785372368117,-0.0738785372368117,13
2012-07-04,0.0027571160235064,1.0410744144436117,-0.1239392233758487,0.53068763334028,-0.0767575480493887,-0.0767575480493887,22
2012-07-05,0.0046567064699189,0.9982248011104006,0.1929188882441897,0.5506644513747324,-0.0131134258066852,-0.0131134258066852,19
2012-07-06,-0.0019446391500623,0.9631483797583754,0.1911872533912008,0.5422391518338472,0.0182892660534053,0.0182892660534053,11
2012-07-09,-0.007892770948501,0.9263982538910808,-0.1102039913054217,0.540853622637913,-0.107224868611838,-0.107224868611838,11
2012-07-10,0.0132199458969235,0.925422527087333,0.2610010649077594,0.6036467564170982,-0.0936084332791241,-0.0936084332791241,12
2012-07-11,-0.0073322852853336,0.9633012548023656,-0.0622801942129929,0.682575432646628,-0.1443019227999628,-0.1443019227999628,12
2012-07-12,-0.01348015840175,0.954437966752962,-0.0420617244134728,0.6825392550744481,-0.098660539120809,-0.098660539120809,13
2012-07-13,-0.001529271504729,1.009749304478765,0.0049530420452356,0.5995116900621525,0.0102816394042215,0.0102816394042215,10
2012-07-16,-0.0057556876243089,0.9692422768512886,0.1227338525599667,0.5806588136025023,-0.0242303518768085,-0.0242303518768085,7
2012-07-17,-0.0008469413317297,0.9489674523254128,0.0640694400405182,0.6142866080794908,-0.0030041189860103,-0.0030041189860103,17
2012-07-18,0.0045056026517466,0.9107449263483676,0.0423632930964231,0.5976742160321648,0.0044779312242271,0.0044779312242271,15
2012-07-19,0.0050483691930537,0.8807364827244305,0.0028925484723665,0.5471343881377551,0.0549494673185257,0.0549494673185257,11
2012-07-20,-0.0071977371182622,0.8550270385047316,-0.3611648785216467,0.6308192907604986,-0.0258211488704743,-0.0258211488704743,7
2012-07-23,-0.0168849265289552,0.8550372700634716,-0.4199837669730186,0.7017494083444528,-0.2317857938177592,-0.2317857938177592,2
2012-07-24,0.0020007520929255,0.9773121595320066,-0.0571066811680793,0.6495737682107774,-0.2437856397458485,-0.2437856397458485,13
2012-07-25,-0.0036336161263147,0.9369741606632364,0.0298429776448756,0.6635092286581259,-0.1655840685125439,-0.1655840685125439,12
2012-07-26,-0.0131199992829621,0.9077836042407684,-0.4085083278478123,0.5936216568683044,-0.3253112535574473,-0.3253112535574473,16
2012-07-27,0.0112100035872987,0.9653665433919076,-0.5284186418760907,0.4000949338276086,-0.276834888044025,-0.276834888044025,11
2012-07-30,0.0194089790658275,0.9769932633247776,-0.0442322014520565,0.840793043407755,-0.3089357197498949,-0.3089357197498949,3
2012-07-31,0.0055999294582788,1.0912585117176916,-0.1160649282392114,0.5440772269366811,-0.2504470398281747,-0.2504470398281747,36
2012-08-01,0.0021968584221014,1.0539428446700818,0.2851718217134475,0.3786871334007861,-0.0877289471102671,-0.0877289471102671,4
2012-08-02,-0.0024359384433229,1.0094863416240036,0.1806566602860888,0.5566656747916165,0.0181705663529121,0.0181705663529121,15
2012-08-03,-0.0023076301048797,0.9713013990603552,0.0573419276624918,0.528567545892442,0.072574655994152,0.072574655994152,12
2012-08-06,0.0127355536255731,0.935068016991271,-0.6531601286493242,0.410630258134469,-0.1393773119241901,-0.1393773119241901,5
2012-08-07,0.0101986223097219,0.9661532371465636,-0.0436246044595133,0.5300119996794533,-0.1842335648733106,-0.1842335648733106,11
2012-08-08,0.000243529967145,0.9683372428914492,-0.0479916048546632,0.6098627764657023,-0.2053002713767416,-0.2053002713767416,12
2012-08-09,-0.0028233533426232,0.9278731586248756,-0.0040271504678659,0.5137827957166405,-0.1867324341993515,-0.1867324341993515,18
2012-08-10,-0.000479227497763,0.8960516602767556,-0.020460268529132,0.4042528197334167,-0.1538527513920997,-0.1538527513920997,10
2012-08-13,0.0051554720833495,0.8604024212557727,0.1288661421276629,0.5337315630083712,0.1319018427853595,0.1319018427853595,6
2012-08-14,0.0060495037449832,0.8366126132245839,0.2848323415964842,0.6036777079358232,0.1896737411982295,0.1896737411982295,4
2012-08-16,-0.0032392127341304,0.8193217273173886,-0.1230451903409428,0.5991074566908812,0.1501076534245577,0.1501076534245577,9
2012-08-17,0.0006243883745507,0.7964664508373382,-0.0481929402643193,0.4801564902146094,0.0472632291054146,0.0472632291054146,12
2012-08-21,0.010141678667502,0.7659191691118002,0.2923904326744377,0.4374978432981503,-0.0170243715277562,-0.0170243715277562,8
2012-08-22,-0.0015045258717129,0.7894900254745862,-0.0024908112827688,0.5161764957795242,-0.007883945731446,-0.007883945731446,18
2012-08-23,0.0004617572633175,0.7623673816537604,-0.0117099589551799,0.496411850678928,-0.0314929240266791,-0.0314929240266791,16
2012-08-24,-0.0053045428870169,0.7339329444226439,0.0732951820245944,0.564773665297144,0.0068500229467948,0.0068500229467948,16
2012-08-27,-0.0067896999946754,0.7302395140915799,0.4651262412912079,0.4278615672427504,0.2442292468708202,0.2442292468708202,7
2012-08-29,-0.0117410453730199,0.7393312063476425,0.0741841388866305,0.5736270283790392,0.3018336200360935,0.3018336200360935,10
2012-08-30,0.0051401389252244,0.8051939662271322,0.243236418813467,0.6433793114390374,0.2697927106563728,0.2697927106563728,11
2012-08-31,-0.0106965673623718,0.7853033099120673,-0.0352161506620737,0.4394010494590187,0.2045507196676764,0.2045507196676764,13
2012-09-03,-0.0009037076407566,0.8301051412316126,0.4673685580492019,0.7542856336927124,-0.0014946846470522,-0.0014946846470522,5
2012-09-04,0.0038469805939055,0.7990793027079743,-0.0771401379606686,0.6152350468741753,-0.0655699960018794,-0.0655699960018794,16
2012-09-05,-0.0092002903863314,0.7739993969241541,-0.018244261141209,0.6802573465165198,-0.0621756180977064,-0.0621756180977064,17
2012-09-06,0.0024272920075337,0.8026239300946203,0.2768994025213437,0.555233974856058,0.0271931636342749,0.0271931636342749,18
2012-09-07,0.0196027628214421,0.7733493927019764,0.0222677318379282,0.5820061944874282,0.1342302586613193,0.1342302586613193,19
2012-09-10,0.0039886087827091,0.9355787375368458,-0.1062820225954055,0.5186967656124211,-0.0117505621805135,-0.0117505621805135,10
2012-09-11,0.0049379237644572,0.9021413225866168,0.0912841712435086,0.5298970411128202,-0.0488736084360806,-0.0488736084360806,15
2012-09-12,0.0075778941318024,0.8744766160054778,-0.256678909402002,0.5254516221616509,-0.1046629366840666,-0.1046629366840666,11
2012-09-13,0.0008006548380166,0.8640625561677199,0.1604131004937431,0.5992167202393038,-0.0354024494090407,-0.0354024494090407,17
2012-09-14,0.025843589333311,0.8294904006550073,-0.0273231693011309,0.5343145610273636,-0.0277173659122572,-0.0277173659122572,14
2012-09-17,0.0057831963105691,1.0975652600511976,-0.0825997050041737,0.502279094201019,-0.0953995459349676,-0.0953995459349676,23
2012-09-18,-0.0017752281388536,1.0606172261176776,-0.3351515683655937,0.4804935554258857,-0.194512479706835,-0.194512479706835,15
2012-09-20,-0.0082120909206513,1.0176779623223864,-0.1062844341088618,0.6288829597962811,-0.1318517643658879,-0.1318517643658879,14
2012-09-21,0.0243489190456501,1.010865707911505,-0.2247452432862841,0.4904019809246421,-0.1221126375907607,-0.1221126375907607,13
2012-09-24,-0.0037937337823013,1.2001980807878514,-0.0737294552049466,0.4817728267769928,0.0154969763658914,0.0154969763658914,7
2012-09-25,0.0007581090304466,1.1548718256531771,0.325721586200719,0.4522445121297569,0.1018981804278076,0.1018981804278076,12
2012-09-26,-0.0018434131257124,1.1039118150744591,0.0284878188394941,0.6747564279367607,0.1525447928529632,0.1525447928529632,16
2012-09-27,-0.0024662359760189,1.058616602789494,0.1379047664148467,0.5406249964955577,0.1638938377350791,0.1638938377350791,14
2012-09-28,0.0094778747708645,1.0175562563345095,-0.0279117756419711,0.7299996764109512,0.0780945881216284,0.0780945881216284,9
2012-10-01,0.0027140385821359,1.0089468626164495,0.0635927782859653,0.6421109375568965,0.1065342589355414,0.1065342589355414,8
2012-10-03,0.0021746980024732,0.9678739145409324,0.2737090121954679,0.634176021881154,0.1355997657669442,0.1355997657669442,10
2012-10-04,0.00978405773151,0.9283057868643458,-0.0448062649462372,0.5837120991587739,0.1549052292933422,0.1549052292933422,20
2012-10-05,-0.0070484014723766,0.9305657619024312,-0.0234209531918168,0.7941764975415709,0.0501372170155602,0.0501372170155602,10
2012-10-08,-0.0124225539839749,0.9224164589767816,-0.153899539346722,0.6181763283181966,0.0483106446562505,0.0483106446562505,11
2012-10-09,0.0050261247418614,0.9690632080367864,0.0883569388013137,0.6333132517282554,0.0749432854057606,0.0749432854057606,19
2012-10-10,-0.0092368975691228,0.9373083873548136,0.1152005453283588,0.4344026873997142,0.1026675851097958,0.1026675851097958,24
2012-10-11,0.0098414385242615,0.9473206698699514,-0.2060346283251419,0.5607734241565946,-0.0059531217287598,-0.0059531217287598,16
2012-10-12,-0.0056218911252959,0.948220832278216,0.1901283866415421,0.6652231792921642,0.0067503406198701,0.0067503406198701,12
2012-10-15,0.0019712933975172,0.9287393869504372,-0.0591210373677313,0.7337348809615414,-0.3260094878600082,-0.3260094878600082,8
2012-10-16,-0.0069253270760766,0.8911736283945265,0.3210221775142209,0.4889311341449202,-0.2205981266921356,-0.2205981266921356,14
2012-10-17,0.0021665606600093,0.8855964879744086,0.1139844017103314,0.6246114686392887,-0.2358269236783777,-0.2358269236783777,20
2012-10-18,0.0102734801364267,0.8508357676339187,0.1097955535116948,0.5326570617685755,-0.082477075192461,-0.082477075192461,19
2012-10-19,-0.0060423486092661,0.8658026651716896,-0.1503441707630242,0.6412151641034612,0.0670673849210984,0.0670673849210984,14
2012-10-22,0.0057712200154127,0.8558343851444942,0.3120281537994742,0.4182159022731391,-0.0696532196827456,-0.0696532196827456,3
2012-10-23,-0.0045141659839257,0.835516480299205,-0.1615905161947012,0.6450898719120262,-0.1239304336240248,-0.1239304336240248,10
2012-10-25,0.0024392867397124,0.8180695401692435,0.0413971199439122,0.6392945939264366,-0.1321594753006954,-0.1321594753006954,13
2012-10-29,-0.0069827135371081,0.7878624057281796,0.0696076024323701,0.0914613402276985,0.0203269006724223,0.0203269006724223,2
2012-10-30,-0.0120213096463401,0.7926702369991327,-0.069642425654456,0.4436232642234641,-0.0018810084472513,-0.0018810084472513,30
2012-10-31,0.003886806486983,0.8535701140493237,0.5655311159789562,0.3589481608608879,0.1238198378257867,0.1238198378257867,2
2012-11-01,0.0045007039065821,0.8250329770323526,0.1274218390194269,0.6060474593911261,0.2090441484059184,0.2090441484059184,13
2012-11-02,0.0092835985567585,0.8007606696216127,0.1488516506894181,0.629597061513561,0.1683539564931431,0.1683539564931431,12
2012-11-05,0.0011401609348372,0.8116091219824991,0.223515341989696,0.7586056787436828,0.1029199286387899,0.1029199286387899,4
2012-11-06,0.0035349435439119,0.7802328344488008,0.2420484521002932,0.5439497225314016,0.1258452512549632,0.1258452512549632,22
2012-11-07,0.0062171292271889,0.75532539770075,-0.2385968385885159,0.7125781780663863,0.0483555533993764,0.0483555533993764,15
2012-11-08,-0.0037134360408294,0.7456417775915531,0.0311453529866412,0.6158603075975214,0.0538650287152974,0.0538650287152974,8
2012-11-09,-0.0091904366792179,0.7306034080522265,0.2316715528567632,0.4357914306435738,0.0979567722689755,0.0979567722689755,15
2012-11-12,-0.0004485164290861,0.7648684576739463,-0.4516659996006638,0.4307376421049182,0.0065917942998931,0.0065917942998931,4
2012-11-15,-0.0093154172005091,0.737108012291735,0.3310049508551234,0.403143805531205,-0.0946594125620628,-0.0946594125620628,19
2012-11-16,-0.0101651820736875,0.7719528519619216,0.1274574838711747,0.478696555343329,-0.1090189454521058,-0.1090189454521058,14
2012-11-19,-0.0004755128708731,0.8121240098538969,0.2550664448644966,0.8332237237085773,0.1668590687358878,0.1668590687358878,4
2012-11-20,2.6905325376147813e-05,0.781492500594892,0.0442457504104822,0.6305003005155756,0.1095072286469596,0.1095072286469596,16
2012-11-21,0.0077326772394368,0.7521537308688904,-0.1594472858325942,0.3798244698214393,0.0521262747062058,0.0521262747062058,23
2012-11-22,0.0023037836194019,0.7541419473376894,0.3669668301008641,0.6151674155878595,0.1476189658936599,0.1476189658936599,20
2012-11-23,-0.0002043480676846,0.7276694982329841,0.0149170120849328,0.7143364860145671,0.1043497503256363,0.1043497503256363,17
2012-11-26,0.0016514640268392,0.7019127139309876,0.5525432222833236,0.327384279970501,0.2383791171755715,0.2383791171755715,6
2012-11-27,0.0161136061249355,0.6777374527100326,0.4396204117330767,0.2989324601317509,0.252909833502014,0.252909833502014,21
2012-11-29,0.0168885598555384,0.8012248241814195,0.0603345315903425,0.5069485605936677,0.3373644171460044,0.3373644171460044,18
2012-11-30,0.0093722685379281,0.9105386076689134,0.0801799199854334,0.6173876014303589,0.2842220547848514,0.2842220547848514,15
2012-12-03,-0.0015147741130177,0.9109622220091336,0.0090746469795703,0.3808678350157868,-0.090498013695081,-0.090498013695081,4
2012-12-04,0.003112161213904,0.876302829177377,0.4149898978966204,0.4067454708260658,-0.0195669404338254,-0.0195669404338254,22
2012-12-05,0.0019084379930875,0.8440143727626377,0.0570309231767342,0.5510411010233667,-0.0241967397955652,-0.0241967397955652,21
2012-12-06,0.005138862601968,0.8113729686456748,-0.0209136621228286,0.5921281092408439,0.0295675046129144,0.0295675046129144,14
2012-12-07,-0.0039701699155185,0.791023225328851,-0.0126531084792481,0.5130770759977513,0.0895057394901697,0.0895057394901697,18
2012-12-10,0.0002538865859619,0.7739060410174249,-0.3248147632926702,0.8233112831660835,-0.0487022424019162,-0.0487022424019162,5
2012-12-11,-0.0017107650719774,0.7448643454848605,0.06668569596813,0.5620184601287708,-0.0311823707837245,-0.0311823707837245,17
2012-12-12,-0.0018325258575251,0.721253241826399,0.068961485672523,0.6267642599531471,-0.0148594519533703,-0.0148594519533703,17
2012-12-13,-0.0062183427938912,0.6996275243081657,0.1683038127375766,0.4918622389978882,-0.0206846330544052,-0.0206846330544052,16
2012-12-14,0.0047907103623472,0.7067981436822606,0.03712164137202,0.5723560668056865,0.0032515744915159,0.0032515744915159,24
2012-12-17,-0.0036975880786428,0.6925263082338541,-0.0291255373507738,0.5981014910626832,0.0847108611573155,0.0847108611573155,5
2012-12-18,0.0066186368547752,0.6816325986539169,0.3324147888289934,0.4754953287551828,0.1175330563755988,0.1175330563755988,22
2012-12-19,0.0055469758070211,0.6814734635690474,0.2530158646404743,0.6152319189959692,0.1607119010292897,0.1607119010292897,9
2012-12-20,-0.0022286342691326,0.6736981696617308,0.0945690546068362,0.6282215278544172,0.1901288991674753,0.1901288991674753,16
2012-12-21,-0.0116796843671638,0.6569028418690053,0.244559599425305,0.6436017259256868,0.1790867540301671,0.1790867540301671,11
2012-12-24,0.0013756295489937,0.7368526040713714,-0.5448699109256268,0.4114805001138971,0.1355301804004491,0.1355301804004491,6
2012-12-26,0.008476985338926,0.7101926982694025,-0.1628402513451874,0.6053504481288025,0.0225494886748493,0.0225494886748493,10
2012-12-27,-0.006029383723567,0.723313914413304,0.0021255771862342,0.4026239423549671,-0.0014477017102762,-0.0014477017102762,16
2012-12-28,0.0064949350428471,0.7264113409110354,-0.05946227364046,0.4622531250070879,-0.1655962823951419,-0.1655962823951419,19
2012-12-31,-0.0005502203045275,0.7211681140811084,0.2495839782059192,0.7275709929695481,0.1915266686989191,0.1915266686989191,15
2013-01-02,0.0148174350959837,0.6963279381814822,0.1600138510323383,0.540055633617485,0.2381346830736959,0.2381346830736959,22
2013-01-03,0.0027077144701615,0.7940683474676816,-0.0333008928334011,0.6451258180493459,0.1671580283705697,0.1671580283705697,17
2013-01-04,0.001105953204286,0.7659293200354206,0.0272630777429131,0.6753949551935949,0.0838499077070179,0.0838499077070179,17
2013-01-07,-0.0046232553290176,0.7373057572638266,0.0880115906206461,0.7626934541502274,0.1222946989543871,0.1222946989543871,13
2013-01-08,0.0022185466869673,0.7284900412017475,0.2005505354913032,0.6003504356323283,0.169064984619328,0.169064984619328,23
2013-01-09,-0.0050446428465974,0.7034917696295115,-0.1105486397734946,0.5563609215445322,0.1415026411160465,0.1415026411160465,18
2013-01-10,-0.0004773973080222,0.7006600757888142,-0.1750243814894929,0.6995086900760582,0.0868767871321461,0.0868767871321461,16
2013-01-11,-0.0029111045491811,0.677020237733025,-0.1009667853359133,0.5676267681700138,-0.0195955360973902,-0.0195955360973902,16
2013-01-14,0.0121501079046823,0.6630761833423345,0.4277268536388874,0.4370094188760335,-0.0484556081782404,-0.0484556081782404,5
2013-01-15,0.0053888444748558,0.7268138155740169,0.1099597781763545,0.5424618061166063,0.008541223754929,0.008541223754929,14
2013-01-16,-0.0090808313412199,0.7142974253336617,0.0797990910708904,0.6867383339949541,0.0446943990362897,0.0446943990362897,10
2013-01-17,0.0062038138766081,0.749515736471604,0.1892761669254728,0.5630237520499087,0.1356047636084259,0.1356047636084259,14
2013-01-18,0.0041640079380211,0.740236195943495,-0.057159215140228,0.6530281001167154,0.1499205349342754,0.1499205349342754,13
2013-01-21,0.0029472886846284,0.7204790941183643,-0.0459483766130038,0.667735465703167,-0.0594267024701603,-0.0594267024701603,7
2013-01-22,-0.0055725743889511,0.6977324904034767,0.0249866745434701,0.5610703032952877,-0.0922846009465609,-0.0922846009465609,10
2013-01-23,0.0009584237077469,0.6995808402852525,-0.3485213816165924,0.5922950065646739,-0.1505570342418337,-0.1505570342418337,12
2013-01-24,-0.0057894348325395,0.6750374278464086,-0.1261871210025514,0.6075110741108027,-0.066736131661548,-0.066736131661548,17
2013-01-25,0.0091450620291831,0.6810141195947841,0.0218580486918134,0.6002286108768268,-0.0947624311993727,-0.0947624311993727,14
2013-01-28,2.467640055672133e-05,0.7044447751193347,-0.0279432055182181,0.6916143059250232,-0.0766985303462851,-0.0766985303462851,13
2013-01-29,-0.0041073078839829,0.6799104587094026,-0.3116145482501731,0.5024138085303421,-0.1137840157958094,-0.1137840157958094,26
2013-01-30,0.0009665070704739,0.6726227884269856,-0.0445296690450049,0.5677675901483201,-0.1270615593431731,-0.1270615593431731,8
2013-01-31,-0.0034738052384617,0.6498076838251684,-0.1954843153317387,0.5329448176045207,-0.1169029472870393,-0.1169029472870393,13
2013-02-01,-0.0059583258626568,0.6411321895405616,-0.1554031913047251,0.5268553149549186,-0.1469949858899719,-0.1469949858899719,23
2013-02-04,-0.0019438945962046,0.6522851761287144,-0.1030675210058689,0.5057835926370651,-0.0632888299620365,-0.0632888299620365,8
2013-02-05,-0.005082013073346,0.6359277629653838,0.2252298959841331,0.4429133577595185,0.0208540123011377,0.0208540123011377,15
2013-02-06,0.0003860815163471,0.6399514307224584,-0.0254269079887308,0.5396209215250417,0.0468492689643366,0.0468492689643366,16
2013-02-07,-0.003429216778715,0.6193315032094054,0.1295694966207851,0.5800129235819875,0.0876536300853883,0.0876536300853883,11
2013-02-08,-0.0059616645111395,0.6129919772547278,0.2529297908768058,0.5393794741434965,0.0958469508974249,0.0958469508974249,21
2013-02-11,-0.0009575010873592,0.6273950883172175,0.3313214336521923,0.402778738673704,0.1119207345203243,0.1119207345203243,4
2013-02-12,0.0041707627731352,0.6096724475224318,-0.1361233121715486,0.52943768708891,0.0587821727618576,0.0587821727618576,4
2013-02-13,0.0017629356704111,0.5998834423079951,0.2640524750459008,0.5074889300746439,0.0610067095956766,0.0610067095956766,8
2013-02-14,-0.0060862915054287,0.5826615145901998,0.1117992143678878,0.6719558613698889,0.0631009283558732,0.0631009283558732,14
2013-02-15,-0.0016208437428339,0.6019793650458585,0.2097138707441362,0.539184580255126,0.1561527363277138,0.1561527363277138,11
2013-02-18,0.0018327952590558,0.588138983553246,-0.0477831816921631,0.7381367364261393,0.083742198868941,0.083742198868941,9
2013-02-19,0.0070114071991698,0.571855333525694,0.1334236536461573,0.6449694334597431,0.0880670867245949,0.0880670867245949,13
2013-02-20,0.0005637768132327,0.5868275392100637,0.163258483633399,0.5219223475176153,0.0787760093024474,0.0787760093024474,16
2013-02-21,-0.0153962340615675,0.5697284268878351,0.0484787516761571,0.4402871631219276,0.0215395408025824,0.0215395408025824,20
2013-02-22,-0.0003332940877161,0.7364321733276437,0.2542241496344407,0.6556565131817275,0.1103203713795983,0.1103203713795983,15
2013-02-25,0.0007603889946953,0.7102900715638829,0.745170068461448,0.1694575413025733,0.2141094294981119,0.2141094294981119,4
2013-02-26,-0.0160814583933148,0.685039802997064,0.1538803368457593,0.5588223162774996,0.2351897465320323,0.2351897465320323,16
2013-02-27,0.0061514358641312,0.8327743234972756,0.0988674299377534,0.6715233694708272,0.2041184025926948,0.2041184025926948,9
2013-02-28,-0.0180771767218281,0.8163850528355991,0.0060705896984371,0.5900545738728039,0.1738245972755573,0.1738245972755573,18
2013-03-01,0.0046702922723598,0.9675017094925014,-0.2866281672484345,0.594922385199001,0.1434720515389927,0.1434720515389927,18
2013-03-04,-0.0037134082975174,0.9344384745329946,-0.2737577840064962,0.6651837093043607,-0.0363401400117527,-0.0363401400117527,6
2013-03-05,0.0149357242920014,0.9057707956122548,0.2184010142968459,0.5772398826044912,0.0061259449079289,0.0061259449079289,11
2013-03-06,0.0059209931562243,0.9678807947128538,0.2392981821561561,0.6091798714993122,0.111311214788847,0.111311214788847,17
2013-03-07,0.0076528519439755,0.9402799093476089,-0.0198269194978124,0.6303947547228709,0.098014390282997,0.098014390282997,17
2013-03-08,0.0139557503597899,0.9249049381916664,-0.0260997319904466,0.6957498165309616,0.0276029521916494,0.0276029521916494,12
2013-03-11,-0.0005636075996267,0.971684350915364,0.1484117610380053,0.6642331389498951,0.009055263571418,0.009055263571418,4
2013-03-12,-0.0047653476368216,0.9317406277233236,0.0286426418150464,0.4496888379386933,0.0187491758339898,0.0187491758339898,15
2013-03-13,-0.0106925450363117,0.908491608434826,0.1101310176567898,0.5324441166280843,0.0459953257634371,0.0459953257634371,9
2013-03-14,0.0098213819198845,0.9367753553717464,0.1880938229927172,0.5849581233103096,0.0542481721523736,0.0542481721523736,18
2013-03-15,-0.0061707011549123,0.9385300765304034,0.1417859144858084,0.6106828719045921,0.1234130315976735,0.1234130315976735,16
2013-03-18,-0.0063803728356968,0.9233782800810796,0.2470992921851575,0.5140031947113322,0.1880873127786133,0.1880873127786133,10
2013-03-19,-0.0154218169171235,0.9109316478382192,0.3299642667174339,0.4761111193369322,0.2164614015235567,0.2164614015235567,10
2013-03-20,-0.0090120741807689,0.9998106465814528,-0.4654904100378709,0.4523110121935906,0.0950061366188207,0.0950061366188207,14
2013-03-21,-0.0062801988562355,1.001406323436213,0.3233888045263787,0.6156902880160111,0.1155275660017062,0.1155275660017062,12
2013-03-22,-0.0013085478175716,0.9819544818002306,0.1795645144768059,0.5195007965336602,0.1229052935735811,0.1229052935735811,10
2013-03-25,-0.0031014095850241,0.9426237229530338,0.0389211304485797,0.6439575396757484,0.1903917718182008,0.1903917718182008,5
2013-03-26,0.0013746681660056,0.9108825450629412,-0.1727970561943948,0.6494014534447029,0.091154599674046,0.091154599674046,10
2013-03-28,0.0072323107479625,0.8737882165215034,-0.1494081279432231,0.492580812705542,-0.0744386451663166,-0.0744386451663166,11
2013-04-01,0.0038377484816104,0.8610200246105534,0.0645143223098582,0.5974531319145195,-0.0153864929882585,-0.0153864929882585,9
2013-04-02,0.0076315926493432,0.8318330091956362,0.174277119169181,0.6622363873405908,0.0493505564342222,0.0493505564342222,11
2013-04-03,-0.0131689487934703,0.8255397274277354,0.1301137444873651,0.7008463294339939,0.0777094752085631,0.0777094752085631,9
2013-04-04,-0.0174529603255117,0.8968493777564182,0.1933584158707942,0.6748835695702977,0.151305407547482,0.151305407547482,14
2013-04-05,-0.0038641313357806,1.019675160764442,-0.0366724450141191,0.7242952513662193,0.1051182313646159,0.1051182313646159,16
2013-04-08,-0.0018564567084833,0.9859893393316356,0.0178789922967553,0.6784015003950691,0.0622213153372563,0.0622213153372563,5
2013-04-09,-0.0086700814234531,0.9476408786331398,0.0988165376087029,0.7509526414270924,0.0433129396848381,0.0433129396848381,12
2013-04-10,0.0115074992870453,0.9513532994018497,0.2014484186324157,0.5890831419057064,0.0909371124141451,0.0909371124141451,14
2013-04-11,0.0063302916690643,0.9674465038836922,0.3349819990495841,0.6497835476901433,0.1575174972907241,0.1575174972907241,9
2013-04-12,-0.0117690551038289,0.9419914790750458,0.2878544075304971,0.5252067495912928,0.1881960710235911,0.1881960710235911,17
2013-04-15,0.0071822023187578,0.9782055298742932,-0.0851397726219147,0.7657254396668258,-0.0435359595910872,-0.0435359595910872,16
2013-04-16,0.0214179891762549,0.9568295288212052,0.1180050104856491,0.5247067067191006,-0.0869313573038742,-0.0869313573038742,5
2013-04-17,-4.394580453027964e-05,1.1077270904663294,-0.1044804025441408,0.5788750417398248,-0.1653983193188018,-0.1653983193188018,7
2013-04-18,0.0164581026095847,1.0596189648751648,-0.0110861199962742,0.6318578185918047,-0.1669352156897166,-0.1669352156897166,17
2013-04-22,0.0088315279738689,1.1185693146603826,0.2877398710697889,0.3665240437098309,0.145288727724337,0.145288727724337,2
2013-04-23,0.0004284013057793,1.0968764632998695,0.2188025790338333,0.7077080829294723,0.1912664675303585,0.1912664675303585,13
2013-04-25,0.0135114032337315,1.0491431441005916,0.3196085169911384,0.7247143789718647,0.1486558662990156,0.1486558662990156,7
2013-04-26,-0.0076095651493532,1.0748780934267197,0.2220671027052131,0.5191863152223372,0.1442834898301928,0.1442834898301928,11
2013-04-29,0.0055453860244868,1.0585747169411333,-0.3553950595669448,0.6733741180033403,-0.0533881656994873,-0.0533881656994873,4
2013-04-30,0.0044109308244235,1.0231437532310783,0.2885156124830246,0.6373110929699671,-0.05960674660111,-0.05960674660111,7
2013-05-02,0.0115931741151038,0.985641979011699,0.0732574605693419,0.6101640438149182,0.016998064753023,0.016998064753023,9
2013-05-03,-0.0092688388885892,0.9988222533732212,0.3442033098544925,0.3452709908644384,0.0963222237326028,0.0963222237326028,12
2013-05-06,0.0045404512111605,1.0028063858808385,0.0591460028663277,0.7287554225553085,0.0979546347043167,0.0979546347043167,6
2013-05-07,0.0120687966905542,0.9670211189183704,0.2664117887616157,0.6996153409962497,0.1365855003427714,0.1365855003427714,8
2013-05-08,0.0042516896717678,0.9870773513644304,0.5056331082661119,0.4252635880212873,0.1688714600250953,0.1688714600250953,9
2013-05-09,-0.0031601960062404,0.9512834786339204,0.0801027831376383,0.6152919233283116,0.1948310375247391,0.1948310375247391,19
2013-05-10,0.0073446958820698,0.9192063002037102,0.0789890867573293,0.7021596466560359,0.1980565539578047,0.1980565539578047,11
2013-05-13,-0.0189318962388162,0.903479442095776,-0.3341982467100024,0.4489139322450883,-0.1070774100201429,-0.1070774100201429,5
2013-05-14,0.0024966436077198,1.049370555571872,0.0967433545738458,0.5718949628840524,-0.1037492957329014,-0.1037492957329014,6
2013-05-15,0.0249309946184938,1.0056039704880555,0.3148380746133625,0.3505102222431081,-0.0565794981616947,-0.0565794981616947,8
2013-05-16,0.0037591276505075,1.2066640115845733,-0.0998235997170783,0.5399060398499108,-0.1056813952584678,-0.1056813952584678,13
2013-05-17,0.0028161580707262,1.1564395206929352,0.0121973152272403,0.6336108029358097,-0.0020486204025263,-0.0020486204025263,12
2013-05-20,-0.004925384313636,1.1071435039659334,-0.1309083444066345,0.7942760395283689,-0.1097531922304858,-0.1097531922304858,4
2013-05-21,-0.0069757930480954,1.0724518562550982,-0.2511356137692928,0.6411275753468137,-0.1400155950409287,-0.1400155950409287,8
2013-05-22,-0.0032108700979154,1.051978023737628,0.4167261840775609,0.438494778340846,-0.0591098212708646,-0.0591098212708646,7
2013-05-23,-0.0211340899206084,1.0136998942133293,-0.0073401963507587,0.6202277386603848,-0.0857115976173768,-0.0857115976173768,11
2013-05-24,0.0027613694749929,1.1725582465979965,-0.1138618014752864,0.5763344057960046,-0.0173039543848822,-0.0173039543848822,10
2013-05-27,0.0165086331982565,1.1222694843930885,0.5841218456625938,0.3300166410930469,0.2404956207869502,0.2404956207869502,2
2013-05-28,0.0046086970443231,1.173100310845925,-0.059180852305144,0.8087547223989406,0.2301274895960732,0.2301274895960732,10
2013-05-29,-0.0011379260325724,1.1271437077213042,0.3652787672525102,0.5022125079846974,0.3259556033416325,0.3259556033416325,11
2013-05-30,0.0032302015895608,1.0791909426599655,0.0661352779716253,0.707027827466683,0.2797419614192438,0.2797419614192438,7
2013-05-31,-0.0228085212668509,1.0350880105287432,0.4443669572938233,0.6072181627657687,0.2801443991750818,0.2801443991750818,8
2013-06-03,-0.0078238407731969,1.217901816175916,0.6589548358959811,0.5756749094594981,0.3298736677837692,0.3298736677837692,7
2013-06-04,-0.0033476762580832,1.191719208991172,0.2942125828005373,0.6362127406830771,0.3754891287495516,0.3754891287495516,20
2013-06-05,0.0007430196714316,1.1453902239579368,0.4265064519713633,0.5581061219752524,0.3719170276850596,0.3719170276850596,16
2013-06-06,-0.000413700909216,1.094948362568484,0.2821183742955327,0.5993488839385998,0.3938689094439283,0.3938689094439283,15
2013-06-07,-0.0068460754539723,1.047859162834868,0.3298622042768531,0.5124895050579658,0.3983308898480536,0.3983308898480536,9
2013-06-10,-0.0005102474810933,1.0284648716367557,0.0908836987800896,0.1186134062219748,0.3282181377977961,0.3282181377977961,2
2013-06-11,-0.0152915855176087,0.9852139444459794,-0.0694924702660905,0.6233724090336782,0.2578959688854715,0.2578959688854715,9
2013-06-12,-0.0049527522446549,1.059769406887222,-0.0948886619104693,0.6997303354487122,0.172945795648007,0.172945795648007,12
2013-06-13,-0.0106639454621049,1.0284295112917192,0.089858286881021,0.5777356527766749,0.1808375866455396,0.1808375866455396,14
2013-06-17,0.0071450459678088,1.138732917218343,0.0277286544442176,0.7782081529459526,0.0141058235007915,0.0141058235007915,3
2013-06-18,-0.006250157711134,1.1055243352614528,0.2774762283079326,0.2333048851764949,0.0885788015444719,0.0885788015444719,4
2013-06-19,0.0014867678535771,1.078003759386711,0.3534475053575905,0.6413066720712108,0.1412966452397858,0.1412966452397858,11
2013-06-20,-0.0289875541395142,1.03150967981831,0.3324285617974751,0.4005714209008987,0.2340107322145924,0.2340107322145924,17
2013-06-21,0.0020753216826701,1.3320449087196269,0.1615118814100112,0.5381330147744231,0.2305185662634455,0.2305185662634455,14
2013-06-24,-0.0137505436288001,1.2721590198916275,0.3485787933692336,0.4596169613596138,0.257415065772268,0.257415065772268,5
2013-06-25,0.0033662873814071,1.2907008490789935,0.1576624306539694,0.7074220290589628,0.2224618395435668,0.2224618395435668,15
2013-06-26,-0.0036435593381386,1.234911616206781,0.5191563461249804,0.4713154945836873,0.2939907324865607,0.2939907324865607,17
2013-06-27,0.0166181598202831,1.1869729782466525,0.4533548581724365,0.4442772834249405,0.2947204790319152,0.2947204790319152,12
2013-06-28,0.0277425749122853,1.2305773081966622,0.1515262999261419,0.6292905147938223,0.3260557456493524,0.3260557456493524,12
2013-07-01,0.0096499615521678,1.428555787391422,0.1823922327409187,0.775629557955299,0.1362072424475281,0.1362072424475281,6
2013-07-02,-0.0070260391295866,1.3889662116350376,0.1854457704272742,0.6065642741166342,0.0826254248984957,0.0826254248984957,12
2013-07-03,-0.0149033634474336,1.3458792166151825,0.2362654766378303,0.4579750352982261,0.0995732602408333,0.0995732602408333,12
2013-07-04,0.0113804029650577,1.368117693188549,0.1325449371024182,0.4455993352237519,0.082657251659405,0.082657251659405,19
2013-07-05,0.0052883683094532,1.3442660884345283,-0.0776289029978215,0.618393269487182,0.131803902782124,0.131803902782124,10
2013-07-08,-0.0096495188239112,1.2903482141699465,0.0907676535037656,0.5609404312125774,0.1000760496984514,0.1000760496984514,12
2013-07-09,0.0081316574749487,1.2711082467726578,0.1071419053607516,0.4940671815774241,0.0949954433501181,0.0949954433501181,9
2013-07-10,-0.0072458163618322,1.2339995306741405,0.0619834821139063,0.7910080189978008,0.1229179203724637,0.1229179203724637,14
2013-07-11,0.020150769372548,1.2029985507675451,0.0429339749165452,0.5746370343440256,0.0987079621112982,0.0987079621112982,13
2013-07-12,0.0123744517784235,1.2890337788666022,0.2199572549434378,0.5536116766401318,0.1045568541676814,0.1045568541676814,8
2013-07-15,0.003621294184999,1.2795170378353815,0.3078138806990215,0.4880184151896629,-0.0014955298892382,-0.0014955298892382,7
2013-07-16,-0.0126064560825985,1.224866293537823,0.1380885499171339,0.6659790076729182,0.0175353851108795,0.0175353851108795,13
2013-07-17,0.0030263223541821,1.237085610204483,-0.0279172634085019,0.5991803748597169,-0.0320395185595084,-0.0320395185595084,12
2013-07-18,0.0107815739827481,1.1836502302925431,0.209610123746097,0.6362590927937999,0.1925482453981708,0.1925482453981708,10
2013-07-19,-0.0014667154424545,1.1706769425880408,0.2922978016237418,0.3422994159548084,0.1839786185154985,0.1839786185154985,6
2013-07-22,0.0004310769281579,1.1208334202359282,0.3199876290746033,0.4205449363640448,0.1065402837301649,0.1065402837301649,2
2013-07-23,0.0075973149799416,1.071779652194137,-0.3731619195314124,0.5213988897969785,-0.0100141249253369,-0.0100141249253369,8
2013-07-24,-0.01446787515895,1.0458762959413557,-0.2262705899775028,0.6831332457977497,-0.1137278032455858,-0.1137278032455858,9
2013-07-25,-0.0139521510188908,1.100534196016361,0.3386514342700442,0.607507223889739,-0.0253636048904929,-0.0253636048904929,15
2013-07-26,-0.0036120687304303,1.1415968167934627,0.0016234911046922,0.8241312187939448,0.0121660089880849,0.0121660089880849,10
2013-07-29,-0.0093106989063587,1.099206021942072,-0.1383787312411836,0.7145501272959733,-0.0030714266472273,-0.0030714266472273,7
2013-07-30,-0.0132222661463112,1.0939384846384894,0.0958122056243675,0.5377636997435358,-0.0516392723763627,-0.0516392723763627,14
2013-07-31,-0.0022701145969533,1.127494115090684,-0.1256477780640125,0.6457380220882762,-0.0770935262101036,-0.0770935262101036,10
2013-08-01,-0.0024673224848824,1.0818435870548373,0.0571454006175582,0.7327984865454074,-0.0643053271928494,-0.0643053271928494,13
2013-08-02,-0.0087588303528144,1.0394010296604836,-0.1107119882168869,0.7289856589603522,-0.0443561782560314,-0.0443561782560314,12
2013-08-05,0.0013200392875264,1.0350650528011114,0.265440035611391,0.5686199001732931,-0.0013949138064605,-0.0013949138064605,6
2013-08-06,-0.0255009126567762,0.9908691970792798,0.0648094316323598,0.7028620511311134,0.0001378923964997,0.0001378923964997,9
2013-08-07,-0.0041857342799807,1.234332017847154,0.0258204034219185,0.6862315362152674,0.0274443707242608,0.0274443707242608,15
2013-08-08,0.0083989405861191,1.188352751123874,0.2612296267567823,0.5212946649523786,0.1779116258615007,0.1779116258615007,12
2013-08-12,0.0083646563395525,1.1586460097099478,0.3145302182529121,0.5226308658885777,0.081761153874298,0.081761153874298,4
2013-08-13,0.015364907874385,1.130920660473706,0.3763900405557995,0.5625827816135889,0.1047932366341014,0.1047932366341014,11
2013-08-14,0.0075164669130956,1.1672025522946303,0.2836654669689861,0.6035187061012195,0.1356036338286305,0.1356036338286305,11
2013-08-16,-0.0416854278146094,1.1339892790254118,0.0547044463455677,0.0233880730633155,0.2462076274381782,0.2462076274381782,3
2013-08-19,-0.0170476537750192,1.6743597413238305,0.2333006699835615,0.6318709358716856,0.298615831952276,0.298615831952276,7
2013-08-20,-0.0024592391320948,1.6831869752685806,-0.3818122037531187,0.4096620968580434,0.1819037981881272,0.1819037981881272,12
2013-08-21,-0.0184796721104445,1.6071328662810191,-0.1534079342688384,0.5843293999752022,0.140281322065246,0.140281322065246,19
2013-08-22,0.0197747813576122,1.6375900331189528,0.0604449670229639,0.6913187331433645,0.0587573222872243,0.0587573222872243,7
2013-08-23,0.0116359106915163,1.6625654848039602,-0.3545370062014886,0.5950419440662402,-0.119202301443384,-0.119202301443384,14
2013-08-26,0.0008677186396066,1.6181602109938409,0.1003544614132907,0.721281362567146,-0.0570352797145171,-0.0570352797145171,9
2013-08-27,-0.0351300857798711,1.542594113389174,0.3113021530831854,0.399696682263037,-0.0068638425024728,-0.0068638425024728,9
2013-08-28,-0.0004635056795921,1.8241770008776483,-0.0211986094299289,0.5941562092364716,0.059803836851839,0.059803836851839,9
2013-08-29,0.0232008212687357,1.7383254507848835,0.1206146221504443,0.6997425719114999,0.1003601410012278,0.1003601410012278,18
2013-08-30,0.0115341536593745,1.788838975560318,-0.0848355188167521,0.5586897235491697,0.0852474216800479,0.0852474216800479,7
2013-09-02,0.0143254595132373,1.7350181764039314,-0.0557004412015279,0.7629661432444165,0.0506959044389309,0.0506959044389309,6
2013-09-03,-0.038435865504589,1.7030552780892143,0.1791349074874933,0.7256843901593708,0.0623999615063406,0.0623999615063406,13
2013-09-04,0.0197697537043862,2.005647134333716,0.286551952175796,0.6111215927624936,0.1366774557048503,0.1366774557048503,20
2013-09-05,0.026239969011229,1.993916988539404,0.2892905327358416,0.5894518753168937,0.1753352677561479,0.1753352677561479,14
2013-09-06,0.0155147246223548,2.047863732032124,-0.3246888150461018,0.6586549122941435,0.0749176272303003,0.0749176272303003,12
2013-09-10,0.037379716084918,2.000084837119668,-0.8633316848427057,0.0795759078742021,-0.1006606162525712,-0.1006606162525712,2
2013-09-11,0.0027773161535761,2.2004048463185457,0.1826928461986509,0.5969379448469089,0.0008157159963792,0.0008157159963792,11
2013-09-12,-0.0106173222477054,2.0958254509080074,0.2757926385563153,0.6954696530878863,0.0920096812170598,0.0920096812170598,13
2013-09-13,-1.7108809063270718e-05,2.024726471789312,0.2070607578304285,0.6366767810431746,0.1426882532369324,0.1426882532369324,12
2013-09-16,-0.0017192997315773,1.9283465109510407,0.097337213344872,0.7576022345074369,0.098717529213844,0.098717529213844,10
2013-09-17,0.0016509450320878,1.8382587868928588,0.1295940052861204,0.4171776413102271,0.069477802559805,0.069477802559805,13
2013-09-18,0.0083832772551382,1.7515121578874415,0.039156937772142,0.6586689116804805,0.0358970385481477,0.0358970385481477,14
2013-09-19,0.0359755165868896,1.6847486834543446,-0.1312179963358423,0.6824883738495755,0.0512972560724541,0.0512972560724541,11
2013-09-20,-0.017060554525648,1.9236697582334683,-0.440008457750082,0.5487669730739115,-0.0610276595365579,-0.0610276595365579,9
2013-09-23,-0.0205605694545891,1.908966133980654,-0.1524475290040884,0.6222886873332217,-0.1850354014308034,-0.1850354014308034,7
2013-09-24,0.0004583516346713,1.9279566604513412,0.1142742192263112,0.5799892598888197,-0.1359369583183726,-0.1359369583183726,17
2013-09-25,-0.0031615907611521,1.8364127946941065,-0.0288670664653182,0.6310226857499308,-0.0537086800614199,-0.0537086800614199,10
2013-09-26,0.0014290289642726,1.7534936982655205,-0.1060733881525018,0.6025794877302034,-0.0595650591220026,-0.0595650591220026,11
2013-09-27,-0.0083735734385677,1.6710321196355145,-0.0751102383115461,0.5791275508313826,-0.0496448005414286,-0.0496448005414286,7
2013-09-30,-0.0169257428065483,1.6161545074676584,0.1996529404340045,0.6141416758272733,0.072243685613307,0.072243685613307,14
2013-10-01,0.0077722738414712,1.6297645157024896,0.2409542456734925,0.5258186603979085,0.1416492123785059,0.1416492123785059,12
2013-10-03,0.0221828023826563,1.5678868936368602,0.2176494832065972,0.6895239391213903,0.0986675702368042,0.0986675702368042,11
2013-10-04,-0.0004062605835685,1.6279798600253983,0.1859016395756043,0.6340291080565656,0.129404491231045,0.129404491231045,16
2013-10-07,-0.000194676809213,1.5522859314543174,0.7403952479362488,0.1453121762750715,0.3086204770679416,0.3086204770679416,2
2013-10-08,0.0037601812630294,1.4804229910030164,-0.0881468191343758,0.4767362868585505,0.2474612165997471,0.2474612165997471,14
2013-10-09,0.0132460525478861,1.414960615536759,0.0838559364470151,0.628008011126288,0.2270520759740292,0.2270520759740292,13
2013-10-10,0.0022446884423595,1.4013865159341656,0.3542003437344517,0.5126185780759178,0.277561070572503,0.277561070572503,14
2013-10-11,0.0124205716652584,1.3379477553306254,0.0566793771992836,0.5589621769152507,0.2293968172365247,0.2293968172365247,14
2013-10-14,0.0027029477705162,1.3244825977266974,0.329394500495659,0.5807328703367379,0.2019979653155638,0.2019979653155638,9
2013-10-15,-0.0038765620083412,1.265740109915945,-0.2610806883312762,0.821601608818412,0.0789417589024183,0.0789417589024183,4
2013-10-17,-0.0071199416351777,1.216745427082474,0.2214602725580334,0.7269785845950145,-0.0076660508393412,-0.0076660508393412,6
2013-10-18,0.0234579864728275,1.1862496178065274,-0.0192189650610089,0.8504557330773804,0.0055612773344749,0.0055612773344749,10
2013-10-21,0.002517303199925,1.3233996479809504,-0.1059773398770226,0.5876256887219368,0.0616992094131216,0.0616992094131216,9
2013-10-22,-0.0003466205632012,1.264468756518484,0.2621165314689279,0.5878012448405833,0.1626722623047138,0.1626722623047138,15
2013-10-23,-0.0039495101837741,1.2080206816103265,-0.0850791313995917,0.6115243747945426,0.1013643815131888,0.1013643815131888,15
2013-10-24,-0.0022685483374774,1.1627785496323215,-0.1732023031450808,0.5325364012607406,0.0705677138963744,0.0705677138963744,10
2013-10-25,-0.0031602593984703,1.1150801687109877,0.0293707821207741,0.7375325717147898,-0.0145542921663985,-0.0145542921663985,12
2013-10-28,-0.0071533548030015,1.0727541031850305,0.3098465278744697,0.4465223104213168,0.0137645785461757,0.0137645785461757,2
2013-10-29,0.0194454763221783,1.0534477023976467,-0.1929313112050295,0.6052574522844762,0.0098187769341859,0.0098187769341859,13
2013-10-30,0.004938882885003,1.154279440354642,0.4829082537908107,0.5724534598461256,0.1005262712681932,0.1005262712681932,8
2013-10-31,0.0075612301523564,1.1105284616237905,0.0511824075132608,0.7907269819863258,0.0745898965200676,0.0745898965200676,5
2013-11-01,0.0012771807859823,1.081585741219464,0.0189471687855465,0.6830098239960327,0.1339906093518117,0.1339906093518117,7
2013-11-06,-0.0060954770501485,1.0296088218464443,-0.0382344089448452,0.7321379894460053,-0.0235195628048053,-0.0235195628048053,13
2013-11-07,-0.0044991210775516,1.006816835398434,0.1814232505857944,0.6343628678307283,0.0025286058097014,0.0025286058097014,14
2013-11-08,-0.0075438385016386,0.976876369436274,-0.1291821933118626,0.6310822551404064,-0.0270972666097804,-0.0270972666097804,4
2013-11-11,-0.0101396085892961,0.9684443045737412,-0.0347560855249563,0.8245161398229193,0.0036679471299673,0.0036679471299673,3
2013-11-12,-0.0100440218202068,0.9839073113256052,0.4015231399486462,0.4844654054535912,0.0476879250025377,0.0476879250025377,9
2013-11-13,-0.004738605888357,0.9967352656927638,0.1758548616032515,0.5216871575982484,0.1086953359855605,0.1086953359855605,7
2013-11-14,0.0110496202889337,0.968688858216351,-0.0103348797525871,0.6396441859581209,0.0819223670700154,0.0819223670700154,11
2013-11-18,0.0216992542296499,0.978422706504724,0.0580916809849441,0.5650311294396301,-0.0356882781603118,-0.0356882781603118,12
2013-11-19,0.0023159616952837,1.1293396431390663,0.355202285149558,0.4093845634002131,0.0374191548201171,0.0374191548201171,11
2013-11-20,-0.0130536599028687,1.0808070247388482,0.3913945285603404,0.598296425176575,0.0222736508670179,0.0222736508670179,10
2013-11-21,-0.0204347337482019,1.1140926888974934,0.147878186644188,0.5894178716896668,0.0375639404920112,0.0375639404920112,14
2013-11-22,-0.0006002100100985,1.2412492027785351,-0.1022141116925261,0.5246793927200194,0.1700705139293009,0.1700705139293009,11
2013-11-25,0.0198011389830689,1.1862952501233524,0.3522508836218289,0.5870985847045741,0.2124737692141132,0.2124737692141132,7
2013-11-26,-0.0092407294568061,1.2701910002922498,0.2890295352553949,0.5646741812034389,0.2407040389363546,0.2407040389363546,16
2013-11-27,-0.0003301365091241,1.2496158648322406,0.1060209257528185,0.5991240391173261,0.2823510464254235,0.2823510464254235,10
2013-11-28,0.0057206744962599,1.1939585978293654,0.1007973760832101,0.6752912359736931,0.245592668151616,0.245592668151616,20
2013-11-29,0.0137351918084584,1.150631753244463,-0.1383426414935716,0.7242207485729169,0.1419512158439362,0.1419512158439362,14
2013-12-02,0.0067371834257967,1.1671851312853108,-0.2196065448224544,0.5983828755259666,0.1396562751688596,0.1396562751688596,5
2013-12-03,-0.0025765531534391,1.1300017874832506,0.2728017154149711,0.4899131650731891,0.1740571430352118,0.1740571430352118,16
2013-12-04,-0.0066166322500209,1.0850153165222272,0.2170474961400032,0.4968639579160517,0.2451351705619268,0.2451351705619268,10
2013-12-05,0.0129254464085124,1.0612504889073098,0.0234411342746832,0.6489122949489308,0.1221165216849609,0.1221165216849609,11
2013-12-06,0.0030077303991856,1.079461662897748,0.1514558908171378,0.5761884024049038,0.0890279383648682,0.0890279383648682,13
2013-12-09,0.0164771866757003,1.034882123018514,-0.2448608578803638,0.6512557590410216,-0.0578285457673297,-0.0578285457673297,6
2013-12-10,-0.0048909944016872,1.0976881616504717,0.2654967628419399,0.7502039575015327,-0.0094174200538783,-0.0094174200538783,5
2013-12-11,-0.0039475866089139,1.0634669655464315,0.4741006520343944,0.4094227146938334,0.0551115321895729,0.0551115321895729,8
2013-12-12,-0.0112955177366791,1.027284997722535,0.237925570119511,0.5473665026706727,0.0590485257552373,0.0590485257552373,11
2013-12-13,-0.011067813701985,1.0479301125677662,0.2549569943750446,0.7026180685330852,0.1975238242981053,0.1975238242981053,11
2013-12-16,-0.0022234198483338,1.063936835625669,0.153593656917413,0.7965719014945628,0.2161515744685224,0.2161515744685224,6
2013-12-17,-0.0025460740749505,1.0218942037128376,0.1917878498251621,0.6746185592927292,0.2069240304096526,0.2069240304096526,13
2013-12-18,0.0126416114348326,0.9832845587803528,0.3469268508100261,0.4575385184234594,0.2253180016966489,0.2253180016966489,12
2013-12-19,-0.0081558618075907,1.0074769888074695,0.0171124916523695,0.6560033724766761,0.2436256311105517,0.2436256311105517,15
2013-12-20,0.0172982310885611,1.0011357146248443,0.4454625360667705,0.4517855161044261,0.2309766770543483,0.2309766770543483,3
2013-12-23,0.0016323284205711,1.0801828942601808,-0.2003361346200108,0.5970478267828325,0.144165234155953,0.144165234155953,5
2013-12-24,-0.0025651612949664,1.033671156839575,0.3247161054584597,0.4683516060269686,0.205685956917171,0.205685956917171,14
2013-12-26,0.0016736672613967,0.9944038080825298,-0.061997466875861,0.4898049211369596,-0.0441194552573419,-0.0441194552573419,9
2013-12-27,0.0055428927092751,0.9527483597383524,0.0220533933920355,0.3834870567975489,0.0315695257925671,0.0315695257925671,13
2013-12-30,-0.0036017313499322,0.9243665916016696,-0.24028119923813,0.5524246693629473,0.0209994104293418,0.0209994104293418,7
2013-12-31,0.0020484008470497,0.8958866526143442,0.1578591810539364,0.617209747078978,0.0649707400153013,0.0649707400153013,14
2014-01-02,-0.0132295911317224,0.8603468666680715,0.2663853760808706,0.7031698148877955,0.0781361344345801,0.0781361344345801,10
2014-01-03,-0.0016087131606754,0.9267667765849292,0.0936478597245046,0.6662514153221244,0.144515850675248,0.144515850675248,14
2014-01-06,-0.0031767086647526,0.891372884915776,0.303350757408355,0.4379758147461747,0.186823537179402,0.186823537179402,7
2014-01-07,-0.0047273690038389,0.8633054972022203,0.0428347235376184,0.6728856471268755,0.1421134066707516,0.1421134066707516,11
2014-01-08,0.0020021483091771,0.8449666145849744,0.3038654277722041,0.6826306728504397,0.1841569202802915,0.1841569202802915,15
2014-01-09,-0.0010127239331396,0.8123941468713014,0.4249021664727479,0.663912472186601,0.2173894799630928,0.2173894799630928,8
2014-01-10,0.0005024550880677,0.7826722026794264,0.2089756949405585,0.5545881572466121,0.2567857540262969,0.2567857540262969,14
2014-01-13,0.016281004922037,0.7529859926749576,0.4344589339037026,0.3213249768501643,0.2155116604030547,0.2155116604030547,7
2014-01-14,-0.004938226534857,0.8625125339114426,0.2556968862190842,0.532627261356372,0.1816706043523219,0.1816706043523219,9
2014-01-15,0.0125849591878064,0.8454937043992355,-0.1375911168923432,0.6500859917083776,0.1123572419857416,0.1123572419857416,11
2014-01-16,-0.0003164607110232,0.8866105837169862,0.24213398527354,0.608520790987276,0.1529192716860539,0.1529192716860539,10
2014-01-17,-0.0091014138624697,0.8513203071957222,0.2504338265650652,0.7354657817504185,0.2090265030138098,0.2090265030138098,11
2014-01-20,0.0067327389744132,0.8694832461687264,0.4977712773252278,0.4564141305132614,0.4011703455079855,0.4011703455079855,4
2014-01-21,0.0015612310238598,0.8537799864993811,0.2552279606461525,0.6473323768806474,0.403789140582508,0.403789140582508,11
2014-01-22,0.0039754873445066,0.8201760666380687,0.4211266650818288,0.4972191924636531,0.4379277082858608,0.4379277082858608,8
2014-01-23,0.0010563529953923,0.7941541799820527,0.0460792019819984,0.7123400610317114,0.3688870060508355,0.3688870060508355,13
2014-01-24,-0.012511644446641,0.7637940912503559,0.2820077043725177,0.6159268067751806,0.3004425618815451,0.3004425618815451,16
2014-01-27,-0.0211092451629749,0.8363648431980271,0.2604750264436006,0.6998915675163186,0.1669105404695401,0.1669105404695401,4
2014-01-28,-0.001565816547123,1.037994080076848,-0.0221878160955384,0.519533387573943,0.1532571368540327,0.1532571368540327,8
2014-01-29,-0.000979871878508,0.9959161531245568,0.1089535527345207,0.7046192972896154,0.1186463065264333,0.1186463065264333,9
2014-01-30,-0.0076349386484663,0.9551804765080736,0.2320233269128948,0.5617705173640123,0.1381197841656912,0.1381197841656912,4
2014-01-31,0.0025979698303823,0.9494092103357012,0.3016976270323189,0.6720198674335576,0.1761923434055594,0.1761923434055594,13
2014-02-03,-0.0145065848502963,0.9115999742425962,0.1473873301098744,0.658319894501333,0.2639309896601385,0.2639309896601385,6
2014-02-04,-0.0001499499891527,0.9872779960219225,0.0740581731622417,0.4750155316835635,0.2323379589100079,0.2323379589100079,15
2014-02-05,0.0035763930477856,0.9460019651729608,0.1310406452976167,0.6740727956591668,0.1982065625630674,0.1982065625630674,8
2014-02-06,0.0023053743500808,0.9106696050687192,-0.269933772805546,0.5486521846142152,0.0683850387785407,0.0683850387785407,7
2014-02-07,0.0044465366250114,0.8746398896890839,0.4554109445519068,0.3009097665922639,0.1075926640632188,0.1075926640632188,11
2014-02-10,-0.0016093560167322,0.8467858945657754,0.0710420726010432,0.3172947337091721,-0.032046552576151,-0.032046552576151,13
2014-02-11,0.0015268879138819,0.8163099421832811,0.1662946617851654,0.5464506026739777,0.0551991343419912,0.0551991343419912,15
2014-02-12,0.0035070967714394,0.7849132796280267,-0.0316134888885749,0.7188123987084384,-0.0422057523461051,-0.0422057523461051,9
2014-02-13,-0.0137195723661018,0.7596029876260209,0.3825816947966814,0.7977889495342092,0.0535856109809345,0.0535856109809345,5
2014-02-14,0.0078427216881646,0.8508929230416636,0.2107769709546119,0.6539191481613825,0.1598163822497855,0.1598163822497855,8
2014-02-18,0.0129360470308722,0.8444927097158393,0.1851197144637505,0.7027115929515438,0.2898688731650173,0.2898688731650173,15
2014-02-19,0.0041775655962216,0.8900433529164133,0.1980985852424055,0.7044224880432556,0.287333196022576,0.287333196022576,12
2014-02-20,-0.0100129556630914,0.8601605406890876,0.1722497742157429,0.6907979941163407,0.237411859917144,0.237411859917144,8
2014-02-21,0.0104517193024489,0.8869383914518206,0.1897508545080199,0.4589646550202083,0.2137292178021744,0.2137292178021744,8
2014-02-24,0.0049669554681356,0.8996713588819192,-0.1750289052724838,0.2388543037795748,0.0476600050028148,0.0476600050028148,2
2014-02-25,0.002252469579198,0.8723006483597806,0.3541837121759142,0.5695094820038656,0.084046792594849,0.084046792594849,7
2014-02-26,0.006230499856538,0.8384672890932567,0.1866550560419758,0.6670850114289028,0.0834276329016402,0.0834276329016402,12
2014-02-28,0.006096399941408,0.8221075237600426,0.3332830527797341,0.5718841449952833,0.1947094788597453,0.1947094788597453,6
2014-03-03,-0.0088811948832916,0.8062242137859235,0.3513057323483129,0.6427046958808923,0.1491150943429343,0.1491150943429343,6
2014-03-04,0.012221184683582,0.8273900403273136,0.1282960806662837,0.5948079805425167,0.1198834147614738,0.1198834147614738,6
2014-03-05,0.0048627132066446,0.8666269223202762,0.0539702218957245,0.6443101970191172,0.0640208485846719,0.0640208485846719,12
2014-03-06,0.0113907186299378,0.841058020237195,0.1700414132326841,0.9264771541348552,0.056584296785295,0.056584296785295,5
2014-03-07,0.0194161333744402,0.8689310574234906,0.0893715096637606,0.7151523399282957,0.1585969915613532,0.1585969915613532,5
2014-03-10,0.0016228078999031,1.0053987130619364,0.0098174810409545,,0.0768565974922644,0.0768565974922644,1
2014-03-11,-0.0038853304216658,0.9630764284893678,0.2829768043011427,0.8692185622033378,0.0994436757059561,0.0994436757059561,2
2014-03-12,0.0007675304433891,0.933242067014016,-0.255739949909704,0.7917996793888297,0.0304213837912632,0.0304213837912632,7
2014-03-13,-0.0036586981147299,0.8946574261951151,0.099389280192554,0.5222747332773726,0.0147822802354183,0.0147822802354183,4
2014-03-14,0.0017080624598547,0.8684628801480979,-6.5447563039405e-05,0.6512787437647815,0.0272756336123816,0.0272756336123816,7
2014-03-18,0.0019122731206803,0.8341319643656736,-0.1582620091736316,0.3453228588889706,0.1460186588232007,0.1460186588232007,5
2014-03-19,0.0011348935723144,0.8020894696425238,0.167941558682783,0.7246462891423106,0.1796200600723652,0.1796200600723652,11
2014-03-20,-0.0062965127072204,0.7712829908442242,0.2598867122083902,0.6622795807751142,0.1469451612877575,0.1469451612877575,10
2014-03-21,0.0015566994394178,0.7718807813245124,0.4724621336374964,0.5378789660257538,0.2562519227505311,0.2562519227505311,14
2014-03-24,0.0138110132801641,0.7432137470710963,0.1579993965902499,0.5098764548353779,0.2232794570816415,0.2232794570816415,7
2014-03-25,0.0009488927134847,0.8166053680486643,0.0813489607111974,0.613551284934091,0.1875719067822029,0.1875719067822029,11
2014-03-26,0.0017663214289679,0.7848641478199904,0.443278504225115,0.5054878194307332,0.1817351808997267,0.1817351808997267,12
2014-03-27,0.0060937500241843,0.7556309980217549,0.4510783043556979,0.6298524462831633,0.1857505907663407,0.1857505907663407,7
2014-03-28,0.0081199012211458,0.7451122032053905,-0.0679909369597832,0.7046400774352255,0.2131428457844955,0.2131428457844955,9
2014-03-31,0.001238840601162,0.7511524462177893,-0.3904117047786712,,-0.0301289976973617,-0.0301289976973617,1
2014-04-01,0.0025101384662722,0.7235079010309711,0.3672255983886619,0.4991922498377789,-0.046899538890769,-0.046899538890769,18
2014-04-02,0.0046758191284211,0.6994399754475754,0.3450187752023339,0.6090132040507299,0.0357024035416544,0.0357024035416544,10
2014-04-03,-0.0024390454649215,0.6851378257706596,0.3300096628566583,0.61985067407312,0.1572385574070116,0.1572385574070116,18
2014-04-04,-0.0062172352939061,0.6683868111019415,-0.127600947542018,0.6639543541346191,0.104848276825393,0.104848276825393,19
2014-04-07,0.0001045165633993,0.6789172835744468,0.3648746311664581,0.8485216645465173,0.1669696428622419,0.1669696428622419,4
2014-04-09,0.0149952429886004,0.6559478377759277,0.1675929687917232,0.6545340088075969,0.2013850603581905,0.2013850603581905,2
2014-04-10,2.9384669574600685e-05,0.765344600510317,0.1579579322465828,0.6541213171302209,0.1518500013724454,0.1518500013724454,7
2014-04-11,-0.0029618444059262,0.7369938176915262,0.4428664052060672,0.4572015732103689,0.2680369542826984,0.2680369542826984,7
2014-04-15,-0.0063955252775563,0.7187786370474973,0.0195084318984299,0.8269483195885858,0.1191246999893338,0.1191246999893338,8
2014-04-16,-0.0086215583395539,0.7255145200604255,0.4851416859775782,0.3333890937177355,0.127579756143636,0.127579756143636,5
2014-04-17,0.0154744702186573,0.7539208772465529,0.272205315264208,0.5823728326730332,0.169198492125475,0.169198492125475,7
2014-04-21,0.0056262353154806,0.8503716274028865,0.2084908264556101,0.435914843681622,0.1360677693892892,0.1360677693892892,7
2014-04-22,-0.0003373879130515,0.8296786779861004,0.2753388968606789,0.448241776259023,0.1366944857085834,0.1366944857085834,12
2014-04-23,0.0037272198497921,0.7978016413909489,0.1860401337458328,0.5792292968760577,0.1260468869077978,0.1260468869077978,11
2014-04-25,-0.0085220308717785,0.7723813259879753,-0.1663640663027763,0.5038953916386366,0.1730548897798444,0.1730548897798444,3
2014-04-29,-0.0068267248394148,0.772483652757005,0.5414812691509724,0.4923833818170217,0.2241848916977289,0.2241848916977289,5
2014-04-30,-0.0028110053879877,0.7774849590573725,0.701178078353405,0.3155451654306208,0.2920667757404348,0.2920667757404348,5
2014-05-02,-0.0002389774925132,0.7556901239251747,0.114716946069772,0.5606142637849052,0.2423596203296135,0.2423596203296135,12
2014-05-05,0.0006794448586849,0.7282190816771377,-0.2302567784984906,0.9637629775407484,-0.1200708402010301,-0.1200708402010301,3
2014-05-06,0.0023779546485698,0.7018477044159082,0.2452152402928242,0.6533952170703513,-0.0239530811922098,-0.0239530811922098,13
2014-05-07,-0.00938826553698,0.6789043046506527,0.261190537762429,0.6345109662987475,0.0053416371463215,0.0053416371463215,14
2014-05-08,0.0010967659857117,0.7230237835429358,0.383022211285101,0.7444464858448766,0.0191595225764373,0.0191595225764373,9
2014-05-09,0.0294354944067975,0.6970532848979643,0.2009689298768838,0.6659138491020078,0.1720280281437495,0.1720280281437495,9
2014-05-12,0.022411323236137,1.093909786902075,0.4132382230833172,0.5739314756931738,0.3889877366233204,0.3889877366233204,5
2014-05-13,0.0133826255563677,1.2325264265896774,-0.2739467092789709,0.7991111456991753,0.257593952510506,0.257593952510506,10
2014-05-14,0.0,1.2371421147427055,0.2020369385058681,0.6649587822255328,0.2578075542363028,0.2578075542363028,15
2014-05-15,0.0020236099686651,1.181931187778747,0.071026121576627,0.8635865031410359,0.2393148035369814,0.2393148035369814,3
2014-05-16,0.0111475762996884,1.1301487455326746,0.9138800892978908,0.0159715037297164,0.2652469326369465,0.2652469326369465,3
2014-05-19,0.0083710572442195,1.1248911303697582,0.3479026034474373,0.508843801643163,0.2158848327895006,0.2158848327895006,2
2014-05-20,0.0016438760667509,1.099733645755632,0.42853531680469,0.6452275635759477,0.2873866718351132,0.2873866718351132,7
2014-05-21,-0.0031111637947278,1.0521446467026991,0.3556426943590243,0.6316844927499251,0.1757391928473399,0.1757391928473399,12
2014-05-22,0.0032348455614986,1.0135085738846428,0.1461270321160555,0.4401916272010772,0.0754614642599509,0.0754614642599509,3
2014-05-23,0.0123879339257308,0.97324968076438,0.1883990068454295,0.4575597275932022,0.2933213307145274,0.2933213307145274,8
2014-05-26,-0.0010933331283551,0.9959261944355098,0.727467006072402,0.2325385979647356,0.3581358864570835,0.3581358864570835,3
2014-05-27,-0.0055937551853276,0.9553814932079316,-0.1970589105039835,0.6991256130001455,0.2894986979330757,0.2894986979330757,4
2014-05-28,0.0015906858612653,0.9351745974646258,0.3271171166871985,0.6192250116889868,0.3172423199014295,0.3172423199014295,15
2014-05-29,-0.0129075688563909,0.8968378053608868,0.3108025112499793,0.7107552539981173,0.3482006707911691,0.3482006707911691,9
2014-05-30,-0.0007880360700878,0.9533078373242576,-0.0422511495311151,0.4541905755092851,0.2252153147948963,0.2252153147948963,11
2014-06-02,0.0181674014459035,0.9147409134206136,0.157471926882863,0.55459909854947,0.0513791056559522,0.0513791056559522,4
2014-06-03,0.0072200657126577,1.021722155166872,0.0874543195324284,0.5710465100609372,0.006709467312442,0.006709467312442,7
2014-06-04,-0.0018356066412509,0.9973021226373504,0.1175366980688912,0.7516303491464618,0.0386670368324433,0.0386670368324433,7
2014-06-05,0.0096597157069769,0.9582279399245768,-0.364735225836436,0.6376619487591937,-0.0543847494803013,-0.0543847494803013,6
2014-06-06,0.0145179112652755,0.9565281756701326,0.7332337721018121,0.3025411898356562,0.1461922981499118,0.1461922981499118,8
2014-06-09,0.0093451520517447,1.0058083715566166,0.1409769058227539,0.8550629849031257,0.0137842189784472,0.0137842189784472,3
2014-06-10,0.000235099561856,0.9972028712373476,0.4866133281029761,0.3474718374468307,0.1840539297663297,0.1840539297663297,8
2014-06-11,-0.0038669578145882,0.9551061124004484,0.1567383436486125,0.4178099794136943,0.0687548440756898,0.0687548440756898,8
2014-06-12,0.0030176342715146,0.925727448081072,0.1004177058736483,0.7376647320130134,0.0502015954814852,0.0502015954814852,3
2014-06-13,-0.0141918923130048,0.8901963010499794,-0.0542288475359479,0.590228156579683,0.1661034871824086,0.1661034871824086,6
2014-06-16,-0.0011343184460937,0.965026586835692,0.0477046181137363,0.7111691927898354,0.2166524603714546,0.2166524603714546,3
2014-06-17,0.012944298456771,0.9263561412724968,0.1577195568153491,0.6793338609129916,0.2281128305597948,0.2281128305597948,13
2014-06-18,-0.00967755834425,0.9609176444966642,-0.0281273522837595,0.6210643092723791,0.2333331296102324,0.2333331296102324,11
2014-06-19,-0.0023180506372521,0.9726495098452954,0.437801219150424,0.3382748099812923,0.1602233464525262,0.1602233464525262,5
2014-06-20,-0.0038864927679996,0.9363642895620824,0.0067362799974424,0.718829046581739,0.1243668643586385,0.1243668643586385,7
2014-06-23,-0.0024125754534784,0.9083500257868902,0.0916781984269619,0.6677800823343318,0.0254581103886345,0.0254581103886345,5
2014-06-24,0.0115236367100271,0.8763636124627164,0.2511591824392478,0.8422073476546806,-0.0118702969536007,-0.0118702969536007,6
2014-06-25,-0.0014456230527611,0.9013376236365136,0.3309136785566807,0.6658563921469833,0.0529651827582469,0.0529651827582469,10
2014-06-26,-0.0100980185737845,0.8671018647224805,0.2949078346913059,0.6290047422420316,0.066586732827127,0.066586732827127,6
2014-06-27,0.0020796713768032,0.8939552875288733,0.0167725859830776,0.6200535716682559,0.1970862960194548,0.1970862960194548,15
2014-06-30,0.0135649270841934,0.858572858115016,0.4984664749354124,0.4264849877653242,0.2579937676848337,0.2579937676848337,3
2014-07-01,0.0030631036189189,0.9099817197952856,0.0691445064730942,0.6891332576371018,0.2128411020411913,0.2128411020411913,8
2014-07-02,0.0117775566796989,0.8755099737575641,0.0636942333852251,0.6598141403479362,0.2222254315216207,0.2222254315216207,9
2014-07-03,-0.0013406907927755,0.9033631440738276,0.08291566290427,0.6428925239524427,0.1220863284093018,0.1220863284093018,8
2014-07-04,0.0047587496312579,0.8687708881875223,0.1966847842559218,0.6707369731912108,0.1821811323907848,0.1821811323907848,8
2014-07-07,0.0045756404744881,0.8426012201317915,-0.3777139469981193,0.6593172237955706,0.0907604031683877,0.0907604031683877,5
2014-07-08,-0.0212786720700075,0.817439120836011,0.2742231093967954,0.5582521721041362,0.1290218924668928,0.1290218924668928,6
2014-07-09,-0.0050236418721478,1.0275552907799708,-0.0462343799881637,0.9258065701484074,0.0804380596180757,0.0804380596180757,4
2014-07-10,-0.0022768154231857,0.9988184406415532,-0.1591116527561098,0.8590793426911295,-0.0957183987802514,-0.0957183987802514,8
2014-07-11,-0.0143939908108035,0.9608187590573478,-0.0403692424297332,0.6006878421195796,-0.069841222555066,-0.069841222555066,10
2014-07-14,-0.0007308953891714,1.0270853579633268,-0.1983387731015682,0.6862035490033148,-0.2011333187203853,-0.2011333187203853,4
2014-07-15,0.0096791315499086,0.9841898796379186,0.110561391711235,0.6192670202760995,-0.1471987098269163,-0.1471987098269163,10
2014-07-16,0.0129035753371523,0.980219747324683,0.1705196150220357,0.5612257327398238,-0.1050209383365625,-0.1050209383365625,13
2014-07-17,0.0021029094659831,1.0076054805680794,-0.0246848602380071,0.7313157539087247,-0.0860861860207475,-0.0860861860207475,7
2014-07-18,0.0030644522939827,0.9656600438699636,0.111773801036179,0.6247936945425778,0.0339662348859749,0.0339662348859749,7
2014-07-21,0.0026453182709969,0.9278450211017814,0.0961214468947478,0.6043013785276238,-0.0071410899006184,-0.0071410899006184,7
2014-07-22,0.0108271352893742,0.891399449975298,0.2194482454409202,0.8824569184810876,0.041685531235167,0.041685531235167,6
2014-07-23,0.0035852800193615,0.9073553416445562,0.301657513122667,0.6678268062798531,0.0796622736524646,0.0796622736524646,11
2014-07-24,0.0044604344864124,0.8744358841107296,0.0507766464725136,0.6395038649804534,0.1027770307681068,0.1027770307681068,10
2014-07-25,-0.0051404982383654,0.8466504924133432,-0.1934299332788214,0.7490670403205971,0.0949147837304055,0.0949147837304055,8
2014-07-28,-0.0053735370867808,0.8321519689468455,0.5890595666132867,0.4862883793153595,0.2078657472428556,0.2078657472428556,3
2014-07-30,0.0054954362228235,0.8203728729974157,0.609381209127605,0.273983088572085,0.2430573403835297,0.2430573403835297,4
2014-07-31,-0.0090378304410446,0.801208885518254,0.401431449688971,0.4926232745383357,0.2096468613483012,0.2096468613483012,4
2014-08-01,-0.0154924114512466,0.8246445040480807,0.1894906523327032,0.4572676856697696,0.2426572695064048,0.2426572695064048,6
2014-08-04,0.0106043750702756,0.9307833827537024,-0.0150751955807209,0.6891937776828977,0.0965043944461892,0.0965043944461892,7
2014-08-05,0.0081528757822249,0.9402817539319464,-0.0924573694355785,0.494702888630845,-0.0022733693787206,-0.0022733693787206,10
2014-08-06,-0.0096637284407389,0.9283980758508332,0.2112860024596254,0.5745580321268053,0.0020857006466637,0.0020857006466637,12
2014-08-07,-0.0029762254910542,0.9435385675100004,0.5895411614328623,0.3227040431384698,0.0927792432562759,0.0927792432562759,8
2014-08-08,-0.0106061260948779,0.911267947745058,0.2050912164683853,0.4671408124763329,0.1796771630689147,0.1796771630689147,7
2014-08-11,0.0075554527865405,0.9382604198673752,0.2318268492817878,0.6780274892994713,0.3026982758548998,0.3026982758548998,2
2014-08-12,0.0131702039624014,0.922395292386614,0.3203189503401518,0.7252272598031524,0.2488538336363577,0.2488538336363577,9
2014-08-13,0.001616386670279,0.960090930711347,-0.1073260144995791,0.6664561642438732,0.1863703874427648,0.1863703874427648,7
2014-08-14,0.0067155684981506,0.9203434774864068,0.7976248368620873,0.0893580130273474,0.274190126352367,0.274190126352367,5
2014-08-18,0.0105388524419296,0.9005648324467733,0.2177575451011459,0.4396209286770351,0.5372956808201141,0.5372956808201141,6
2014-08-19,0.0029483116130798,0.9126640624953808,0.1173994413887461,0.742169709956996,0.4012506017254458,0.4012506017254458,9
2014-08-20,-0.0028149992705591,0.8777624151840215,0.216551132655392,0.6788177406752888,0.3361817200047275,0.3361817200047275,12
2014-08-21,0.0020043000756105,0.8491694186288864,0.5184076094172068,0.4382549876250178,0.3215750497351918,0.3215750497351918,18
2014-08-22,0.0027967213545059,0.816347601908301,0.1723483207635581,0.6423487391128258,0.2484928098652098,0.2484928098652098,10
2014-08-25,-0.0008723905385931,0.7870154262768936,0.2498193479010037,0.593626122787984,0.2300429336782841,0.2300429336782841,7
2014-08-26,-0.0001960407071773,0.7585947406132819,0.3555169137460844,0.5094699967264733,0.1974647945440596,0.1974647945440596,14
2014-08-27,0.0039518011472649,0.7308918321742717,0.4240382005545226,0.5207079792378676,0.2478027705022525,0.2478027705022525,11
2014-08-28,0.0023033153566769,0.7109127653291525,0.1782819018699228,0.8330624073239079,0.2089384053132267,0.2089384053132267,4
2014-09-01,0.0091791242460611,0.6872183700958222,0.5933862386478318,0.4615306312486699,0.2967251245908757,0.2967251245908757,9
2014-09-02,0.0068711670335596,0.7102337365721852,0.02466226539885,0.6820340232431354,0.2168499375597411,0.2168499375597411,12
2014-09-03,0.0038956679592612,0.7093091892363229,0.2872321246457951,0.6418438309533655,0.2386399821149156,0.2386399821149156,7
2014-09-04,-0.0023009595892866,0.6906412049084596,0.2417600805109197,0.4807081920487026,0.2989760857172886,0.2989760857172886,11
2014-09-05,-0.0011246630312066,0.6729076105236345,0.3239661577556814,0.6526224143899151,0.2942013733918157,0.2942013733918157,7
2014-09-08,0.0107068414772985,0.6524726231155794,-0.5665035657584667,0.3032179731308118,0.1043511163557021,0.1043511163557021,2
2014-09-09,-0.0025662903013833,0.6984078268458307,0.3793652530293911,0.7002871982439456,0.1318721508593964,0.1318721508593964,8
2014-09-10,-0.0072444356329281,0.6812340805118017,0.459107635627416,0.5054775023777776,0.1589004464337433,0.1589004464337433,11
2014-09-11,-0.0010383197500981,0.7003488345654466,0.2687392785317368,0.6799013970851341,0.1900403831064739,0.1900403831064739,9
2014-09-12,0.0024457500763813,0.6778561137492358,0.5016678497195244,0.5370928199924606,0.2084752902299204,0.2084752902299204,9
2014-09-15,-0.0078650351244085,0.6566600266528755,0.2174088383093476,0.6873364477705132,0.2727524741325114,0.2727524741325114,10
2014-09-16,-0.0136591521166137,0.6856348453347872,0.1964950002729892,0.7102981805307556,0.2583036184807619,0.2583036184807619,10
2014-09-17,0.0053556862718972,0.791098729897929,0.317752600233588,0.543372350051765,0.2215205685835746,0.2215205685835746,9
2014-09-18,0.0173090507143806,0.7733840965525817,0.3979712793869631,0.4919534408752226,0.2945618709395566,0.2945618709395566,7
2014-09-19,0.0008253403644006,0.8954883600039061,0.0733415261334316,0.5571057372481587,0.240593848867264,0.240593848867264,11
2014-09-22,0.0030550787543243,0.8590845109323842,0.3586459184686343,0.5874678854869487,0.2985432689899007,0.2985432689899007,3
2014-09-23,-0.0159309479003991,0.8277178684994776,0.0471849809918138,0.6391921812594185,0.2283860093108708,0.2283860093108708,9
2014-09-24,-0.0018913800776086,0.9402125510789922,0.0241623511537909,0.6882348333673752,0.2185501743149426,0.2185501743149426,6
2014-09-25,-0.0113798365457159,0.904713769699942,0.1837064285452167,0.5968849383150735,0.1734369582848417,0.1734369582848417,6
2014-09-26,0.0071785556145695,0.9412775916868948,0.1988649035670927,0.66292556560873,0.1625129165453098,0.1625129165453098,7
2014-09-29,-0.001249416472118,0.9227272608514032,0.4635674227029085,0.4182366849994013,0.124020050503757,0.124020050503757,4
2014-09-30,0.0007410215869771,0.8867808419223949,0.3055334344971925,0.3539792532615193,0.1483854516941522,0.1483854516941522,8
2014-10-01,-0.0024198097296141,0.8508798045903948,0.1746715294818083,0.5744498086149755,0.1435467768770953,0.1435467768770953,3
2014-10-07,-0.0117927938243055,0.8226117640371808,-0.0062780752778053,1.0631638526320502,0.0582171183922106,0.0582171183922106,2
2014-10-08,-0.0012360173819577,0.8758184010291409,0.1973614990711212,0.59916524610857,0.1390200653024728,0.1390200653024728,2
2014-10-09,0.0149148806783457,0.8426690480284347,0.4260481788466374,0.4165475433217266,0.2435195820627823,0.2435195820627823,3
2014-10-10,-0.0127177984648417,0.914634786325135,0.3274941191077232,0.562179362592654,0.2874077156434457,0.2874077156434457,10
2014-10-13,0.0030868286329098,0.9660619193184145,0.3229175509884953,0.4306243258478458,0.5355888010313115,0.5355888010313115,5
2014-10-14,-0.0025717157348472,0.9282737445913024,0.3446888215839863,0.6492336356807319,0.5193169295787812,0.5193169295787812,6
2014-10-16,-0.01483479931274,0.8955517741447879,-0.2239006914198398,0.2733021256288765,0.2938122935621785,0.2938122935621785,5
2014-10-17,0.0040572186087942,0.978601630926723,0.1455556033179164,0.7699644871987753,0.1556176384939597,0.1556176384939597,5
2014-10-20,0.0127339443040601,0.9427015497159216,0.0712436735630035,,0.0053154165379621,0.0053154165379621,1
2014-10-21,0.006117516281268,0.9728157413731632,-0.1099603986367583,0.7266433747478824,-0.0544420447892375,-0.0544420447892375,11
2014-10-22,0.0085596353672847,0.945861903262406,0.0032549019564281,0.6661974086809149,-0.0090109261139839,-0.0090109261139839,11
2014-10-27,-0.0005253705499506,0.9364995623533984,0.3147347203145424,0.433186643381703,0.1303785828997692,0.1303785828997692,3
2014-10-28,0.0044820887038708,0.8985429739094014,0.0806911002312387,0.5386288767529105,0.1148765084910251,0.1148765084910251,7
2014-10-29,0.0077987616445356,0.8692451635309603,0.221832522462743,0.6754553657833224,0.1252516025865806,0.1252516025865806,12
2014-10-30,0.0096866308772769,0.8608908869806076,0.0483257280928747,0.5718993282763729,0.2210838075472219,0.2210838075472219,7
2014-10-31,0.0185556576560087,0.8691197694335946,-0.0157092455774545,0.8086785469320056,0.1299749651047889,0.1299749651047889,6
2014-11-03,0.0002343090530689,0.991333096322956,0.1219609486870467,0.4936949448664096,0.2396221007087401,0.2396221007087401,4
2014-11-05,0.0016983597607461,0.9495685870760224,0.2889399331063032,0.3692608352395557,0.2719013936578164,0.2719013936578164,5
2014-11-07,-0.0001558958106129,0.910499069514801,-0.1907605873420834,0.6894280904406019,0.0317509435902217,0.0317509435902217,5
2014-11-10,0.0008692394702429,0.8736450645352117,-0.1084886798635125,0.6989209798727208,0.028223020416788,0.028223020416788,3
2014-11-11,0.0022027303251594,0.8385182429346143,0.1274871711752244,0.5128180645013624,0.0470121727827641,0.0470121727827641,7
2014-11-12,0.0024661992049072,0.8066386161915968,0.0565110821690824,0.5009372863497109,0.0964665066849973,0.0964665066849973,9
2014-11-13,-0.0030404381788521,0.7771918862324122,0.2374311882174677,0.5440540825400609,0.1530781022775623,0.1530781022775623,9
2014-11-14,0.0038274777659741,0.7564256066140035,0.4858366090597378,0.4972713358466674,0.1597554741516,0.1597554741516,9
2014-11-17,0.004857088011971,0.7341723794580551,0.4157624409667083,0.5289258277941703,0.3810901879711402,0.3810901879711402,7
2014-11-18,-0.000575394208982,0.7181419874746613,0.1719562115945986,0.6697370492666354,0.3679951926465664,0.3679951926465664,7
2014-11-19,-0.0051880252764123,0.6935389285114522,0.2568570472300052,0.4249285308935797,0.3221992802806199,0.3221992802806199,10
2014-11-20,0.0023356006982236,0.6927335935434746,0.3814065301790833,0.6338610708325986,0.348822450041771,0.348822450041771,10
2014-11-21,0.0089399376461338,0.670299730603346,0.2701610748190433,0.5998229395523578,0.2992286609578878,0.2992286609578878,8
2014-11-24,0.0062091372497189,0.6928790442735109,0.2844500781169959,0.5153024285502451,0.3136989640440083,0.3136989640440083,7
2014-11-25,-0.0078915015338096,0.6886064342172717,0.6269496735185385,0.3300666542029549,0.3628075927118993,0.3628075927118993,6
2014-11-26,0.0014936543234813,0.7136838623596623,0.0147366200884183,0.5923917999688249,0.3117227017657743,0.3117227017657743,9
2014-11-27,0.0021744557137674,0.6885859144957032,0.1387055147705333,0.6630386411443651,0.3152447057533123,0.3152447057533123,7
2014-11-28,0.0110113893394212,0.666096750243361,0.2623615909057359,0.4889578691318788,0.2654406954800444,0.2654406954800444,12
2014-12-01,-0.0037738408764703,0.7138463935860468,0.1810822673141956,0.8409728965318329,0.0950128344065022,0.0950128344065022,4
2014-12-02,-0.0036532942570473,0.7016672371267243,0.0457649959081953,0.4439516169208587,0.0764247306340346,0.0764247306340346,11
2014-12-03,0.0015179851960037,0.689771971423639,-0.0857962819281965,0.6153509983370689,0.0067931560672481,0.0067931560672481,8
2014-12-04,0.0031282823512937,0.6662261599386465,0.5143829328007996,0.3591583171851615,0.0850432705938478,0.0850432705938478,8
2014-12-05,-0.0030522205151575,0.6477611192335562,0.187904575754973,0.4552653311956876,0.1686676979699934,0.1686676979699934,11
2014-12-08,-0.0117869607408896,0.6368621761766737,0.2236000942066311,0.6552319168588647,0.2031001949301837,0.2031001949301837,6
2014-12-09,-0.0116277720181471,0.7224559456441497,-0.2626448911097314,0.6353066432922458,0.1677304730938767,0.1677304730938767,9
2014-12-10,0.0017908343779797,0.7896194727697923,-0.0423806018661707,0.581616762903245,0.0563777661604826,0.0563777661604826,8
2014-12-11,-0.0075382293595515,0.7601249266917486,0.2464801408350467,0.5129188643869099,0.0680928791764973,0.0680928791764973,11
2014-12-12,-0.0083309534630779,0.7730260380967686,-0.2074554645057235,0.6697105784076816,-0.0084801444879895,-0.0084801444879895,7
2014-12-15,-0.0005473221143822,0.7923946078308031,0.3675770815461874,0.705423267571511,-0.0161806978640101,-0.0161806978640101,7
2014-12-16,-0.0186654461743745,0.7630773720807236,0.3748483322560787,0.6107903906042994,0.0094929404201962,0.0094929404201962,6
2014-12-17,-0.0046964556608114,0.9382491329233292,0.0965778531972318,0.5929960609532356,0.0702996039607873,0.0702996039607873,12
2014-12-18,0.0159987603204074,0.9141515167684668,-0.0191721735014156,0.5883065469030451,0.1484624654746079,0.1484624654746079,11
2014-12-19,0.0080442791656528,0.9893810189967251,0.1717476945370435,0.642008392789928,0.1983157576070252,0.1983157576070252,5
2014-12-22,0.0119402723205388,0.9726756093635852,0.2298961748369038,0.6661150350973449,0.0629851731107655,0.0629851731107655,10
2014-12-23,-0.0068712222608494,0.9907656851156308,0.0961233537111963,0.7036741965165882,0.0860442785532879,0.0860442785532879,7
2014-12-24,-0.0113010553438477,0.976168673467607,0.1237791647824148,0.5932549606625076,0.0764505726023622,0.0764505726023622,6
2014-12-26,0.0032489093702821,1.0028627149278022,0.2093446925282478,0.4833604261874756,0.1443335961297284,0.1443335961297284,2
2014-12-29,0.0055450509168578,0.9632653438964024,-0.1464270688593387,0.6331463085108054,0.0502262562532166,0.0502262562532166,8
2014-12-30,0.0002364654197514,0.9341744853962756,0.4340472930872982,0.4502433201637735,0.1245307959127005,0.1245307959127005,11
2014-12-31,0.004167969146088,0.8956677626596042,0.4874291404460867,0.3333554844459828,0.1801476854962683,0.1801476854962683,6
2015-01-02,0.0135208899126345,0.8653859359941041,0.2200306481681764,0.6810938402450984,0.2707856255239159,0.2707856255239159,12
2015-01-05,-0.0020329035926431,0.9152386374920112,-0.6572337448596954,,0.2314597304848333,0.2314597304848333,1
2015-01-06,-0.0304220829180295,0.8816609583725064,0.2013351188506931,0.569270581126371,0.1999571312995007,0.1999571312995007,8
2015-01-07,-0.0031116297926513,1.2626449955093808,-0.0406408407725393,0.7188701560575967,0.1478228335113575,0.1478228335113575,6
2015-01-08,0.0162214424605465,1.2114168249947366,-0.0030553711578249,0.6862491317806085,0.065506963081037,0.065506963081037,10
2015-01-09,0.0060415571776879,1.2474193345154727,-0.1333923526108265,0.8311058816259136,-0.1265974381100386,-0.1265974381100386,5
2015-01-12,0.0046364677367432,1.202030907957835,-0.0602912007727556,0.6481088527941397,-0.1558216206770803,-0.1558216206770803,9
2015-01-13,-0.002839496664365,1.154444713766357,0.3707957802107557,0.5833974324319605,-0.0810513904033642,-0.0810513904033642,8
2015-01-14,-0.0026362628028638,1.1087655424328344,-0.1366967453310887,0.7840193482929751,-0.0817122689474166,-0.0817122689474166,3
2015-01-15,0.0258307299503242,1.065202779203075,-0.2641538907256391,0.5103928356177869,-0.0798760035928959,-0.0798760035928959,9
2015-01-16,0.002310616221134,1.2679310794381429,0.1486645502969622,0.4992252908099374,0.0116636987356469,0.0116636987356469,10
2015-01-19,0.0043248203159316,1.2117617004421783,0.4790662895474169,0.6348193230913487,0.2051727309533292,0.2051727309533292,9
2015-01-20,0.016803931894622,1.1626968511157556,0.2112609011819586,0.4249941774913124,0.3002556893348487,0.3002556893348487,8
2015-01-21,0.0038909887639506,1.211667176158935,-0.074167222296819,0.5788242010064154,0.2556893348160924,0.2556893348160924,10
2015-01-22,0.0036476596725423,1.1614732817528357,0.4239768592108573,0.425871613923151,0.3404808905950585,0.3404808905950585,7
2015-01-23,0.0084332168549455,1.1135740500208269,0.0619745030999183,0.8959821147369545,0.2204222661486664,0.2204222661486664,5
2015-01-27,0.0084413856608369,1.089670562927142,-0.3392931072041392,0.3218934039221485,-0.1022461260358491,-0.1022461260358491,5
2015-01-28,0.000426350341849,1.0676625600967928,-0.2584860427305102,0.5372762379532025,-0.1663382352019349,-0.1663382352019349,10
2015-01-29,0.0042593170470792,1.0215473689002927,-0.1799379931339486,0.5481260260656562,-0.2859592664902183,-0.2859592664902183,11
2015-01-30,-0.0161534056387028,0.9836445632184596,0.2365721638314425,0.5373525504062876,-0.1499937607449563,-0.1499937607449563,10
2015-02-02,-0.0013063506955069,1.0705080119474977,0.2268160659198959,0.7006555726165149,0.2249425482151635,0.2249425482151635,12
2015-02-03,-0.0046542982322204,1.0260490256116157,0.1721468164640314,0.6285774527569353,0.2953595101347595,0.2953595101347595,17
2015-02-04,-0.0037584872121479,0.9955460252650736,-0.4271673885258761,0.6881991323059439,0.1626115996632957,0.1626115996632957,11
2015-02-05,-0.0013765100457609,0.9629966053168612,0.0348257171655339,0.703452629241028,0.0849297283592733,0.0849297283592733,14
2015-02-06,-0.0058310324086079,0.9249194044405912,0.2852213246515021,0.5857954205942735,0.0583685071350175,0.0583685071350175,16
2015-02-09,-0.0156746171972853,0.9086048229424222,0.0312426992588573,0.6131810884859422,0.1334297149963233,0.1334297149963233,9
2015-02-10,0.0045869991503771,1.0016212542923977,0.0501975927294956,0.7447510513209931,0.1365040901091157,0.1365040901091157,9
2015-02-11,0.0071949086167784,0.966076829488902,0.1917090862989425,0.7277127899493905,0.1178016424386038,0.1178016424386038,6
2015-02-12,0.0097064786272237,0.9457064382846544,0.0997155333336975,0.6060004148076935,0.1279515807162083,0.1279515807162083,14
2015-02-13,0.0107268172689105,0.9455993630587196,0.1204332987862554,0.598956943657975,0.0986596420814497,0.0986596420814497,11
2015-02-16,0.0004370868354434,0.9546981552402716,0.2107560392469167,0.8163706551973081,0.1662422400879577,0.1662422400879577,2
2015-02-18,0.0067596684272623,0.9149340192333864,0.6132606770843267,0.4078520153852153,0.2537651299755089,0.2537651299755089,4
2015-02-19,0.0029497438893496,0.8958366084580945,0.0143875665962696,0.5824679780674081,0.2653652719594538,0.2653652719594538,7
2015-02-20,-0.0069604370777794,0.8619579663629889,0.365870624082163,0.5743501575668701,0.2497555022966117,0.2497555022966117,8
2015-02-23,-0.0089433113192368,0.8593510424122507,-0.0031330307776277,0.4843825541876662,0.1444321915261786,0.1444321915261786,11
2015-02-24,0.0008162806567537,0.874998570971429,0.1668887452150766,0.7182895264953819,0.17493242724994,0.17493242724994,13
2015-02-25,0.000587630561085,0.8397871711916652,-0.1509026316925883,0.7105064343023678,0.0715777760949898,0.0715777760949898,12
2015-02-26,-0.0095582544879628,0.8066581022943657,0.424252004828304,0.5014039071304663,0.074709204958843,0.074709204958843,8
2015-02-27,0.0183421253958649,0.8351108557494491,0.4199384299239942,0.5222175151610904,0.1714087034994318,0.1714087034994318,7
2015-03-02,0.0126003788387932,0.9610044346744488,0.0377538874745368,0.7788934061153493,0.1452623214226748,0.1452623214226748,4
2015-03-03,0.0044003858673006,0.9874098600931612,0.2987260013818741,0.5296227439946677,0.1201571207333888,0.1201571207333888,10
2015-03-04,-0.0082147923882021,0.9521008165011722,0.0166488707234913,0.602849684585944,0.0394992088932883,0.0394992088932883,11
2015-03-05,0.0016908482052135,0.9514007827890468,0.4029548779129982,0.3805247668821068,0.1364869747344743,0.1364869747344743,5
2015-03-09,-0.0204590481140191,0.9122187968836276,0.2750926657269398,0.5832230875317211,0.2249042873287743,0.2249042873287743,6
2015-03-10,-0.0051177291370559,1.0825780146843058,0.267475558614189,0.6490728679050196,0.1978084234690125,0.1978084234690125,11
2015-03-11,-0.0013898014383852,1.050499639649127,0.1261424901895225,0.6725449992534105,0.1624024718407203,0.1624024718407203,8
2015-03-12,0.0087034220055012,1.0073444050015088,0.5334597498710666,0.4005176462271828,0.2553374799351446,0.2553374799351446,7
2015-03-13,-0.0147215514720097,0.9937816826179318,0.1031874492764473,0.4799592303116599,0.2610715827356331,0.2610715827356331,11
2015-03-16,-0.0016896819631506,1.0593363866125776,0.0928662056103348,0.7163289430627702,0.196737406855183,0.196737406855183,3
2015-03-17,0.010388094769848,1.0162829730629506,0.3576308968900279,0.5754562846764028,0.1615716362589753,0.1615716362589753,11
2015-03-18,-0.0042965180681336,1.01526068689539,0.028646623250097,0.8135845081474365,0.1466634710537052,0.1466634710537052,8
2015-03-19,-0.0059178429387673,0.9837844467974948,0.333390320961674,0.6519659036413157,0.1676753009443708,0.1676753009443708,6
2015-03-20,-0.007410433126336,0.9633978273684768,-0.0258521646028384,0.5710888741032515,0.1573363764218591,0.1573363764218591,8
2015-03-23,-0.0023362039252688,0.9551268545614868,-0.4511049729106681,0.4195822007198228,0.1044057893001341,0.1044057893001341,7
2015-03-24,-0.0009301819792756,0.9199745172627573,0.1304359400931459,0.678469640913422,0.0638149131264285,0.0638149131264285,13
2015-03-25,-0.0014232834235154,0.8835926402445556,-0.1578265481761523,0.725217682446897,0.0374200364117657,0.0374200364117657,7
2015-03-26,-0.0223620971083219,0.8503851719089879,0.3720784187316894,0.3546824863968821,-0.010510474178708,-0.010510474178708,3
2015-03-27,-8.990891811211022e-05,1.0722599904672336,0.3863060053437948,0.4364813319998287,0.0559777686163619,0.0559777686163619,5
2015-03-30,0.017928732765285,1.02615296315871,-0.0735974028939381,0.6012495785802965,0.2600420284756858,0.2600420284756858,8
2015-03-31,-0.0001530685679444,1.1098911235025717,0.3023676932789385,0.6713390387964436,0.2460998833851357,0.2460998833851357,12
2015-04-01,0.0111553075287278,1.061741938264694,0.2775474096484044,0.6182841927695801,0.2243481642460575,0.2243481642460575,17
2015-04-06,0.0085411337249402,1.0630279489258874,0.024384705416326,0.6630616262091182,0.2525046375154385,0.2525046375154385,7
2015-04-07,4.6121183134830896e-05,1.0437774758205254,0.4401516965590417,0.4078868172173733,0.2920555783879189,0.2920555783879189,18
2015-04-08,0.0062275331572998,0.9991677783859576,0.0883317583551009,0.6261539286364681,0.2966435791747201,0.2966435791747201,6
2015-04-09,0.0073058701712128,0.9709244613306988,0.5583337119647435,0.333594016825837,0.2388873463851355,0.2388873463851355,7
2015-04-10,0.0002334809071557,0.9508685765002096,0.5210766602928439,0.5832404430848113,0.3264557065176112,0.3264557065176112,6
2015-04-13,0.0060916874846368,0.9114062187040356,-0.0268710248637944,0.6313588941284102,0.3251756427255237,0.3251756427255237,6
2015-04-16,-0.0145150465251854,0.888730059572987,-0.0883286081786666,0.8374632422610128,0.066717168743323,0.066717168743323,7
2015-04-17,-0.0116332322327412,0.968371827215364,0.3095834704914263,0.6430559482413131,0.0813253388886473,0.0813253388886473,7
2015-04-20,-0.0185181166395568,0.9996849795131044,0.4665428081527352,0.2817039272256769,0.2092816049037944,0.2092816049037944,5
2015-04-21,-0.0083621357545242,1.118957527467299,0.2426306935958564,0.722692608255453,0.2754734652586991,0.2754734652586991,12
2015-04-22,0.0061818253391529,1.1044698590077953,-0.3857076831161976,0.7366669690846305,0.1364152345371743,0.1364152345371743,5
2015-04-23,-0.0037319262025762,1.0688417669188304,-0.0127017807681113,0.700723598961088,0.0254766609240323,0.0254766609240323,4
2015-04-24,-0.0111414361987288,1.031446727852991,0.0136030049761757,0.7505021299181106,0.0648734085680916,0.0648734085680916,8
2015-04-27,-0.0110722021738192,1.0500314069987702,0.0003270465880632,0.3511332864222297,0.1080078533338382,0.1080078533338382,5
2015-04-28,0.0087033783611285,1.0658513786058972,-0.362924140994437,0.5919085276018234,0.0379633812885731,0.0379633812885731,8
2015-04-29,-0.0055490174921902,1.0474797469401915,-0.0206690106008734,0.6713705410427913,0.0311089781731633,0.0311089781731633,7
2015-04-30,-0.0070944957684806,1.0201627643012932,0.0800515319375942,0.6784838626506028,-0.029953457555024,-0.029953457555024,12
2015-05-04,0.0182220379751438,1.004712640101326,-0.9030263759195803,,-0.0021653434913605,-0.0021653434913605,1
2015-05-05,-0.0008585577695799,1.096221460117338,0.5175902013434097,0.4415435417299782,0.0853423903898025,0.0853423903898025,8
2015-05-06,-0.0277453653883998,1.0495915600228884,-0.1703296224586665,0.5851419992390611,0.0113655626230562,0.0113655626230562,10
2015-05-07,-0.0049151341398104,1.3202076286819802,-0.4384762354195118,0.7379229342186749,-0.1540463898501669,-0.1540463898501669,5
2015-05-08,0.0165185427140141,1.2717748883120237,0.1513942783801919,0.6172733745739525,-0.1685695508148314,-0.1685695508148314,9
2015-05-11,0.0161960341674642,1.3037991468645496,0.0437327170123656,0.4857812660651252,0.028996023831682,0.028996023831682,6
2015-05-12,-0.0241073419925435,1.3286548040599668,0.0903158388100564,0.5636084103568924,0.1347544386775957,0.1347544386775957,4
2015-05-13,0.0132623072083406,1.4721454906396896,0.1648734142072498,0.5684737522882941,0.1374502658430073,0.1374502658430073,13
2015-05-14,-0.0013669794296785,1.4537700361264567,0.1588915729274352,0.6918441250218502,0.1737285503496726,0.1737285503496726,12
2015-05-15,0.0046279521918878,1.3882627482748835,0.4053236629281725,0.6057333486080138,0.1726274411770559,0.1726274411770559,7
2015-05-18,0.0133809139137836,1.329891249618834,0.4817111864686012,0.7938130837495406,0.2977494461138156,0.2977494461138156,4
2015-05-19,-0.0009558345015271,1.325118312138546,-0.1525333901556829,0.6029506634480056,0.235464453497192,0.235464453497192,15
2015-05-20,0.0068616566932103,1.2660106947242875,-0.0769443488679826,0.4782033439830075,0.1390108511379609,0.1390108511379609,8
2015-05-21,-0.000267153481263,1.2229332167747706,0.3082396611571312,0.7346384396252225,0.1115865494186679,0.1115865494186679,5
2015-05-22,0.0044964894818342,1.1686739909521724,0.5595690911635757,0.4231392795025809,0.2240084399531285,0.2240084399531285,10
2015-05-25,-0.0105413228961067,1.1226369568552788,-0.2357701615740855,0.9893975657092008,0.2170954499890407,0.2170954499890407,3
2015-05-26,-0.0036985237912854,1.1258327617618529,0.0053741394852598,0.5792999893848203,0.1565223456546664,0.1565223456546664,6
2015-05-27,-0.0005697510609127,1.0847310060936708,0.0478633849415928,0.4617788681562147,0.0541812044102698,0.0541812044102698,8
2015-05-28,-0.0018734224796336,1.0383800295949528,-0.2834034421248361,0.6869818567973556,-0.0261785551579669,-0.0261785551579669,8
2015-05-29,0.0136876467831972,0.9969680695616026,0.4426092808910956,0.5740437562940031,-0.0046653596761946,-0.0046653596761946,12
2015-06-01,-2.9643593685729908e-05,1.031012455300237,-0.0219329670071601,0.8262475452407034,0.0949874754451836,0.0949874754451836,2
2015-06-02,-0.0236306089312696,0.9871696455724764,0.3351922652994593,0.530858094110704,0.2187066169300426,0.2187066169300426,15
2015-06-03,-0.0123814043972364,1.1963890376222557,0.0260655954480171,0.0605349600704543,0.1353978798414269,0.1353978798414269,2
2015-06-04,-0.0005471860103022,1.2094142781261656,-0.0788390684174373,0.6420622228731572,0.1011844150489196,0.1011844150489196,8
2015-06-05,-0.0019636033769903,1.1561436418813276,-0.0993066150695085,0.803220251541384,0.032235842050674,0.032235842050674,8
2015-06-08,-0.0087321487398675,1.1081160018961775,-0.1118864379823207,0.7809980400349754,-0.0288539100174481,-0.0288539100174481,4
2015-06-09,-0.0027074902267056,1.097384941587365,-0.0178527873423364,0.569031696794346,-0.0166566538024279,-0.0166566538024279,9
2015-06-10,0.0126404408480797,1.0547077890786036,0.266160076217992,0.5668033079549483,0.0564366844550721,0.0564366844550721,7
2015-06-11,-0.0197771607529252,1.0707583723761585,0.2217399254441261,0.5952597018653264,0.1320323427896651,0.1320323427896651,13
2015-06-12,0.0022008448289133,1.1959693782617438,0.0931813398805948,0.6508144832408055,0.0902684232436111,0.0902684232436111,13
2015-06-15,0.0038757800540692,1.1436081820938513,0.7298626229166985,0.1797774677387301,0.328556166321121,0.328556166321121,4
2015-06-16,0.0041590853857635,1.0973044614493932,0.1157485430594533,0.7191191901341698,0.3073578898441865,0.3073578898441865,8
2015-06-17,0.005483675969067,1.0545070246701538,0.3450190749950707,0.3776347103246508,0.3577254368670817,0.3577254368670817,10
2015-06-18,0.0102115147270589,1.0190798237158136,-0.1665815211211641,0.5996329667585997,0.2270949464348987,0.2270949464348987,6
2015-06-19,0.0061404434830307,1.016291303712467,0.0835224602371454,0.6330674294924187,0.2215142360174407,0.2215142360174407,10
2015-06-22,0.0154604393327622,0.9864204986310362,0.032989764586091,,0.1590879120801885,0.1590879120801885,1
2015-06-23,0.0034001576033196,1.0432693062282388,0.05513747014965,0.6283824097052565,0.2034317103343514,0.2034317103343514,13
2015-06-24,-0.0024727884395158,1.0016478315556987,0.1118244325572794,0.7064735886133788,0.2090921047983782,0.2090921047983782,11
2015-06-25,0.0044335324134881,0.9640508116411836,-0.1847814860753715,0.7535102233629638,0.1587809894329027,0.1587809894329027,5
2015-06-26,-0.0020144580738723,0.9303346901655212,0.2387937437742948,0.5905511329436353,0.0507927849983887,0.0507927849983887,16
2015-06-29,-0.0075091485816652,0.8957738373215847,0.1786418941337615,0.3317257337796737,0.1629374919257437,0.1629374919257437,4
2015-06-30,0.0060046813650915,0.894493338220899,0.0387793990190733,0.7064794782018089,0.2076496689446327,0.2076496689446327,11
2015-07-01,0.0100526429119175,0.8725858875481283,-1.0572373867034912e-05,0.6826735064938934,0.1598888057150002,0.1598888057150002,11
2015-07-02,-0.0009645447643201,0.8830219006462774,0.2412810200559241,0.588459155181207,0.1964837976031859,0.1964837976031859,7
2015-07-03,0.0047254040314225,0.8489013922914779,0.069464777285854,0.522361067262157,0.1056313036241491,0.1056313036241491,6
2015-07-06,0.0043805431106717,0.8239503366013539,-0.0366778448224067,,0.0538518063981263,0.0538518063981263,1
2015-07-07,-0.0013327799926047,0.7992507347496803,-0.3010782027849927,0.6005882140433428,-0.054620038170057,-0.054620038170057,8
2015-07-08,-0.0175127525255737,0.7710673554412286,0.0402015008032321,0.6747939098424863,-0.0604726934665814,-0.0604726934665814,10
2015-07-09,-0.0041338217950059,0.9231052484327236,0.1830021182540804,0.5913204364660011,-0.0506103634973988,-0.0506103634973988,6
2015-07-10,0.0038348430969963,0.8971887597265068,0.3783514678308909,0.5862718300097046,0.0527598078561608,0.0527598078561608,11
2015-07-13,0.0117836567339471,0.8656769211317286,-0.5800715312361717,0.3722541896219364,0.0537003698507606,0.0537003698507606,2
2015-07-14,-0.0006563631896272,0.8948266420506163,0.0628832947307576,0.5257248220826769,0.029676605146096,0.029676605146096,12
2015-07-15,0.0082107432951097,0.8594946108562627,0.4088901141658425,0.3786644469301162,0.0357843344130863,0.0357843344130863,7
2015-07-16,0.009835561378738,0.8551654346682227,0.2482105601113289,0.6688510808111559,0.0379956449816624,0.0379956449816624,10
2015-07-17,0.000209062052318,0.8654005748406267,0.4040113963419571,0.3836804515797209,0.1087847668227428,0.1087847668227428,8
2015-07-20,-0.000743543008016,0.8309058786435328,0.1020226748660206,0.4885047208487261,0.1086258319222057,0.1086258319222057,4
2015-07-21,-0.0086384042959938,0.7995465650991592,0.3192343146850665,0.5742688787641723,0.1228305828369532,0.1228305828369532,9
2015-07-22,0.0121250808588124,0.8189689976410353,-0.3548932850826531,0.413792453842296,-0.0289503534479687,-0.0289503534479687,4
2015-07-23,-0.0050745547700366,0.8582119851725133,0.068254265087572,0.8082000427442891,-0.0703510474089081,-0.0703510474089081,11
2015-07-24,-0.0079772038426155,0.8423721356473255,0.0451864202817281,0.6891930970397673,0.0359608779675468,0.0359608779675468,6
2015-07-27,-0.019020189089775,0.8505444485657686,-0.1349606029689312,1.0526005721846967,0.1022347433266765,0.1022347433266765,2
2015-07-28,-0.0028745977394444,1.0101595555696987,0.2395615168762478,0.6323707240252976,0.1364961936844117,0.1364961936844117,11
2015-07-29,0.0045535850933296,0.9733211670118732,0.2077634980669245,0.5063081399759385,0.169011609241451,0.169011609241451,8
2015-07-30,0.0055665344162307,0.9394499080046704,-0.2269641388362894,0.3974307671209893,0.1277379820215035,0.1277379820215035,6
2015-07-31,0.0130998158712683,0.91209633121125,-0.2005274754017591,0.7241659892884743,-0.0230254404527615,-0.0230254404527615,5
2015-08-03,0.0011946892258352,0.9503285065043852,0.3124780328944325,0.7123685080357982,0.084308518892568,0.084308518892568,4
2015-08-04,-0.0030655933038692,0.9108655930475228,0.0415117058696018,0.450817037271054,0.1380036878337462,0.1380036878337462,9
2015-08-05,0.0059760495252578,0.8810593722421257,-0.1978315551366125,0.4011565227568761,0.1385428718867756,0.1385428718867756,7
2015-08-06,0.0024130893825477,0.8599881163672771,0.2380920365452766,0.5345988842610777,0.1457020805255761,0.1457020805255761,10
2015-08-07,-0.002804226255741,0.8271720893048902,0.201817260744671,0.6445467784061357,0.1192134961834738,0.1192134961834738,9
2015-08-10,-0.0045640272766171,0.8019193480713985,-0.436024154536426,0.901766465131764,-0.0159659099113196,-0.0159659099113196,4
2015-08-11,-0.0074464894442594,0.7874010888236691,0.1055082042391101,0.7074942967415451,-0.0424826763725529,-0.0424826763725529,6
2015-08-12,-0.0134311748403183,0.796458970325113,0.1838963539339602,0.6301613101735667,-0.046066857734695,-0.046066857734695,10
2015-08-13,0.0007661537895581,0.8765699257992688,0.4070864057168364,0.5911620023677117,0.0797533810697495,0.0797533810697495,5
2015-08-14,0.0192842700246075,0.8412643477567184,0.3059366889154681,0.4647065210125817,0.1132806996537897,0.1132806996537897,13
2015-08-17,-0.0048541357972207,0.9816478943352354,-0.4635012033395469,0.655999687196532,0.1696006096218927,0.1696006096218927,2
2015-08-18,-0.001268897173926,0.9552710985595466,0.3590146745913304,0.4892929927243105,0.1599862633967915,0.1599862633967915,13
2015-08-19,0.003372375730519,0.9174317585929596,0.0561435458117297,0.5453076494988243,0.1100276347760438,0.1100276347760438,14
2015-08-20,-0.0145130734956471,0.8832906978189459,0.2679858619445248,0.6373224703786062,0.0563100657024796,0.0563100657024796,19
2015-08-21,-0.008732870680242,0.9638357403714956,0.0656736738836536,0.5825608294130754,0.0570633105783383,0.0570633105783383,13
2015-08-24,-0.0609725995392517,0.9664989408219344,0.2900526094335047,0.5383271875037563,0.3074574998986941,0.3074574998986941,11
2015-08-25,0.0091398425148358,2.0741129675988628,0.0406240246051715,0.4994038470832618,0.2619851324308234,0.2619851324308234,18
2015-08-26,-0.0113384290206531,1.991133503494467,0.2160694259736273,0.6006152686496291,0.2920642828488182,0.2920642828488182,9
2015-08-27,0.0199615408679432,1.9308420141567,0.0258886615435282,0.6805041567002075,0.1948466315696185,0.1948466315696185,6
2015-08-28,0.0066454173430795,1.9277529549989405,0.0637590639731463,0.5631256881392023,0.1272787571057956,0.1272787571057956,17
2015-08-31,-0.0038377197180878,1.844745290008407,0.2959158379584551,0.6931873434214899,0.1443843915951059,0.1443843915951059,5
2015-09-01,-0.0235395704702459,1.7628531784696453,0.1970203495584428,0.4104139886147201,0.1786107291980889,0.1786107291980889,10
2015-09-02,-0.008882308721944,1.8316688223101747,0.3198718260042369,0.5798892268431001,0.229833281604307,0.229833281604307,10
2015-09-03,0.0136424252274776,1.7689103491975695,-0.0309454328380525,0.6190278687034083,0.1512289209158292,0.1512289209158292,8
2015-09-04,-0.0217025774501897,1.7295558071061468,0.6961187894145647,0.0826158125868763,0.2955962740195293,0.2955962740195293,3
2015-09-07,-0.0126531136580957,1.7810933688875976,-0.0820879109203815,0.5917314792057935,0.0670068722570107,0.0670068722570107,5
2015-09-08,0.0169807677548254,1.7442617319795268,0.4177602240815758,0.3919118052398498,0.1567480036409364,0.1567480036409364,8
2015-09-09,0.0168123335375422,1.7323505141885314,0.1365838096373611,0.6267174656918655,0.0448410076854957,0.0448410076854957,9
2015-09-10,-0.0039085826532683,1.720086445312945,0.2321611493825912,,-0.0187613746730817,-0.0187613746730817,1
2015-09-11,0.0001540317435698,1.64519351278945,0.3351144674234092,0.7318597099531279,0.2079063479209111,0.2079063479209111,12
2015-09-14,0.0105929453984274,1.5683184734839126,0.147049364944299,0.8749850890335223,0.3932315228196482,0.3932315228196482,3
2015-09-15,-0.0054963440346811,1.5243747742857672,0.0906396898041878,0.7025038901691538,0.3649272309039674,0.3649272309039674,7
2015-09-16,0.0089075730435619,1.4657746104122509,0.1600331355714135,0.744586402311911,0.3299109645335683,0.3299109645335683,9
2015-09-18,0.0104213197402917,1.4195491536142004,-0.217134193982929,0.564287283404205,0.0923690029567787,0.0923690029567787,4
2015-09-21,-0.0006015169913181,1.3852809605547245,0.9023644998669624,,0.2533913138544276,0.2533913138544276,1
2015-09-22,-0.0209139361191767,1.3225592172647926,0.1264333946630358,0.7195328448828089,0.2224265890976502,0.2224265890976502,10
2015-09-23,0.0043364869720647,1.4206667522491958,0.1283842814154923,0.396534368182842,0.2915302841773345,0.2915302841773345,4
2015-09-24,0.0028699470722847,1.3597407340010357,0.4355508480221033,0.6027885121965293,0.3227702117773393,0.3227702117773393,6
2015-09-28,-0.0092951223724626,1.299322243210472,0.0628436552360653,0.5746046932587516,0.1295544609338754,0.1295544609338754,6
2015-09-29,0.0060873145802312,1.2767802297455708,0.2848891331814229,0.5930449564377424,0.0994221179657393,0.0994221179657393,12
2015-09-30,0.0133739027610214,1.2297528563719922,0.320669050142169,0.3717767877445037,0.0794379569528003,0.0794379569528003,5
2015-10-01,0.0002515754959328,1.2345646580963516,0.4178053941577673,0.5447596563384307,0.31267293529585,0.31267293529585,11
2015-10-05,0.0209588019821642,1.1793734082797749,0.2448499470949173,0.4764100702440265,0.435221669121335,0.435221669121335,5
2015-10-06,0.0041297606980133,1.280503913609519,-0.1804581800889637,0.4207947370484133,0.3155689542719887,0.3155689542719887,9
2015-10-07,0.0030005595334899,1.2269707499604594,0.3779189906199462,0.5202761892666683,0.2887342883276546,0.2887342883276546,16
2015-10-08,-0.0058932581603976,1.1740525877246972,0.0989333753370576,0.6019146703893992,0.2311800238782436,0.2311800238782436,9
2015-10-09,0.0073963094292302,1.1396749148905898,0.0986680465026034,0.8460741046139058,0.1279824358931121,0.1279824358931121,9
2015-10-12,-0.0056449363258414,1.1077399784765458,0.2716893547525008,0.6871554081229393,0.0768357504521392,0.0768357504521392,9
2015-10-13,-0.0014623268695636,1.0766597936473554,0.2271611251247426,0.5921028074725736,0.1024813004096762,0.1024813004096762,12
2015-10-14,-0.0029311448392646,1.032140665424273,-0.0050874020565639,0.7184883187917173,0.0817302106978428,0.0817302106978428,11
2015-10-15,0.0087921410807536,0.9941303220298664,-0.120564142242074,0.6360321303111371,0.0849041063437294,0.0849041063437294,11
2015-10-16,0.0071448275156084,0.9823368219933823,0.2115652909768479,0.7069062271545781,0.1169528453110906,0.1169528453110906,7
2015-10-19,0.0044690883706706,0.9604209669016176,-0.4236530922353267,0.6125226413412411,0.1712308106145688,0.1712308106145688,2
2015-10-20,-0.0016205672034621,0.9270642784284348,0.3033751742138217,0.6311695049749556,0.256018673905748,0.256018673905748,6
2015-10-21,-0.0012051093404612,0.8916807951961015,-0.3829663253078858,0.7015885502395671,0.1371123506488012,0.1371123506488012,6
2015-10-23,0.0052879318689634,0.857506410898652,0.3184365543226401,0.7916084533051286,0.0580952813693632,0.0580952813693632,6
2015-10-26,-0.0042160476348582,0.8345637728388352,0.8403833135962486,,0.2168478681218056,0.2168478681218056,1
2015-10-27,-0.0033527781799373,0.8155022035259333,-0.1186448959633708,0.6975007215482233,0.098062069758418,0.098062069758418,8
2015-10-28,-0.0075225686348222,0.7934395892818259,0.5416159449766079,0.4581931821700749,0.1426979478892116,0.1426979478892116,6
2015-10-29,-0.0073021729802976,0.8025620298201402,-0.5530774891376495,0.5631239508762846,-0.0438147865856687,-0.0438147865856687,3
2015-10-30,-0.0056807513422626,0.8087092746821591,0.0212378683076663,0.7955509381008896,0.1463029483559005,0.1463029483559005,11
2015-11-02,-0.0018614353765358,0.8010845917112834,-0.3903827844187617,0.4752712059070908,-0.0604502452389252,-0.0604502452389252,3
2015-11-03,0.0012289844981697,0.7742338479395116,0.5345408948138356,0.5107319412022118,0.1570734315513717,0.1570734315513717,10
2015-11-04,-0.0025464428174963,0.7451654906713203,0.0681307708534101,0.6830459648013717,0.1664520120605205,0.1664520120605205,12
2015-11-05,-0.0105967298586547,0.7245395763167074,0.3911016358761117,0.4029793271838243,0.2919508230763797,0.2919508230763797,8
2015-11-06,-0.0001446145447922,0.7772458001194184,-0.3691490437486209,0.6322187199602386,0.0468482946751949,0.0468482946751949,8
2015-11-09,-0.0049276522249893,0.7483337121085618,-0.1269546076655388,1.1100956960746589,-0.0930551983299665,-0.0930551983299665,2
2015-11-10,-0.0167981368479892,0.7406370027917847,0.2644183594733477,0.3206749660757684,-0.1183918536105193,-0.1183918536105193,5
2015-11-13,-0.0027146086971354,0.8873650842896305,0.0781749114394187,1.098432482979936,-0.2141014079377055,-0.2141014079377055,2
2015-11-16,0.0056973016429889,0.8577694002240001,0.1221147190469006,0.5795405892898,0.0047684208241602,0.0047684208241602,6
2015-11-17,0.0039567183391247,0.8369095312242755,0.7389765147651944,0.3058301740617191,0.2699820734977368,0.2699820734977368,7
2015-11-18,-0.0135845913820275,0.8097094416593207,-0.2314142335671931,0.4819498313087511,0.2080642444964144,0.2080642444964144,4
2015-11-19,0.0142478689427783,0.889697812732809,0.1344944762710768,0.6031735106743447,0.2014835327571333,0.2014835327571333,13
2015-11-20,0.0017580157603643,0.9452473253189412,0.3773726126445191,0.635658638956467,0.2283088178320996,0.2283088178320996,7
2015-11-23,-0.0009295680963622,0.906485039083533,0.0633886170319535,0.7258893159416194,0.1063350971360745,0.1063350971360745,11
2015-11-24,-0.0022511419581774,0.8709014778073481,0.0117527039721608,0.6415187933010805,0.0817867426762914,0.0817867426762914,10
2015-11-26,0.0066431524907187,0.8407747464669976,0.3610320993595653,0.6454649393320154,0.1007789680154787,0.1007789680154787,9
2015-11-27,0.0074432960618276,0.8268061061285789,0.1267975214286707,0.7370428946555788,0.1409149524991194,0.1409149524991194,16
2015-11-30,-0.0009384329548349,0.8195540841492746,0.5521737355738878,0.201578118865849,0.4299193949115256,0.4299193949115256,4
2015-12-01,0.0024732192560477,0.7892423292545673,-0.1593830639496445,0.6849420554729732,0.3258363622496836,0.3258363622496836,10
2015-12-02,-0.0029648056574549,0.7608948255135207,0.0769494005611964,0.6496917159499066,0.3158667380761887,0.3158667380761887,7
2015-12-03,-0.0085088285592863,0.7409555155956908,0.6154863573610783,0.3422509504068638,0.3833830263305987,0.3833830263305987,8
2015-12-04,-0.01051393274392,0.7661336925952318,0.0305182129144668,0.526057666731047,0.2231489284921969,0.2231489284921969,10
2015-12-07,-0.0021225558652615,0.8114489585108735,0.1346046694864829,0.8042699639447959,0.2555475100032275,0.2555475100032275,6
2015-12-08,-0.008236846826399,0.7847512214750774,0.3848372804000973,0.7103570378482666,0.3171250859710077,0.3171250859710077,10
2015-12-09,-0.0116494760359169,0.8017843158677102,-0.068258143775165,0.661495305500799,0.1803761857437591,0.1803761857437591,10
2015-12-10,0.0092574839139351,0.8563020752461759,-0.0162454233504831,0.9426363076464602,0.1710234584907691,0.1710234584907691,4
2015-12-11,-0.009526788440796,0.861090591829157,0.1821938346450527,0.5322331462159682,0.123426443481197,0.123426443481197,12
2015-12-14,0.0051898297247641,0.8825303910044487,-0.1156682739300387,0.7505045371115635,0.1860535062361686,0.1860535062361686,7
2015-12-15,0.0066250342311558,0.85734949039985,0.4659040183760226,0.4910867309348083,0.2824833945814697,0.2824833945814697,8
2015-12-16,0.0064717605906419,0.8419324380766715,0.7872055266052485,0.0838226609429615,0.403485732973509,0.403485732973509,4
2015-12-17,0.0119845868239735,0.826781595103979,-0.0780211355537176,0.4417036766044878,0.289259607469929,0.289259607469929,5
2015-12-18,-0.0105599234296625,0.8632924577544691,0.6902714048822721,0.3958881200181541,0.3499383080759574,0.3499383080759574,6
2015-12-21,0.0092970839936813,0.8957964533301238,0.200247062370181,0.9573050751960456,0.2499135119157533,0.2499135119157533,2
2015-12-22,-0.0061905952301657,0.8970063346139089,0.0149298999458551,0.6450292723658196,0.2685037190156679,0.2685037190156679,11
2015-12-23,0.0102032371351069,0.885437830690067,0.1867299870188747,0.7161759029660811,0.1677954354429884,0.1677954354429884,7
2015-12-24,-0.0006231818889286,0.895935316606228,0.2538889972493052,0.5339182687591895,0.2150031746471567,0.2150031746471567,7
2015-12-28,0.0081210742469741,0.8604893363366146,0.2534303776919842,0.3937549042706224,0.2748138566501438,0.2748138566501438,3
2015-12-29,0.000479408231073,0.8553659934394905,-0.0996288489550352,0.5516209358893198,0.2041102874092757,0.2041102874092757,6
2015-12-30,-0.0041326797069952,0.8213426506496657,-0.2610201995819807,0.5050544422874683,0.1018978584185243,0.1018978584185243,5
2015-12-31,0.0063247528004326,0.802818650325562,0.2129291631281376,0.7580961429932687,0.081971580311656,0.081971580311656,8
2016-01-04,-0.0197050145234202,0.789892304880001,0.117329322732985,0.6911187804664327,0.1662090903893113,0.1662090903893113,4
2016-01-05,-0.0008538680302466,0.9774534991792304,0.3312085124974449,0.5033868782135069,0.1898649602631728,0.1898649602631728,6
2016-01-06,-0.0056229552549625,0.9375854377145844,-0.0484929122030735,0.7339511021050039,0.1765189267198244,0.1765189267198244,5
2016-01-07,-0.0225624324733549,0.91893675226882,0.3107078155606157,0.4930033022896478,0.1796709731862777,0.1796709731862777,18
2016-01-08,0.0043574301946149,1.12594693479077,-0.0538321152950326,0.5550247319268043,0.1313841246585879,0.1313841246585879,6
2016-01-11,-0.0049455432107058,1.082030474702634,0.4645712416885154,0.4996253730323071,0.1287916787290975,0.1287916787290975,7
2016-01-12,-0.0071049470232057,1.049132521742556,0.0606439635739661,0.5743861839312867,0.0787789083317676,0.0787789083317676,8
2016-01-13,0.0069132015057189,1.0313914517178602,-0.0240092184394598,0.7168838043316552,0.0847434877028822,0.0847434877028822,8
2016-01-14,-0.0033909243778356,1.004512021196242,-0.0085601129879554,0.7166373464660467,0.0081316921222467,0.0081316921222467,6
2016-01-15,-0.0132225829045312,0.9698942670899308,0.3909568233881145,0.5602107383588701,0.1767205394446362,0.1767205394446362,10
2016-01-18,-0.0117387215413259,1.0197570991844094,-0.0673879189416766,0.978833936401453,0.1045570899390926,0.1045570899390926,4
2016-01-19,0.0113756844633348,1.0459740615089954,0.4627642839082649,0.6893440432682693,0.1988219693183367,0.1988219693183367,7
2016-01-20,-0.0170645596338279,1.0508032717603688,-0.0029854751709434,0.8213993481970732,0.120033509606525,0.120033509606525,9
2016-01-21,-0.0044563049278707,1.1393224858062447,-0.3173347110194819,0.7730083270217527,0.0684983268941915,0.0684983268941915,7
2016-01-22,0.0198180393784127,1.1003934378712743,-0.0032362066782437,0.7638919939467119,0.0143639944195838,0.0143639944195838,13
2016-01-25,0.001844010986664,1.1985234526315691,-0.0379738177039793,0.8405479853421126,0.040835355422306,0.040835355422306,7
2016-01-27,0.0002151550935434,1.145662807524627,0.7341476567089558,0.2270495036156358,0.2944798371821109,0.2944798371821109,2
2016-01-28,-0.0017628513745914,1.0953228098912164,-0.2977247204631567,0.5690607969472002,0.2127515840131257,0.2127515840131257,5
2016-01-29,0.0185350984938957,1.0503465439452009,-0.2976568657904863,0.6387259454645514,0.0628592174287353,0.0628592174287353,12
2016-02-01,-0.0010052726631166,1.1386089888411914,0.1800882821394638,0.6158494262438804,-0.155724108452824,-0.155724108452824,11
2016-02-02,-0.0133766629206659,1.0898128245835044,0.0488369583406231,0.6229081487186996,-0.086411772692068,-0.086411772692068,11
2016-02-03,-0.0126542537612866,1.125621344716364,-0.3421423346735537,0.6691315202505097,-0.0953088664686815,-0.0953088664686815,4
2016-02-04,0.005715953184809,1.1492316808093357,0.1333372791608174,0.7632493916812448,-0.0508987651940322,-0.0508987651940322,3
2016-02-05,0.0114282484242265,1.1086941082480892,0.260486452281475,0.5266536748281381,0.0561213274497651,0.0561213274497651,10
2016-02-08,-0.0136931019234252,1.1078464082005797,-0.226105417497456,0.6956244719995773,-0.0501672480876247,-0.0501672480876247,5
2016-02-09,-0.012127772043135,1.1449936541367003,0.1259584492346381,0.7683692963505592,-0.0516430140728605,-0.0516430140728605,17
2016-02-10,-0.011368534484495,1.1610230837640665,-0.0410182401537895,0.8494463315063219,-0.1119439525599134,-0.1119439525599134,3
2016-02-11,-0.0337333633197819,1.167999088469338,-0.0888349912351086,0.6074017081610513,-0.1029306079995628,-0.1029306079995628,21
2016-02-12,0.0006591672782349,1.5235474380896747,0.2162586936557834,0.4763340915389163,-0.0027483011991865,-0.0027483011991865,11
2016-02-15,0.0257368959166137,1.452920239352544,-0.2530010597780346,0.7167641943269257,0.0407250554075876,0.0407250554075876,5
2016-02-16,-0.0161425754990748,1.5766026551976344,0.3659611234272068,0.5543896643548207,0.1316842783400507,0.1316842783400507,11
2016-02-17,0.0085048856518307,1.5866762376839696,0.1788438179397157,0.4764754281887833,0.1242013031968371,0.1242013031968371,7
2016-02-18,0.0116502910075185,1.5306277136552655,0.142371382165168,0.6020344746700573,0.096895874348586,0.096895874348586,7
2016-02-19,0.0026384323585623,1.4959964703829864,0.4375028355667988,0.728897531985218,0.1743356198641709,0.1743356198641709,6
2016-02-22,0.003295165423269,1.4279450488918468,0.4765818644315004,0.5138819905371859,0.3044500736963181,0.3044500736963181,5
2016-02-23,-0.0174292103005059,1.3644968951194751,-0.1296665831468999,0.5504389563530689,0.2500424806339045,0.2500424806339045,4
2016-02-24,-0.0128608796700014,1.4123042333059646,0.6516577090240188,0.302918589051368,0.2928734553253485,0.2928734553253485,9
2016-02-25,-0.006876725240095,1.4082878613213448,-0.036039188504219,1.0410250930235057,0.2720173857381774,0.2720173857381774,2
2016-02-26,0.0084498250215755,1.36314103696496,-0.0283847046749932,0.7566441335615814,0.1868298194258814,0.1868298194258814,7
2016-02-29,-0.0060927355742289,1.321430914812581,0.0208709405269473,0.5133835323966477,0.2032574140488924,0.2032574140488924,8
2016-03-01,0.0331150269508819,1.2781407271792538,0.0846922857065995,0.7339066683326986,0.2274037088910561,0.2274037088910561,6
2016-03-02,0.0200882345975481,1.5610829813002691,-0.0707793503201433,0.6594046025245786,0.2189247797620261,0.2189247797620261,7
2016-03-03,0.014382727390574,1.5980772242496672,0.3101148210116662,0.4750742140378942,0.1783016266173772,0.1783016266173772,16
2016-03-04,0.0013033933343828,1.5777629737200924,0.3296332584900988,0.5392480507366172,0.1349063910830337,0.1349063910830337,9
2016-03-08,-6.718875810813698e-06,1.5043912878591583,0.0509074178657361,0.6805379819908353,0.2732075253915456,0.2732075253915456,7
2016-03-09,0.0061929600024488,1.4349451510924416,0.4716744949109852,0.3765055847307749,0.3016157726757228,0.3016157726757228,4
2016-03-10,-0.0060793974986435,1.3787342334474817,0.6217133458703756,0.3084783793379033,0.3868222253796245,0.3868222253796245,11
2016-03-11,0.0032074889464729,1.3316542172032546,0.1578702100242177,0.5244484681383346,0.2917452011221931,0.2917452011221931,15
2016-03-14,0.0037942631968658,1.2733132890614258,0.3704699211354766,0.5473167179521752,0.2484399257341976,0.2484399257341976,7
2016-03-15,-0.010420532757604,1.2193899989451182,0.2772890320047736,0.7572611511759121,0.1795550629610772,0.1795550629610772,4
2016-03-16,0.0051004869597104,1.212360383496462,0.4610628236550838,0.5125877652523144,0.2401935856872504,0.2401935856872504,8
2016-03-17,0.0018385894298917,1.1656492466894626,-0.2656482389817635,0.6740051316976661,0.1434463889227204,0.1434463889227204,6
2016-03-18,0.0121455354001086,1.1145845520505226,0.2331789915139476,0.8337564287894698,0.2152705058655036,0.2152705058655036,6
2016-03-21,0.0130516598291204,1.1195886534326267,0.0039002473155657,0.334935623357616,0.1357616584872206,0.1357616584872206,6
2016-03-22,0.0013813866658977,1.1326970258335811,-0.1239860549103468,0.6507509733504115,0.1640940953015039,0.1640940953015039,4
2016-03-23,0.0002073820485646,1.0831181461970485,0.504100474063307,0.3661286394229636,0.2182783918113758,0.2182783918113758,6
2016-03-28,-0.0132277622974579,1.036228218974978,0.5505776340141892,0.408536104506829,0.4613795139560741,0.4613795139560741,6
2016-03-29,-0.0023796985402065,1.07716802736328,0.3886370889165185,0.3754622533605422,0.4446294303209363,0.4446294303209363,11
2016-03-30,0.0180279329159478,1.0347607800881318,0.0114135444164276,0.639525830687263,0.3240956607431947,0.3240956607431947,11
2016-03-31,0.0004135698294723,1.118472479707677,0.4679623913640777,0.5911182325059369,0.2919432916480935,0.2919432916480935,6
2016-04-01,-0.0032812610960895,1.0695533172007112,0.1309828370470892,0.6675001373595768,0.3099146991516605,0.3099146991516605,11
2016-04-04,0.0059139837185546,1.030432269065631,-0.0019707805477082,0.514959100033717,0.2057382367090369,0.2057382367090369,4
2016-04-05,-0.0202584208946938,0.998507734444382,0.2336077527143061,0.5537108414291732,0.1588673089790825,0.1588673089790825,6
2016-04-06,0.0014654006885952,1.145997561778993,-0.1748984685788552,0.8537570083007551,0.0976910478538937,0.0976910478538937,3
2016-04-07,-0.0089573577941213,1.0957354168586722,0.396546860341914,0.4774416732365935,0.1216549849370494,0.1216549849370494,8
2016-04-08,0.0011588138717068,1.087889465615377,0.434950817110283,0.1924469260040833,0.1776472362079879,0.1776472362079879,7
2016-04-11,0.015263021567415,1.0406823081780612,0.2552773745597473,0.3254809902437919,0.2720748539492931,0.2720748539492931,7
2016-04-12,0.0048829015384887,1.0874705175136092,0.2674537565220486,0.4053666567562342,0.24625623318532,0.24625623318532,11
2016-04-13,0.0181888630048617,1.0476209519089463,0.1303460016846656,0.6614251872416679,0.1853352701001966,0.1853352701001966,5
2016-04-18,0.0081509347042485,1.1314740714396918,0.5603307336568832,0.3054548297253687,0.2009274873727311,0.2009274873727311,3
2016-04-20,6.292661701482301e-06,1.1044662537347156,0.404925358051864,0.5514247324227648,0.2874723058006861,0.2874723058006861,13
2016-04-21,-0.0003412181075164,1.0565055726797676,0.4440709081079279,0.4044182637613312,0.324516313896834,0.324516313896834,7
2016-04-22,-0.0016127659027939,1.0114941680675351,-0.1438620798289775,0.7488434451089032,0.3679792455410055,0.3679792455410055,7
2016-04-25,-0.0056175110317398,0.9710652277940452,0.547950766980648,0.2731116521075782,0.2565270072514457,0.2565270072514457,2
2016-04-26,0.0136052345659834,0.9498041594900336,0.1050986828696396,0.6804519968125682,0.188732562203788,0.188732562203788,9
2016-04-27,0.0021640210559946,0.9889849385955044,0.0696311556519224,0.6300687539223413,0.2314312092999681,0.2314312092999681,13
2016-04-28,-0.0167627158699707,0.9481856962736216,0.2924863093843062,0.8561507842818795,0.2243636650693977,0.2243636650693977,6
2016-04-29,0.0003248769344116,1.050258772469572,0.1125342952595515,0.5711103123575656,0.2255402420292135,0.2255402420292135,11
2016-05-02,-0.0056081833742117,1.0051457086600897,0.0091107454150915,0.0919213577640156,0.1124895048677695,0.1124895048677695,5
2016-05-03,-0.0075741738575637,0.9812661735453,0.0673554691951721,0.6206332424547831,0.0674633368299427,0.0674633368299427,10
2016-05-04,-0.0052350803802913,0.972680776578384,0.2545921213126608,0.5612132380084657,0.0958749020405645,0.0958749020405645,7
2016-05-05,0.0037495319075121,0.9490501550762136,0.2621665806509554,0.6690121280153056,0.1322238953717585,0.1322238953717585,4
2016-05-06,-0.0002650218241854,0.9140307352621072,-7.175933569669724e-05,0.526215678102623,0.1186306314476366,0.1186306314476366,6
2016-05-09,0.0170009042776952,0.8770790155447451,0.0620744831860065,0.6346253453663959,0.1208818738441914,0.1208818738441914,5
2016-05-10,0.0027612316174809,0.9733523827938286,0.3853596890611308,0.4949574359732243,0.1455204955262265,0.1455204955262265,7
2016-05-11,-0.0049502005585438,0.9344450479258952,0.174912915378809,0.81153396746845,0.1805174304691276,0.1805174304691276,5
2016-05-12,0.0065463420522076,0.9120260168273128,-0.0406501020558855,0.5639249498997415,0.1566877921207433,0.1566877921207433,11
2016-05-13,-0.0108812233515407,0.8918765329388014,0.2913961899156371,0.5031768574677141,0.1746186350971395,0.1746186350971395,15
2016-05-16,0.0058498663461592,0.924365591528543,0.2060346502278532,0.7543745482066201,0.1223182965549176,0.1223182965549176,7
2016-05-17,0.0038091656381104,0.8994751284268638,0.3558283527805047,0.377341742500391,0.2016139875221957,0.2016139875221957,11
2016-05-18,-0.0026140778146703,0.8677360704970264,0.4171157542926569,0.4299154114196942,0.2267579003975997,0.2267579003975997,15
2016-05-19,-0.0110838613858264,0.8390564674047071,0.1472411253489554,0.5742080775852505,0.3041452655609036,0.3041452655609036,8
2016-05-20,-0.0043390900326874,0.8809818552422726,0.466763693082612,0.3972457562672948,0.3185967151465164,0.3185967151465164,8
2016-05-23,-0.0024094956185153,0.859141178204292,0.3306023186693589,0.6447196203808601,0.3497523855412423,0.3497523855412423,6
2016-05-24,0.0022997953380331,0.8302996173711763,0.0432509730259577,0.5744019511581417,0.3289543550766428,0.3289543550766428,9
2016-05-25,0.0237262813366222,0.799084263174538,0.228256331756711,0.3881557163894604,0.2812528828114626,0.2812528828114626,8
2016-05-26,0.0168393595342784,1.0333729249177015,0.5046423859894276,0.3590907750661382,0.3595145540932815,0.3595145540932815,6
2016-05-27,0.0107234347618368,1.101144791866823,-0.0911987209692597,0.698267690688492,0.2031106576944391,0.2031106576944391,8
2016-05-30,0.0026752262230023,1.095026358897396,0.4212675649406655,0.4224037086633135,0.1407433495368986,0.1407433495368986,7
2016-05-31,-0.0022523239460265,1.0489550381954402,0.0501700658351182,0.6867357778219356,0.0498488855060367,0.0498488855060367,5
2016-06-01,0.0024296262330994,1.0078779991550697,-0.0847424307527641,0.584912670376138,0.0511401435493358,0.0511401435493358,12
2016-06-02,0.0047564254428807,0.966381546754208,-0.323412150144577,,-0.0239097801214527,-0.0239097801214527,1
2016-06-03,0.0002250167286977,0.9337213087369876,-0.3815868133679032,0.4328230350677817,-0.0636607526978921,-0.0636607526978921,4
2016-06-06,-0.0024053331374929,0.8952466043439058,0.0689394675816098,0.5593621603784766,0.0519512687375148,0.0519512687375148,15
2016-06-07,0.0079430070714572,0.8640688972194637,0.3794642015515516,0.5932900921136056,0.1925265390767405,0.1925265390767405,12
2016-06-08,0.0007980422292402,0.857253509111858,-0.0350650921463966,0.8547223354163,0.2618308833210419,0.2618308833210419,2
2016-06-09,-0.0084301856371499,0.8230811298582515,0.3976643439382314,0.5410219946369599,0.2551022475181768,0.2551022475181768,6
2016-06-10,-0.0040980298028367,0.8376900959459433,0.0330380486058337,0.6631620755887923,0.168808193906166,0.168808193906166,7
2016-06-13,-0.0073031447296469,0.8177539931368759,0.422830973884889,0.5551020057569984,0.1633583795988843,0.1633583795988843,7
2016-06-14,-0.0002157902993896,0.8223560538876714,0.3364534243009984,0.4324602228825218,0.1511161956714377,0.1511161956714377,8
2016-06-15,0.0119825911101933,0.7907783565916411,0.5857681498995849,0.2921221679523628,0.2616622159301879,0.2616622159301879,7
2016-06-16,-0.0080563476172897,0.8322293501062014,0.5089004199419703,0.548025279418714,0.3929114322178065,0.3929114322178065,7
2016-06-17,0.0036110989197415,0.8422180087829337,-0.313627425980355,0.5965620376702462,0.3080651084094175,0.3080651084094175,7
2016-06-20,0.0083248762334282,0.8135024596091378,0.2057093682233244,0.6929861009431438,0.2106736303861474,0.2106736303861474,4
2016-06-21,-0.0022601974495153,0.8144490529836661,-0.1114439750090241,0.6895603702215468,0.0866047513959485,0.0866047513959485,4
2016-06-22,-0.0019727952444882,0.7880189600971307,0.4995913202874362,0.6465014765323508,0.2492485006495068,0.2492485006495068,12
2016-06-23,0.0081036488925214,0.7623725581384496,0.4640296798731599,0.6303658528135014,0.2698101828695231,0.2698101828695231,7
2016-06-24,-0.0222332696976114,0.7665030241613817,0.3489480983051989,0.7464317510634072,0.2813668983360191,0.2813668983360191,9
2016-06-27,0.0007538756415223,1.0108457269696645,0.4339518011030223,0.3642596335808517,0.3156427608536822,0.3156427608536822,9
2016-06-28,0.0040868972986644,0.9678570977894017,0.2125035415713985,0.6041446527196805,0.26533753319333,0.26533753319333,12
2016-06-29,0.0093253922536919,0.9327193695890924,0.1198567664871613,0.743255915470919,0.2195192668297224,0.2195192668297224,15
2016-06-30,0.0101566807593836,0.9306285869206676,-0.2351283700420306,0.6707289644755864,0.1268255093919797,0.1268255093919797,13
2016-07-01,0.0048867894542098,0.935986055091138,0.235180347750429,0.6322846975834866,0.1532728173739961,0.1532728173739961,16
2016-07-04,0.0050722259326849,0.9058380509456369,0.8610227491174426,0.0914770534719591,0.292334483332306,0.292334483332306,7
2016-07-05,-0.0041600260138615,0.8785119971340279,0.0137694847071543,0.6693145443313357,0.342114054282143,0.342114054282143,8
2016-07-07,0.0002339226096985,0.855907964733224,-0.5754838734865189,0.4279661804501678,0.094876928176243,0.094876928176243,2
2016-07-08,-0.0017646132140196,0.8219581369335802,0.0442512208595871,0.85922761405701,0.0154210506958354,0.0154210506958354,10
2016-07-11,0.0172357704308392,0.7934765619122993,0.2678713391845425,0.6941296913713427,0.0321510010939978,0.0321510010939978,6
2016-07-12,0.0062569595942416,0.9100324026966844,0.1587202488962147,0.6441587563814206,0.1789918255705445,0.1789918255705445,9
2016-07-13,-0.0001818960901539,0.8883703943256515,-0.0064757956812779,0.8833158153123793,0.1688464222623715,0.1688464222623715,6
2016-07-14,0.0053264781029264,0.8528344373101449,0.5725158562883734,0.3330117309780448,0.2131555421319272,0.2131555421319272,5
2016-07-15,-0.0027591572520208,0.8304177339957997,0.4157397784292698,0.5623286352503168,0.2816742854234245,0.2816742854234245,10
2016-07-18,-0.0038357821106622,0.8047662723237272,0.3203146737068891,0.3107850452911286,0.39717718798135,0.39717718798135,3
2016-07-19,0.0023301434628515,0.7858873618056559,0.2185746250564561,0.6441662157511832,0.3263889417349666,0.3263889417349666,17
2016-07-20,0.0043639864706521,0.7574677136266839,0.2390487004214754,0.4876303150045296,0.2910507261334077,0.2910507261334077,13
2016-07-21,-0.0065296748506876,0.7373491570698493,0.1104441756676686,0.6509016176037561,0.3279235304957625,0.3279235304957625,19
2016-07-22,0.0036478885225085,0.743341559607985,-0.0059915239819222,0.697608057049702,0.1764781301741134,0.1764781301741134,9
2016-07-25,0.0109974930243212,0.7213216912486159,0.0357470626809767,0.6228020382141441,0.1753402160533525,0.1753402160533525,7
2016-07-26,-0.0052245810557146,0.7606303276333976,0.0709868304503078,0.5530509578592017,0.1674487470098803,0.1674487470098803,13
2016-07-27,0.0029232563005614,0.7539481876835524,0.181573853129521,0.3942579610473795,0.204961822432169,0.204961822432169,8
2016-07-28,0.0058442139411648,0.7289237276333667,-0.0543278853874653,0.5714721003096037,0.1966708247723815,0.1966708247723815,12
2016-07-29,-0.0032129615963578,0.7190316169149228,-0.1770133752919112,0.3233562354830691,0.0113932971162857,0.0113932971162857,12
2016-08-01,-0.0002257817306269,0.7033845970444803,0.3966289875097573,0.7902914394801271,0.0817487830972476,0.0817487830972476,4
2016-08-02,-0.0015816745902789,0.6792005305568527,0.1112031586468219,0.7546084680649874,0.114854991904105,0.114854991904105,10
2016-08-03,-0.0090927837382057,0.6596555111069256,0.3554456640267744,0.6006380839561899,0.2213467997678422,0.2213467997678422,8
2016-08-04,0.0007311673892417,0.7029528386047038,-0.3730066746473312,0.7000262108845005,0.0875758736068382,0.0875758736068382,5
2016-08-05,0.0153245270883402,0.6781660109433941,0.3125539521376292,0.6947147973245357,0.1605650175347303,0.1605650175347303,6
2016-08-08,0.0032423172214172,0.7881125170682273,-0.4118463224731385,0.4297967809368346,0.0378576641374577,0.0378576641374577,4
2016-08-09,-0.0038068328301676,0.7617651905214458,-0.0469571425476008,0.6454480316959252,0.1030675705574038,0.1030675705574038,9
2016-08-10,-0.0119339403558223,0.7459932944574756,0.2179414768304143,0.7126147823520192,0.0841450754959609,0.0841450754959609,7
2016-08-11,0.0019630860910883,0.8134306724555656,0.0333936402781142,0.7899949376406233,0.066202616261407,0.066202616261407,9
2016-08-16,0.0058486143833095,0.7827104257317447,-0.277286044914614,0.4945223061386299,0.0065728544088249,0.0065728544088249,11
2016-08-17,-0.0021428662849281,0.7684536384925768,-0.0300633149842421,0.6142475320569869,-0.0479854475339931,-0.0479854475339931,6
2016-08-18,0.0056887871001746,0.7446845684628304,0.5805078444071115,0.4718891148701324,0.0401227307313996,0.0401227307313996,10
2016-08-19,-0.0007323592374647,0.7325187438682488,0.3166189909513507,0.6207815691816374,0.2268743558328808,0.2268743558328808,7
2016-08-22,-0.0043651652530661,0.7072769982752877,0.4436188656836748,0.5142802626465577,0.4061457767390779,0.4061457767390779,5
2016-08-23,0.0003996372089627,0.6993217770670537,-0.0729719890902439,0.5743091802771851,0.2754498100396068,0.2754498100396068,6
2016-08-24,0.002048290749933,0.6748457333778903,0.1576597299426794,0.6835157292903747,0.2436579578378725,0.2436579578378725,9
2016-08-25,-0.0067391421502295,0.6530270655885619,0.3502218838160236,0.2756859384784051,0.2525831556258102,0.2525831556258102,6
2016-08-26,-0.0022896225356679,0.6703779471138158,0.5345778023824096,0.4241640642102646,0.2826212585469086,0.2826212585469086,10
2016-08-29,0.004062914858462,0.6540796122007099,0.0005649946630001,0.8025606268477212,0.2838505030742713,0.2838505030742713,5
2016-08-30,0.0157796028316789,0.6402474374764642,0.1054547981951724,0.7297590781682689,0.2348970859501011,0.2348970859501011,11
2016-08-31,0.0047745981624819,0.7668954766242895,0.2356386724859476,0.7889135905122864,0.1751092599708086,0.1751092599708086,7
2016-09-01,-0.0013154039773133,0.7480033685280173,0.1479893264671166,0.925170154621314,0.1249775804138996,0.1249775804138996,3
2016-09-02,0.0039808288831956,0.7230664102812882,0.4156334305182099,0.386041267984263,0.1810562444658893,0.1810562444658893,5
2016-09-06,0.0150233474468299,0.7037642353116113,-0.0756756854243576,0.7470740886409984,0.1481924167616913,0.1481924167616913,8
2016-09-07,-0.0028049819116828,0.803262713894149,0.4891917275057899,0.5804517199913516,0.1629040761592073,0.1629040761592073,9
2016-09-08,0.0038667014380895,0.7796485497374196,0.6551168378442526,0.4048051603507683,0.221405640060289,0.221405640060289,5
2016-09-09,-0.0096301143518348,0.7559530315204581,0.1926002588123083,0.6611578818496507,0.3939127987023029,0.3939127987023029,10
2016-09-12,-0.0171882299396912,0.791930452869963,0.1121771478626344,0.6212453334594509,0.1448462992454213,0.1448462992454213,7
2016-09-14,0.0012613090035687,0.9332578244719149,-0.1140454687178134,0.8532795193417789,0.1167909007812184,0.1167909007812184,5
2016-09-15,0.0018260991839711,0.8948057022484617,0.3242480831427706,0.4850378773784162,0.2180471108070323,0.2180471108070323,9
2016-09-16,0.0042573919410826,0.8590512510684103,0.2701266890391707,0.5250672375092763,0.2827984048760245,0.2827984048760245,10
2016-09-19,0.0032465772692253,0.8314990564001764,0.1920648919079791,0.5979412818475461,0.2416588539843316,0.2416588539843316,11
2016-09-20,-0.0036964832905136,0.802375238690343,0.4376198896206915,0.5843687276357037,0.2643332152799159,0.2643332152799159,2
2016-09-21,0.0001424253843608,0.7829491978267248,-0.4187081940472126,0.3857371123875005,0.1265662386626392,0.1265662386626392,4
2016-09-22,0.0102354930170989,0.7534296623633607,0.2107745164539665,0.6293430266843705,0.1623880851294168,0.1623880851294168,8
2016-09-23,-0.0040567760733005,0.7795821170994507,0.4393890637904405,0.4565973268573022,0.172228033545173,0.172228033545173,5
2016-09-26,-0.0123615900172105,0.7638308836892733,-0.0414875882367293,0.9197913948893506,0.2203618398650239,0.2203618398650239,3
2016-09-27,-0.0019104927510736,0.8342537891296631,0.5598777156323195,0.3721057699683638,0.2901824797006945,0.2901824797006945,5
2016-09-28,0.0044408733836031,0.805412632363692,-0.0722371076699346,0.4226349091466893,0.1878572454086194,0.1878572454086194,6
2016-09-29,-0.0177550621960591,0.7822443975615414,0.0641238178126513,0.6481775639452959,0.193223679397876,0.193223679397876,5
2016-09-30,0.0023136770509358,0.9358776141751166,0.4282417545095086,0.5290279456431262,0.1877037184095631,0.1877037184095631,10
2016-10-03,0.0146348095219124,0.898377657675848,0.3677139931047956,0.7714436104021033,0.1833623317660143,0.1833623317660143,6
2016-10-04,0.0035471948830647,0.9576535775267286,0.0742116825034221,0.5494197178648772,0.2126520898006856,0.2126520898006856,6
2016-10-05,-0.0028778699216004,0.9215283966571628,0.0726801713462919,0.1779357912205007,0.2143633605074137,0.2143633605074137,4
2016-10-06,-0.0039419526365027,0.8903142963779618,0.2687359315653642,0.5577077866231983,0.1824621959185848,0.1824621959185848,9
2016-10-07,-0.0013730217286708,0.8657664445004036,-0.070194064018627,0.5505217816125069,0.1426295429002493,0.1426295429002493,6
2016-10-10,0.0012869056479532,0.833534285717198,-0.4098491457601388,0.489735437940054,0.1773866731052597,0.1773866731052597,3
2016-10-13,-0.0156754771216134,0.8009261066959094,-0.2032579291611909,0.703544099291237,0.0507102072130267,0.0507102072130267,5
2016-10-14,0.001171641761961,0.9148345613915873,0.7538385540246964,,0.0445769190679614,0.0445769190679614,1
2016-10-17,-0.0073668169692744,0.8774012352611904,-0.7986717005260289,0.1808519479212637,0.1058367409867544,0.1058367409867544,4
2016-10-18,0.0183162749892034,0.8766822599000964,-0.2902502454817295,0.2008709385554658,0.0884382777226467,0.0884382777226467,4
2016-10-19,-0.002168862965894,0.993486039096034,-0.2104057704564184,0.8529219527273205,-0.1044105871735761,-0.1044105871735761,4
2016-10-20,0.0046433567024341,0.955506395092696,0.1802641808843383,0.5112985877868825,-0.1707598130899266,-0.1707598130899266,13
2016-10-21,-0.0007302693005771,0.923114124000656,0.1005432517785165,0.4950956518689907,-0.2037040567602643,-0.2037040567602643,9
2016-10-24,0.0018274215664756,0.8862250856969611,0.3983766622841358,0.7878654391062124,0.2396740285071552,0.2396740285071552,7
2016-10-25,-0.0020287520787162,0.8509767202141104,0.2085960687448581,0.7645923214804582,0.2453404060792591,0.2453404060792591,9
2016-10-26,-0.0087886141432832,0.8214242755526074,-0.2237028088420629,0.6995412175254672,0.1804911939551432,0.1804911939551432,6
2016-10-27,0.0,0.8398376222796996,-0.2167691346257925,0.7075039129331213,0.0700671657423178,0.0700671657423178,9
2016-10-28,0.0026371858270232,0.8070040347567893,-0.0708676472099291,0.50263256058121,0.0191266280702418,0.0191266280702418,9
2016-11-02,-0.0130980125467139,0.7511414338145436,0.307389760389924,0.6651467928019036,0.3830319988112601,0.3830319988112601,6
2016-11-03,-0.0034178384703509,0.8345987340691337,-0.0317914588376879,0.3554326783058967,0.3908472364857083,0.3908472364857083,4
2016-11-04,-0.0060525159761116,0.8114853279857681,-0.0728116831742227,0.5515259218459125,0.2827597219186524,0.2827597219186524,4
2016-11-07,0.0074775084884729,0.8063792309950857,-0.2710721575810264,0.5252398996059221,0.0187147728555525,0.0187147728555525,6
2016-11-08,0.0054575679826926,0.8012096500322264,-0.4778573627450636,0.4324602003986278,-0.0704984079259226,-0.0704984079259226,7
2016-11-09,-0.0131425976316571,0.7832817840534454,0.3295827985096436,0.6520741869225897,0.0099804884108506,0.0099804884108506,13
2016-11-10,0.0110570040404547,0.8615332602986943,0.2678327410171429,0.6482601684418241,0.0250216866647926,0.0250216866647926,15
2016-11-11,-0.0272813871024,0.8833014080828875,-0.1570900158258155,0.8133946116201992,-0.0617207993250238,-0.0617207993250238,8
2016-11-15,-0.022902856859881,1.1953140926220156,0.0442911828091988,0.6588862410793889,0.2266864027750367,0.2266864027750367,12
2016-11-16,0.0003883961302774,1.345457600822144,0.0172020914033055,0.6861812617625498,0.261544824220861,0.261544824220861,8
2016-11-17,-0.0039094394399234,1.2842751900809388,0.0947035981807857,0.509792605698512,0.2559034954756498,0.2559034954756498,8
2016-11-18,-0.0007242886837538,1.2342840966432866,0.3138831910677254,0.6100339381836588,0.1422755757533013,0.1422755757533013,10
2016-11-21,-0.018121871425978,1.1798437111941436,0.3293709087052515,0.5430047439080911,0.3107715361383522,0.3107715361383522,7
2016-11-22,0.0091894274947825,1.262236314494502,0.3660842209885066,0.522967639872508,0.3650476606998963,0.3650476606998963,11
2016-11-23,0.0038664021768522,1.231901751397838,0.461765687114426,0.4628828364823812,0.3946241599092365,0.3946241599092365,7
2016-11-24,-0.0084756620986245,1.1804925764628893,0.5735896009330949,0.286814554042021,0.5022665290057142,0.5022665290057142,6
2016-11-25,0.0185081971326499,1.1617239078395591,0.0194324061274528,0.7572537170677643,0.3500485647737463,0.3500485647737463,5
2016-11-28,0.0015516218520139,1.232155839293659,-0.1112282979302108,0.7082474488852186,0.0588791690208017,0.0588791690208017,8
2016-11-29,0.0018747258935887,1.1772491130752094,-0.1910146158188581,0.5978851870978663,-0.0940416743295888,-0.0940416743295888,8
2016-11-30,0.0100632436210104,1.1255801456708108,-0.0043603228405117,0.5292886929345153,-0.0988002201231817,-0.0988002201231817,8
2016-12-01,-0.0038495313077255,1.1120861301275533,0.4979566768743098,0.7563556014631416,0.1402332692717512,0.1402332692717512,8
2016-12-02,-0.0130348946163291,1.0724157358591475,0.6027456782758236,0.4058780651151344,0.1588198237121105,0.1588198237121105,4
2016-12-05,0.0051740815952034,1.106529093612156,0.226285009086132,0.6371572209132231,0.4356419835798442,0.4356419835798442,5
2016-12-06,0.0017699108511295,1.0665602950801691,-0.5803894624114037,0.1547918138320054,0.2199727557227015,0.2199727557227015,2
2016-12-07,-0.0050599790817267,1.0209241883966529,-0.0170230492949485,0.6009348407746614,0.096019010208547,0.096019010208547,8
2016-12-08,0.017714169916451,0.9928461441696153,0.0140847830722729,0.6691157519058051,0.0676007231821616,0.0676007231821616,3
2016-12-09,0.0018051676124941,1.0791034256479812,0.1561789500216643,0.9529557629575276,-0.0401727539052566,-0.0401727539052566,3
2016-12-12,-0.0110696301085065,1.0327988313928147,-0.2953210640698671,0.5195725059967241,-0.0122383896292498,-0.0122383896292498,3
2016-12-14,-0.0047974988003114,1.0186858861159118,0.0449479240924119,1.2229653804894962,-0.0060657614252219,-0.0060657614252219,2
2016-12-15,-0.0035320811496494,0.9894057763864308,0.3168917192767064,0.7501702501219841,0.0260767924257864,0.0260767924257864,6
2016-12-16,-0.001736925332793,0.9563210764052876,-0.2138449837220832,0.7443994725706236,-0.0249345617291207,-0.0249345617291207,4
2016-12-19,-0.0043216675473717,0.9194559133196896,-0.0382743775844574,1.1012439938769767,0.0449664991085106,0.0449664991085106,2
2016-12-20,-0.0027121205636996,0.894740867797535,-0.5684470306150615,0.5200478076734084,-0.1321012508698429,-0.1321012508698429,4
2016-12-21,-0.0026140364419853,0.8646566088815285,0.5588414827361703,0.0565956719471582,0.0224360424218078,0.0224360424218078,2
2016-12-22,-0.0102491742213465,0.8361785399236114,0.0282457401044666,0.005023077869141,-0.0038493302340309,-0.0038493302340309,2
2016-12-23,0.0008330679821808,0.8686447852894911,-0.0728628635406494,,-0.0184994097799063,-0.0184994097799063,1
2016-12-26,-0.0097521850030884,0.8338065024608243,-0.0662061845262845,0.8012769982446395,0.1692572820776452,0.1692572820776452,3
2016-12-27,0.0156328778358968,0.8609903216657712,0.4123402684926986,0.5027530310177128,0.1399570392289509,0.1399570392289509,4
2016-12-28,0.0002489466427699,0.94001366653306,0.1361415379991134,0.9186229237711212,0.1615361988078802,0.1615361988078802,3
2016-12-29,0.0085200765943986,0.9011653103625252,0.736479127407074,0.1814742812138172,0.3234045969974249,0.3234045969974249,5
2016-12-30,0.0100925025171995,0.8954721577146998,0.0093766581267118,0.00582704415101,0.2456262814998626,0.2456262814998626,2
2017-01-02,-0.0007698979027411,0.903861929262812,0.0896155799485065,0.6340217109287198,-0.0219247436387972,-0.0219247436387972,11
2017-01-03,0.0015575613575361,0.8681687616509568,-0.0493336362498147,0.6594961155086042,-0.179087296370175,-0.179087296370175,7
2017-01-04,-0.0002136393470761,0.8337106689527728,0.2442991126328706,0.329264220304531,-0.1321028054689432,-0.1321028054689432,5
2017-01-05,0.0101189259729877,0.8014482856697418,0.0065244287252426,0.6903429168362025,-0.0324796528553034,-0.0324796528553034,4
2017-01-06,-0.0036324930615801,0.8205068369204009,-0.0717300897464156,0.5278577195770103,0.0438750790620778,0.0438750790620778,5
2017-01-09,-0.000940542632975,0.7994310142410439,0.1887225477645794,0.6691557188159173,0.0406794183452923,0.0406794183452923,6
2017-01-10,0.006360193250249,0.7703694812911149,-0.0741757437586784,0.7251030695634029,0.0245393838485081,0.0245393838485081,5
2017-01-11,0.0110444941375065,0.7603664487932692,-0.3034291897589962,0.3949924395141012,-0.0218004361540079,-0.0218004361540079,6
2017-01-12,0.0031629810720875,0.7948026494587487,0.3670555132751663,0.4732176496636009,0.0599219543735185,0.0599219543735185,3
2017-01-13,-0.0008151796539613,0.7677914552654148,0.5054391802599033,0.1962827990444214,0.1367224615563948,0.1367224615563948,3
2017-01-16,0.0014810071904502,0.7404667238755144,0.4810914715441565,0.5578507357339964,0.3221347884150842,0.3221347884150842,6
2017-01-17,-0.001760750075312,0.7136724754501323,0.4180483336094767,0.5549223102848114,0.3323333524819462,0.3323333524819462,4
2017-01-18,0.0022598879674375,0.6923283040708059,0.1111454002093523,0.5594765697059257,0.2534745964718361,0.2534745964718361,4
2017-01-19,0.0021480547533008,0.6697627392566807,-0.0372072257256756,0.7327254413152688,0.200710525503382,0.200710525503382,12
2017-01-20,-0.0102178802464588,0.6484688349887929,-0.0970824372747706,0.7057717751239465,0.1751991084725078,0.1751991084725078,9
2017-01-23,0.0050356440298158,0.7085788628979531,-0.2559326947666704,0.7566505873872138,0.033092736509732,0.033092736509732,4
2017-01-24,0.0099957322821512,0.6954967052283135,-0.3636684585362673,0.8353668249285212,-0.0321995100523863,-0.0321995100523863,5
2017-01-25,0.0148668985383623,0.7265199413763932,-0.3120015921692053,1.0669811408942556,-0.0751833410312732,-0.0751833410312732,3
2017-01-27,0.0044653286907273,0.8189175548226919,0.088475476950407,0.3146836544832761,-0.0784626581085225,-0.0784626581085225,2
2017-01-30,-0.0009841380903137,0.7949173563383972,0.0497264916077256,0.8054937511725793,0.1659909604986507,0.1659909604986507,5
2017-01-31,-0.0083110852188643,0.7662250036088076,0.243978897575289,0.4556045734619462,0.1246239444178839,0.1246239444178839,4
2017-02-01,0.0179543284874153,0.7861954496255594,0.3643434098921716,0.4122718669324796,0.1797975310062368,0.1797975310062368,2
2017-02-02,0.00204572496732,0.9163287979412652,0.1298456132411956,0.8933564530038475,0.1426411744331319,0.1426411744331319,5
2017-02-03,0.0007668233343177,0.8795837428502138,0.3878005763346498,0.6931242027412883,0.2351389977302063,0.2351389977302063,11
2017-02-06,0.0068521085989636,0.8441022599320167,-0.355955154945453,0.4592452756333561,-0.0537918338648072,-0.0537918338648072,3
2017-02-07,-0.0037280876822229,0.8312293652496127,-0.2009071772918105,0.7672363033512465,-0.1199423919714084,-0.1199423919714084,4
2017-02-08,8.553173850807276e-05,0.8098519040834804,0.3288281327113509,0.5153228896074049,-0.1317368806960683,-0.1317368806960683,5
2017-02-09,0.0010657487804178,0.7787454138233991,-0.2798070156713947,0.535753047596776,-0.1670927881651248,-0.1670927881651248,8
2017-02-10,0.0017242727924366,0.7493229652585207,0.1948607142549008,0.868630005775063,-0.0625961001884813,-0.0625961001884813,4
2017-02-13,0.0013069223565665,0.7222380642612868,0.2511297255754471,0.6626436095688174,-0.1100363193871453,-0.1100363193871453,5
2017-02-14,-0.0014490821077153,0.6964409126073483,-0.1739657367579639,0.6938370894695445,-0.0888680636044592,-0.0888680636044592,4
2017-02-15,-0.0077182103048163,0.6753036064228917,-0.1704529270064085,0.7741190822139724,-0.1619307918567211,-0.1619307918567211,4
2017-02-16,0.0060904853366915,0.700191746686644,0.4712983789957232,0.6058435551462097,-0.0051178247740286,-0.0051178247740286,9
2017-02-17,0.0049660260841438,0.6944244798899388,0.267389836255461,0.6608537579370478,0.1290798554124516,0.1290798554124516,8
2017-02-20,0.0064968675020789,0.6820809153801292,0.3408413635832922,0.8036903271739394,0.1702862927996892,0.1702862927996892,7
2017-02-21,0.0032213817527225,0.6809397785181929,0.259845969825983,0.5591341459495313,0.2563460721661675,0.2563460721661675,10
2017-02-22,0.0021363673161383,0.6617518881764095,0.1885909658158198,0.5846340342438425,0.1998045895301869,0.1998045895301869,8
2017-02-23,0.0014104252886116,0.640970548303776,0.4251837618649006,0.5450901061896678,0.2313633746520748,0.2313633746520748,6
2017-02-27,-0.0047992157934504,0.620508890611714,0.4234010765794664,0.5484351247014075,0.3740130909252911,0.3740130909252911,8
2017-02-28,-0.0019239764630964,0.6237967034083883,-0.2602363250528772,0.5194882569041475,0.2369290735417355,0.2369290735417355,6
2017-03-01,0.0074276596143023,0.6094716760403408,0.1599857437291315,0.5324037108160594,0.1683315061409735,0.1683315061409735,7
2017-03-02,-0.0051609401115677,0.624015671156619,0.308271457308105,0.5163965282415124,0.1605075543857223,0.1605075543857223,7
2017-03-03,-0.0002472504647169,0.6299306500858242,0.036295442841947,0.8349121393985806,0.1335434790811545,0.1335434790811545,6
2017-03-06,0.0073792833177025,0.6106129566533942,0.2128014080226421,0.852599698953102,0.2147112589063388,0.2147112589063388,2
2017-03-07,-0.001848072076356,0.6245570817142498,0.1916836559772491,0.6775902425477749,0.1913936986401676,0.1913936986401676,5
2017-03-08,-0.0025292759007722,0.6098787378328067,0.1345669723426302,0.5929299295186411,0.2110480045403042,0.2110480045403042,3
2017-03-09,0.0003025208654424,0.59932838833478,-0.2084614094346761,0.3586592116515433,0.1431042934271195,0.1431042934271195,3
2017-03-10,0.0008453695473995,0.5814967097855127,0.6656550595071167,0.4670810203340301,0.1992491372829923,0.1992491372829923,8
2017-03-14,0.0169190589685852,0.5647483035209125,0.7291285917162895,,0.3369224601114789,0.3369224601114789,1
2017-03-15,-0.0002421549155174,0.7335300885847809,-0.1593069788068533,0.5963236637327064,0.3467533462370434,0.3467533462370434,4
2017-03-16,0.0075555246752815,0.7074506368442206,0.2403822841921023,0.6719547296604854,0.2616987911740406,0.2616987911740406,7
2017-03-17,0.0006934253912419,0.712430211774431,-0.2107578493654728,0.4622676526732235,0.0623055010914269,0.0623055010914269,5
2017-03-20,-0.0036310400180971,0.687046938609523,0.3258932833136482,0.5738621756189577,0.1133439478725677,0.1133439478725677,11
2017-03-21,-0.0005863115999817,0.6762108090597087,0.0657469263921181,0.2854818398156698,0.0784168763125709,0.0784168763125709,6
2017-03-22,-0.0100320425436534,0.6543603622662179,0.3091357357075645,0.5899507667107308,0.1823955933271784,0.1823955933271784,9
2017-03-23,0.0061655414240061,0.7108913348260493,0.0097305056239877,0.6633294362111354,0.1831475788169683,0.1831475788169683,7
2017-03-24,0.0023853850750034,0.7046981016141067,0.5601705263834447,0.4082467915075338,0.2541353954841525,0.2541353954841525,4
2017-03-27,-0.0069188963418471,0.6815834818557177,0.2024897187948227,0.4724202528156694,0.2302786191379916,0.2302786191379916,2
2017-03-28,0.0061280484260037,0.6973592424598711,0.7090987501045068,0.1148844030351384,0.3701522680340955,0.3701522680340955,3
2017-03-29,0.0047137323415894,0.6921071876273818,-0.3365401128927867,0.4292638722437289,0.1908101401788492,0.1908101401788492,3
2017-03-30,0.0032701122498964,0.6785746035958337,-0.21655456269426,0.6250063112032723,0.101501325913483,0.101501325913483,7
2017-03-31,0.0,0.6597196428957751,0.0088899629190564,0.8528735634219052,0.0734767512462677,0.0734767512462677,4
2017-04-03,0.0069629874333823,0.6381031789345244,0.1621761920728854,0.5625002502853405,-0.1398445384931707,-0.1398445384931707,7
2017-04-05,0.0029509594186491,0.645179105872195,0.0215590687002986,0.7234388368627896,-0.0015422007623351,-0.0015422007623351,8
2017-04-06,-0.0003454609996294,0.6276279071877526,0.5269566476345062,0.3043826667900926,0.1106722269273761,0.1106722269273761,5
2017-04-07,-0.0068959675911915,0.6086186063020017,-0.2943191733211279,0.6676892262951203,0.1757321510530475,0.1757321510530475,5
2017-04-10,-0.0018334976368336,0.6331833527583354,0.5037444522604346,0.5640336522873503,0.3321762068818012,0.3321762068818012,2
2017-04-12,-0.003638722628744,0.6193078386297184,0.3319560708478093,0.631217169671091,0.2931760915244618,0.2931760915244618,6
2017-04-13,-0.0057371491660003,0.6142919927109798,-0.0169587937804559,0.7409755938214089,0.3486481674325962,0.3486481674325962,6
2017-04-17,-0.0012575110864404,0.6264088958331778,-0.0029835506963233,0.8143366374426573,0.1293233063817023,0.1293233063817023,6
2017-04-18,-0.0037435443192956,0.6095812404033459,0.6100800434748331,0.4438368068314464,0.2547310738327601,0.2547310738327601,6
2017-04-19,-0.0001812754481099,0.6061307043681698,-0.3375138722360134,0.8075832479709589,0.1201312249091763,0.1201312249091763,5
2017-04-20,0.0036075225852634,0.5883443134436219,-0.0937680578790605,0.6755312641295087,0.0199188640092809,0.0199188640092809,8
2017-04-21,-0.0018624222643066,0.5775547351266512,0.4328393198549747,0.7385253051892817,0.121730776503682,0.121730776503682,5
2017-04-24,0.0107486360189436,0.5665334493851842,0.1201470072070757,0.8461059369819038,0.2628312578052281,0.2628312578052281,3
2017-04-25,0.0095710926019384,0.6275815719237032,-0.4221154007439812,0.7646519355745686,0.1971617892322439,0.1971617892322439,6
2017-04-26,0.0048503590177315,0.6630915820740085,-0.2207266623819513,0.5764444153976649,0.0664485927848587,0.0664485927848587,7
2017-04-27,-0.001037682638315,0.6526302694822819,-0.2425261845013925,0.8132540780375449,-0.0219998081126029,-0.0219998081126029,7
2017-04-28,-0.0040866920407427,0.6333590229744775,-0.2289172739256173,0.8924630502552326,-0.1988277028691734,-0.1988277028691734,4
2017-05-02,0.0010473820656935,0.630075461096596,0.146591197932139,0.1468228842568192,0.2795618622098117,0.2795618622098117,4
2017-05-03,-0.0001986077748364,0.6100825391706844,0.4023671885952353,0.4591644854885592,0.4058187547139822,0.4058187547139822,2
2017-05-04,0.0051361058723783,0.5920487354396159,0.0042814410602053,0.6879409338643336,0.31678012755389,0.31678012755389,6
2017-05-05,-0.0080021649798102,0.5895261020097877,0.180929409340024,0.826076477167611,0.2053741309481361,0.2053741309481361,9
2017-05-08,0.0030915084131222,0.629797784488351,-0.2023885805159807,0.657551661443385,0.1592855314041176,0.1592855314041176,5
2017-05-09,0.0003005549701442,0.6138184018643276,-0.4662249478278681,0.5895073892068368,0.0651842536265029,0.0651842536265029,8
2017-05-10,0.009661416055306,0.5950002128154313,0.1770045226439833,0.7994532125043722,0.0643992762872948,0.0643992762872948,6
2017-05-11,0.0016039118008357,0.6365082780796256,-0.1740671321749687,0.9994920079940516,-0.0535067886998878,-0.0535067886998878,2
2017-05-12,-0.0022844037397764,0.6165597311807126,0.446697308216244,0.3924361264089091,-0.0437957659317181,-0.0437957659317181,6
2017-05-15,0.0047224209373486,0.6043197978198437,0.7220767955295742,0.3056472325742982,0.2272035824134945,0.2272035824134945,4
2017-05-16,0.0070525497707111,0.5980625395021005,-0.1671959022060036,0.8710648142343257,0.2285778284072875,0.2285778284072875,6
2017-05-17,0.0014182164368899,0.6103614330500476,-0.0419818079099059,0.902795373208054,0.1308420051820575,0.1308420051820575,4
2017-05-18,-0.0101608669092315,0.5919696054248358,-0.0076615763828158,0.6420698297403427,0.1399756404571234,0.1399756404571234,11
2017-05-19,-0.0001643714140994,0.6615311674504173,-0.0306296283379197,0.6889940626989342,0.0949215761385856,0.0949215761385856,7
2017-05-22,0.0010971618691591,0.6399883462464216,0.8290079459547997,0.091024727853084,0.2208266059557596,0.2208266059557596,2
2017-05-23,-0.0055353415058651,0.6193603438577925,0.5132048837840557,0.3532461336289346,0.3249998979891338,0.3249998979891338,4
2017-05-24,-0.0027312115289387,0.629053883177538,0.0241058592995007,0.7617278453320363,0.335946995516618,0.335946995516618,6
2017-05-25,0.0158135595125637,0.6179774927234183,0.2998677864670753,0.6195228902429047,0.4640172588328519,0.4640172588328519,7
2017-05-26,0.0089349226953205,0.7508204514159815,-0.0559922984490791,0.2810252453498794,0.3220388354112704,0.3220388354112704,3
2017-05-29,0.0010209148022137,0.7638155314092949,-0.0387522275559604,0.7522958641993691,0.0318554856504002,0.0318554856504002,4
2017-05-30,0.0020436799494468,0.7352884071851712,0.1921781681478023,0.7103919394617746,0.0103175619865456,0.0103175619865456,5
2017-05-31,-0.0003429116745806,0.7095461315115047,0.4874863245834906,0.5812070899632799,0.1190132865930596,0.1190132865930596,6
2017-06-01,-0.000535457415147,0.6851270363974482,0.0175707293674349,,0.0937344203951457,0.0937344203951457,1
2017-06-02,0.0038818074424912,0.662597910944853,-0.3926103046784798,0.7783577930606472,0.0531745379728574,0.0531745379728574,3
2017-06-05,0.0022349905117481,0.6472989261115512,0.5037685450166464,0.5070208389169435,0.0391534159705041,0.0391534159705041,5
2017-06-06,-0.0039300721143596,0.6276962815883961,0.39966413481161,0.5341870259988389,0.1155720970593392,0.1155720970593392,10
2017-06-07,0.00277187158673,0.6238549626223189,0.0928369686007499,0.8169741216768212,0.2126615517151851,0.2126615517151851,2
2017-06-08,-0.0017244332330555,0.6072706418284008,-0.2111761504784226,0.8630193154605413,0.1906526804901658,0.1906526804901658,4
2017-06-09,0.0021744203643893,0.5934162878811243,-0.2177443169057369,0.7423878673120344,0.1134698362089692,0.1134698362089692,10
2017-06-12,-0.0053773061230002,0.5774336557502858,0.1037869341671466,0.7911957580209543,-0.0322060367837549,-0.0322060367837549,8
2017-06-13,-0.0009883839285963,0.5904165384903102,0.301070767096602,0.5573551088548431,0.07024334673125,0.07024334673125,13
2017-06-14,0.0011703481475408,0.5754141852752217,0.1983745513483882,0.6270766056064215,0.153467120382075,0.153467120382075,10
2017-06-15,-0.0041779772935031,0.5592269917095155,0.137297491915524,0.6277534625534981,0.1811788924439594,0.1811788924439594,10
2017-06-16,0.0010435092284018,0.5638331596836084,0.5745265241712332,0.4185327367929235,0.2630112537397787,0.2630112537397787,8
2017-06-19,0.0072224616043765,0.5483881081383539,0.5131237986497581,0.430145695726826,0.3572205495169119,0.3572205495169119,4
2017-06-20,-0.0004194287506718,0.5683670564609413,0.4701500311493873,,0.4237910573636846,0.4237910573636846,1
2017-06-21,-0.0020635967138743,0.5536417476963277,0.0875002196989953,0.4501591253712692,0.326385796469237,0.326385796469237,4
2017-06-22,-0.0003737213698258,0.5454369367623788,0.5796413193456829,0.5252244456786902,0.3546415262855588,0.3546415262855588,4
2017-06-23,-0.005732892290795,0.5323017269650653,-0.0242450017482042,0.5691945525578287,0.3252340734191238,0.3252340734191238,5
2017-06-27,-0.0066592132681246,0.5544224379721036,0.2737527767365629,0.4528571977190855,0.2830209769666177,0.2830209769666177,11
2017-06-28,-0.002120798705808,0.5837283140645705,-0.0418791999109089,0.7517739656051765,0.2794941373340768,0.2794941373340768,4
2017-06-30,0.0017661798283679,0.557450695877437,0.1458571096882224,0.8735384780836066,0.2296024818765603,0.2296024818765603,6
2017-07-03,0.0098349558626024,0.5432513264700309,0.1547950586037976,0.7540628783200672,0.2515551312028296,0.2515551312028296,7
2017-07-04,-0.0001768430214008,0.5955991280372575,0.0828015003353357,0.6816240549937375,0.2764912712520785,0.2764912712520785,9
2017-07-05,0.0025245384198064,0.5785366111377462,0.7503519157568613,0.2530983212248864,0.3973902324658064,0.3973902324658064,3
2017-07-06,0.0038266315788128,0.5645225504195428,0.0445348341017961,0.5322228683211018,0.2614709189605144,0.2614709189605144,4
2017-07-07,-0.0009048440978294,0.5567121676054552,0.5334815559908748,0.525537990531311,0.3131929729577331,0.3131929729577331,2
2017-07-10,0.0108300502235875,0.543973011912228,0.5999478073790669,0.4179586355044832,0.4211667920400698,0.4211667920400698,4
2017-07-11,0.0015339700917757,0.6104891223445357,0.3498868296543757,0.7237487432198846,0.4822371911505857,0.4822371911505857,9
2017-07-12,0.0030659727759677,0.5922174436540691,0.2314000885623196,0.6209721077284224,0.4218208976648747,0.4218208976648747,12
2017-07-13,0.0076721863955028,0.5789345864345112,-0.1023431420326232,0.7273348145712966,0.2865574835799633,0.2865574835799633,6
2017-07-14,-0.0005410630593885,0.5996741633873213,0.0835720480730136,0.726065881435248,0.2324927263272304,0.2324927263272304,3
2017-07-17,0.0029896131536668,0.5829534219882396,-0.1386574211840828,0.6565943811416587,-0.1002968657296152,-0.1002968657296152,6
2017-07-18,-0.0089955884194955,0.5700983937672256,-0.0914826452732086,0.2796925507336251,-0.0981247663777322,-0.0981247663777322,5
2017-07-19,0.0073453097434605,0.6268150878859269,0.1456355072557926,0.75605553980075,-0.0857120745411764,-0.0857120745411764,5
2017-07-20,-0.0026601885384835,0.6385787733130526,-0.3862147979438305,0.7918078647420111,-0.0566174279681097,-0.0566174279681097,5
2017-07-21,0.0042398516888927,0.6263904620664967,0.5040641211505447,0.6401364421994978,0.0066689528010429,0.0066689528010429,7
2017-07-24,0.0051454987363173,0.615602319723579,-0.0501941196206543,0.6298401324868466,0.022883624285755,0.022883624285755,9
2017-07-25,-0.0001856997207542,0.6109993652786233,0.0103552821092307,0.5781161949187832,0.1021976402963673,0.1021976402963673,6
2017-07-26,0.0056142278030353,0.5928840207542707,0.0023495475761592,0.7494952409565117,0.0018547255814902,0.0018547255814902,12
2017-07-27,-1.0037915545995924e-05,0.5936641717314048,0.2757594904729298,0.6969303247606374,0.0666702911686447,0.0666702911686447,7
2017-07-28,-0.0006039221195206,0.5765167506217521,-0.3776401521431075,0.618534174705983,-0.0278739903210884,-0.0278739903210884,9
2017-07-31,0.0062314413146132,0.5615788780444567,-0.1173142246901988,0.6653234721407616,0.2306546771727383,0.2306546771727383,5
2017-08-01,0.0037194224908793,0.5705742335829753,0.2970535194617696,0.579319679457673,0.2349134829705062,0.2349134829705062,16
2017-08-02,-0.0032828454686495,0.5617377670405475,0.1401818391274322,0.5948479011462284,0.3384778812246142,0.3384778812246142,11
2017-08-03,-0.0067528598582955,0.5596455868759506,0.01769102178514,0.7182363555821807,0.2506564158664761,0.2506564158664761,6
2017-08-04,0.0052539828627585,0.5892871765169534,0.135034125065431,0.5214624565981624,0.0945292561499147,0.0945292561499147,8
2017-08-07,-0.0008944632972548,0.5878274691919835,0.3672624997173746,0.5309031874298531,0.0026947481092064,0.0026947481092064,9
2017-08-08,-0.0078709511899248,0.5727634699350836,0.4606528441266467,0.3638414199787226,0.0912871125775078,0.0912871125775078,6
2017-08-09,-0.0070902312842737,0.6139856664289807,-0.0163793386891484,0.4297209515207831,0.0610044198265919,0.0610044198265919,7
2017-08-10,-0.0089009580382115,0.6399766291219667,0.0404418294451066,0.809853349683466,0.1256120450417732,0.1256120450417732,7
2017-08-11,-0.0112079322048922,0.6838499507989861,0.0822499472913997,0.7623704714855001,0.1868455563782757,0.1868455563782757,7
2017-08-14,0.0085466604597317,0.7517982299952565,-0.2425104030407965,0.8018228057102914,0.1002997020991252,0.1002997020991252,4
2017-08-16,0.0104766643914226,0.7610053214287368,-0.2539055673405528,0.572446661842283,-0.079073005123064,-0.079073005123064,6
2017-08-17,0.0006919277268328,0.7888643018624194,0.4187989011406898,0.4107287422001426,-0.0527449580840767,-0.0527449580840767,4
2017-08-18,-0.0067624124481208,0.7587689433998979,0.473744420800358,0.3989782333871402,-0.0248277680948377,-0.0248277680948377,8
2017-08-21,-0.0084781889031269,0.7646096817528747,0.4177299670409411,0.6362098946672118,0.3741784718477476,0.3741784718477476,8
2017-08-22,0.0011475670344457,0.786531157545579,0.0181496477841089,0.5386462908926226,0.2940486211764315,0.2940486211764315,6
2017-08-23,0.0088643637399371,0.7566710304410349,0.7011542814628532,0.3389345053659454,0.3395305933089305,0.3395305933089305,6
2017-08-24,0.0004616853061997,0.7683384793203424,0.3302673588373831,0.5545048589403586,0.2780368312142256,0.2780368312142256,7
2017-08-28,0.0056399162238638,0.7395384907825658,0.2854797872714698,0.5513900495393276,0.2584225605929358,0.2584225605929358,8
2017-08-29,-0.0118476083539409,0.7274935905724476,0.434555429033935,0.8072264966457477,0.2051027901071521,0.2051027901071521,4
2017-08-30,0.0089785730092648,0.79690843898059,0.4921798564493656,0.4278830271587782,0.2374852896295486,0.2374852896295486,5
2017-08-31,0.0033834484516002,0.8053091587223945,0.1528894842009652,0.5710206917974635,0.2589880620942196,0.2589880620942196,11
2017-09-01,0.0056806050296273,0.7782692973013868,0.0521807096277674,0.6621732253381405,0.2834570533167005,0.2834570533167005,6
2017-09-04,-0.0061899938685985,0.7633686929273757,0.3146047587506473,0.6890713392014011,0.2905877344812632,0.2905877344812632,6
2017-09-05,0.0039617959979342,0.7638570817295006,0.1899445210583508,0.6992604974526422,0.2301406674030603,0.2301406674030603,8
2017-09-06,-0.0036238487939692,0.7416085939479299,0.2776202969253063,0.4280333881698974,0.2550868299479285,0.2550868299479285,3
2017-09-07,0.0013806437621763,0.7263920345067223,0.2273624222725629,0.8511964011926855,0.2901231724768876,0.2901231724768876,2
2017-09-08,0.000493278440014,0.7003909053409243,-0.0654229186475277,0.7240263890904161,0.1888218160718678,0.1888218160718678,6
2017-09-11,0.0071461652446926,0.6758092812559475,0.0473174899816513,1.086004230827756,-0.0485309584299103,-0.0485309584299103,2
2017-09-12,0.0086571582858433,0.6805261381259606,0.0828211151861718,0.464120852018362,-0.0774392198471885,-0.0774392198471885,7
2017-09-13,-0.0013632524119145,0.6988901042398074,0.587805950748069,0.6353044367570878,0.0532065540319307,0.0532065540319307,7
2017-09-14,0.0007239751479918,0.6773396424351209,0.4344701385125518,0.8710214932144666,0.065963178873062,0.065963178873062,4
2017-09-15,-0.0001188993408102,0.6541874116329363,0.8607300519943237,0.036928383778957,0.4026289492845534,0.4026289492845534,2
2017-09-18,0.0066901668857368,0.6330722079812237,0.0778393995548997,0.7187931454855796,0.099793858054493,0.099793858054493,7
2017-09-19,-0.0005467613092135,0.638339533296276,0.918938485905528,,0.1966875275330883,0.1966875275330883,1
2017-09-20,-0.0006308353135604,0.6189550033431978,0.1216494725085794,0.9124586118632482,0.0488714116359394,0.0488714116359394,4
2017-09-21,-0.001900010615274,0.6010690472920055,0.0815344844013452,0.5003121487940846,0.2186319990748804,0.2186319990748804,5
2017-09-22,-0.0156826515481897,0.5883737810786948,0.1515189773802246,0.6218451445017754,0.2702961639501153,0.2702961639501153,7
2017-09-25,-0.0092555766090874,0.7551698020327245,0.4128158021718263,0.3484721484453428,0.0670814949167625,0.0670814949167625,5
2017-09-26,-0.0001113861252619,0.7868814540975884,0.4906416684389114,0.4812627801608452,0.1489029317242757,0.1489029317242757,4
2017-09-27,-0.0138471401230699,0.7573442974091371,0.1126049072481691,0.6720841758080389,0.1411201176978647,0.1411201176978647,8
2017-09-28,0.0034043309606841,0.8510432543634581,0.1835054638795554,0.1776171737581519,0.2264809404313563,0.2264809404313563,4
2017-09-29,0.002009394926278,0.8211321278790022,-0.2235692518297583,0.5834276814545513,0.1951997179817407,0.1951997179817407,8
2017-10-03,0.0072170540435651,0.7900096837133663,-0.5894100517034531,,-0.1907828718889505,-0.1907828718889505,1
2017-10-04,0.0056032582003749,0.7843552410603541,0.0822542803362011,0.6576935755474741,-0.1968529972713441,-0.1968529972713441,9
2017-10-05,-0.0026460047490028,0.7685317580731857,0.0615933115283648,0.9008099881001476,-0.2212354277415822,-0.2212354277415822,6
2017-10-06,0.0091603384813211,0.7466739670905536,0.2344370670616626,0.3582131082069421,-0.129634163963298,-0.129634163963298,6
2017-10-09,0.0009064103842389,0.7623560010443751,0.2678669923916459,0.3181203756823942,0.1999461406220991,0.1999461406220991,2
2017-10-10,0.0028192178944088,0.7338877691992923,-0.060028428522249,0.8217295331267215,0.1756217926119763,0.1756217926119763,6
2017-10-11,-0.0032147605398203,0.7099003691876574,-0.0974824347067624,0.7268451399552655,0.1092378922582913,0.1092378922582913,8
2017-10-12,0.0111150462937749,0.6949616536833936,0.5236238886912664,0.4368192914600761,0.1399838998448103,0.1399838998448103,3
2017-10-13,0.0070124970121348,0.739603261170656,-0.1461737160570919,0.589983769927747,0.0975612603593617,0.0975612603593617,6
2017-10-16,0.0062161669177718,0.7370089468093223,0.3221042181054751,0.3572059437126829,0.2651489394716918,0.2651489394716918,6
2017-10-17,0.0003518722920273,0.7288833057167372,-0.5266658226028085,0.7849515761860212,0.0550909972128768,0.0550909972128768,4
2017-10-18,-0.00230865740736,0.7025680647039376,0.2587625353286664,0.578202635347515,0.1360782474900284,0.1360782474900284,3
2017-10-19,-0.0063171151882634,0.6840052173014114,0.0931875708823402,0.618157801347048,0.0606960070629914,0.0606960070629914,6
2017-10-23,0.0037675566950721,0.6937457875472022,0.7071155938319862,0.2421505241308369,0.3067903556364277,0.3067903556364277,4
2017-10-24,0.0022410729134023,0.6756757624943721,0.4488466267939657,0.4906835450895569,0.3779221668187528,0.3779221668187528,8
2017-10-25,0.008549942456258,0.6541747506165865,-0.7713742372062471,0.1965832219389807,0.2217058979978577,0.2217058979978577,9
2017-10-26,0.0046949884744854,0.6746411961014578,-0.2586992821441247,0.6063222393133191,0.1118904363603577,0.1118904363603577,13
2017-10-27,-0.0020080474155119,0.6623874943483855,-0.385652503138408,0.5640149494190873,-0.0519527603725656,-0.0519527603725656,10
2017-10-30,0.0039252889716531,0.6455400420300552,0.4749210939432184,0.6798386801979877,-0.233229987800169,-0.233229987800169,6
2017-10-31,-0.0027393276855447,0.6317273799789758,-0.5632792459800839,0.4238733050041849,-0.2941459805673609,-0.2941459805673609,4
2017-11-01,0.0101272726369556,0.6204782851948375,-0.9140361854806542,0.0253312951382809,-0.3998227170358102,-0.3998227170358102,2
2017-11-02,-0.0016008396193766,0.6639534068804834,0.4817051663994789,0.6319871728750576,-0.2891446456934015,-0.2891446456934015,2
2017-11-03,0.0027495498399802,0.645538444793021,-0.3396769315004349,0.4934891045016327,-0.1720732205236951,-0.1720732205236951,3
2017-11-06,-6.699055402996047e-05,0.6273514608873069,-0.7150714142868916,0.2745893561308303,-0.0161394431566199,-0.0161394431566199,6
2017-11-07,-0.0097731435935725,0.6079663072432867,0.1916408205870539,0.7045153546189863,-0.0741523123191049,-0.0741523123191049,8
2017-11-08,-0.0045513384645174,0.6689223780850799,0.2316484227776527,0.990163802654627,0.0401127585365126,0.0401127585365126,3
2017-11-09,0.0005627572809849,0.6656608006300491,-0.0145650482736527,0.6169797950136471,0.0636051263815412,0.0636051263815412,8
2017-11-10,0.0012408504033945,0.6432865228515969,-0.0389424910536035,0.6544817227641507,-0.0690579420498883,-0.0690579420498883,8
2017-11-13,-0.0094224882779228,0.6225284355973415,0.5060455100610852,0.4846877130193618,-0.0632437397958711,-0.0632437397958711,8
2017-11-14,-0.0037577382836893,0.6760840900794286,0.5258593096708258,0.4713572244688785,0.0448411317930246,0.0448411317930246,3
2017-11-15,-0.0067521545169891,0.6669140714325649,-0.2976695150136947,0.0065977308861681,-0.0069042729989936,-0.0069042729989936,2
2017-11-17,0.0067176011334316,0.7099810438519457,-0.3234759457409382,0.6299802224527598,-0.0726931908478339,-0.0726931908478339,6
2017-11-20,0.0014721733571545,0.7078953251187289,0.6191939376294613,0.264821751595478,-0.0778366190195083,-0.0778366190195083,2
2017-11-21,0.0027296504663746,0.6831440293049563,0.2985932185547426,0.5385829854524463,0.041415927694179,0.041415927694179,8
2017-11-22,0.0014900834832817,0.6623073446790739,0.3414874406531453,0.3545878503818434,0.1744086049729957,0.1744086049729957,5
2017-11-23,0.0006234768735595,0.6405167827532607,0.3585709663374083,0.6236224749570691,0.2543959586980885,0.2543959586980885,7
2017-11-24,0.0039492101048355,0.6197755130954602,0.1012610453180968,0.6713554914176977,0.3438213216985709,0.3438213216985709,4
2017-11-27,0.0009475676238426,0.6080768722348426,-0.1765727382153272,0.9346853805422372,0.0948707675428262,0.0948707675428262,5
2017-11-28,-0.0028213872448567,0.5895265768629147,0.1589336719363928,0.7355788732690448,0.0549433086626231,0.0549433086626231,5
2017-11-29,-0.0008634372203591,0.5821883766466052,-0.0006552905376468,0.6621229626467098,0.0345600414914743,0.0345600414914743,7
2017-11-30,-0.0130904321504817,0.567454381373005,0.0244478265910098,0.5079838209847956,0.1694284252560741,0.1694284252560741,6
2017-12-01,-0.0102957662243262,0.6910045878904856,-0.4617006359621882,0.620041503455416,-0.0911094332375519,-0.0911094332375519,2
2017-12-04,0.0005876866933977,0.7450645631603092,0.3998908144421875,0.3643922027111225,0.1141889424373705,0.1141889424373705,4
2017-12-05,-0.0009384570480314,0.7176604826111807,0.0402229418978095,0.7333164423549052,0.1173439654987305,0.1173439654987305,4
2017-12-06,-0.0073553654573627,0.6938003758150415,0.1787938796915114,0.5626543649921567,0.2454428686294704,0.2454428686294704,4
2017-12-07,0.0121323342918719,0.7125429406175008,0.3914129517972469,0.7412695551960344,0.2877013720665127,0.2877013720665127,5
2017-12-08,0.0096857156462463,0.7677139899192126,-0.2474428862333297,0.4418197231151531,0.1525755403190851,0.1525755403190851,2
2017-12-11,0.0054983510599599,0.7862717961420574,0.2038346994668245,,0.187512711584568,0.187512711584568,1
2017-12-12,-0.0079854534576269,0.7697076981299912,0.4780588949099183,0.4688183809765538,0.2048419002071023,0.2048419002071023,5
2017-12-13,-0.0046199820794001,0.7859382362986455,0.6284058469658097,0.2690833844904338,0.3800116468469302,0.3800116468469302,6
2017-12-14,0.0057862005380184,0.7730519693943322,0.20605861954391,0.8261752360472541,0.4360421248028675,0.4360421248028675,4
2017-12-15,0.0078843267217833,0.7591902617575317,0.5305682284136614,0.4301553665242418,0.4093852578600248,0.4093852578600248,3
2017-12-18,0.0053566386167099,0.7617590775876976,-0.4284971114248037,0.6612283745148664,0.0957532337928811,0.0957532337928811,2
2017-12-19,0.0071408679743189,0.7462970132265004,0.0028442814946174,0.9176672838947436,0.0551103661830226,0.0551103661830226,2
2017-12-20,-0.0018175387542658,0.7440697403285351,0.4500411208719015,0.8242623206062291,0.0390049446746706,0.0390049446746706,4
2017-12-21,-0.0003735201388922,0.7208480995661839,0.0894181065261364,0.6394673411314272,0.0664519600570201,0.0664519600570201,5
2017-12-22,0.0050350692095142,0.6957508705892564,0.2235899938137403,0.5765809393432212,0.0674792782563184,0.0674792782563184,14
2017-12-26,0.0036623979675021,0.683689816187803,-0.1607701947602133,0.6239193632753959,-0.1181783603127336,-0.1181783603127336,6
2017-12-27,-0.0038768496273459,0.6659250104165747,0.150660030277712,0.7794779201915695,-0.1327643530199393,-0.1327643530199393,7
2017-12-28,-0.0012256021006669,0.6583595129093752,0.3639098916202783,0.2847316651955864,-0.1246045264233613,-0.1246045264233613,5
2017-12-29,0.0050265048012466,0.6391944779416633,0.3636709004640579,0.9304356766228368,0.1172900122772192,0.1172900122772192,3
2018-01-02,-0.0084395122885362,0.631773935928085,0.1205527625977993,0.6554045157198392,0.2006130919232964,0.2006130919232964,5
2018-01-03,9.5760673203421e-05,0.6710925261773895,0.1640247140700618,0.4374057547724103,0.1606838546444972,0.1606838546444972,6
2018-01-04,0.0058812093687898,0.648638458169989,-0.1138676156600316,0.5625333787766786,0.095373038581262,0.095373038581262,6
2018-01-05,0.005132056867763,0.6460682839047314,0.2389018721878528,0.104971135830407,0.0919908534797529,0.0919908534797529,2
2018-01-08,0.006113570815585,0.6387087751845243,-0.2053958907723427,0.3843756902562348,-0.074554713020722,-0.074554713020722,5
2018-01-09,0.0012605846162125,0.6387948437243375,0.0094284573569893,,-0.0498954984173178,-0.0498954984173178,1
2018-01-10,-0.0004513385294137,0.6183491265396895,0.1610484862079223,0.598850191611092,-0.0654661756133039,-0.0654661756133039,3
2018-01-11,0.0017854294613236,0.6001569960117531,-0.3214146276004612,0.7889086307298694,-0.1678164460820456,-0.1678164460820456,4
2018-01-12,0.0028172876803263,0.5829518650865161,-0.5177645720541477,0.5243196130365497,-0.1748196293724079,-0.1748196293724079,3
2018-01-15,0.0056295129008365,0.5695072598487713,0.2219352841909442,0.6230725329789008,-0.315606669009264,-0.315606669009264,7
2018-01-16,-0.0038335658715686,0.5727271742802058,-0.4620186714455485,0.6599258617230407,-0.3437274777782814,-0.3437274777782814,2
2018-01-17,0.0081995535364297,0.5733734760101051,0.3119110190309584,0.5880197752351847,-0.1777923595612602,-0.1777923595612602,4
2018-01-18,0.0026336022006909,0.6005616435498169,0.0367659106850624,0.8990491242992987,-0.1592716693212943,-0.1592716693212943,2
2018-01-19,0.0071574797298409,0.5852479566731514,0.0951343254807094,0.4153462051191675,0.0407455735884252,0.0407455735884252,6
2018-01-22,0.0065413824387291,0.6000371479778993,-0.179099906856815,0.6774017935970885,0.1539137134328485,0.1539137134328485,3
2018-01-23,0.0106577453981743,0.6075247819722908,0.0303467710812886,0.5908787317945167,0.0976008638429145,0.0976008638429145,3
2018-01-24,0.000207472782716,0.6600852606818517,0.3017049020466705,0.5972028280105921,0.1505886621152361,0.1505886621152361,6
2018-01-25,-0.001475886471805,0.6382557170138559,0.1280371725442819,0.4899014170756073,0.1571692315279506,0.1571692315279506,8
2018-01-30,-0.0072813500350772,0.6183404771444359,-0.897035226225853,0.0361817418208744,-0.2931609024254915,-0.2931609024254915,2
2018-01-31,-0.0019884815852113,0.6458803917251901,0.1003333972766995,0.7467694395654194,-0.3334352033794857,-0.3334352033794857,3
2018-02-01,-0.0009798141281276,0.6301661076665641,0.1441165544092655,,-0.330219327006489,-0.330219327006489,1
2018-02-05,-0.0087786206983058,0.9410077599304498,-0.2140521742403507,0.251894172558099,0.0868317969143391,0.0868317969143391,2
2018-02-06,-0.0159040816546759,0.9463674262100142,-0.2147596770276626,0.6707917328403535,0.0238131820534666,0.0238131820534666,6
2018-02-07,-0.0020548141539544,1.036054214108795,0.0313774373382329,0.7975299030164162,0.0012653586392601,0.0012653586392601,5
2018-02-08,0.0095138511458138,0.9952259459011012,0.48543631285429,0.5168385056467941,0.0187410040696462,0.0187410040696462,7
2018-02-09,-0.0115920444485001,0.98890161154043,-0.4391772138575713,0.414799409047286,-0.0702350629866122,-0.0702350629866122,6
2018-02-12,0.0080782545170889,1.0172321450263755,0.163961468078196,0.6134394518939638,-0.0364177314502497,-0.0364177314502497,10
2018-02-14,-0.0036928186917027,0.9985240920086692,0.1235474467707368,0.3426928825242541,0.0623741800113557,0.0623741800113557,13
2018-02-15,0.0042382236684079,0.9655038801665862,0.3445861256681383,0.468478421698348,0.2191268479164977,0.2191268479164977,25
2018-02-16,-0.0088771974425149,0.931014903557662,0.3817953448141775,0.406310419258854,0.3802232492122125,0.3802232492122125,31
2018-02-19,-0.0070952702880844,0.9383034299323652,0.5152303447248414,0.3250100523126101,0.4032727837821643,0.4032727837821643,32
2018-02-20,-0.0017358770846747,0.9298293356543874,0.3763781264091709,0.4416884377655295,0.4096311839303709,0.4096311839303709,28
2018-02-21,0.003569718731482,0.8945614682161775,0.3424765583700858,0.4003267894957699,0.4017674266415525,0.4017674266415525,13
2018-02-22,-0.0014196242279203,0.8623952789187177,0.4218907105295281,0.3544613044655214,0.397220126410823,0.397220126410823,19
2018-02-23,0.010381515779008,0.8304789647501366,0.4217463772511109,0.375542575538331,0.4155444234569475,0.4155444234569475,16
2018-02-26,0.0086886119084176,0.8488561209512765,0.2803406917490065,0.5336114533127587,0.3022222310169845,0.3022222310169845,20
2018-02-27,-0.002677764703635,0.8494356107132042,0.3592649796977639,0.5566891438862998,0.2896970848506317,0.2896970848506317,20
2018-02-28,-0.005839305714195,0.8221973912141188,0.1983320939554167,0.3204617759652027,0.2450142281914928,0.2450142281914928,14
2018-03-01,-0.0032933705438877,0.8145435649987849,0.3243291090641703,0.5937351437804034,0.2523287178881999,0.2523287178881999,14
2018-03-05,-0.0095594759578815,0.7922733158990191,0.2670419207390617,0.4625349429776668,0.2482363498058817,0.2482363498058817,17
2018-03-06,-0.0106366569240448,0.8225862537064054,0.1958387243794277,0.4608452981178131,0.2225382728689332,0.2225382728689332,8
2018-03-07,-0.0093170999384615,0.8614002337789862,0.3439177424491693,0.5326590314332096,0.2448021336801022,0.2448021336801022,12
2018-03-08,0.008672981093711,0.8806166695992403,0.3933113609673455,0.5815952911959508,0.2625490936560228,0.2625490936560228,8
2018-03-09,-0.0015438368683495,0.8780401506161428,0.3941414280032569,0.2671624606626345,0.3188502353076523,0.3188502353076523,11
2018-03-12,0.0188448453263506,0.8454596383082985,0.6681690852856264,0.292967379851905,0.345995552543212,0.345995552543212,8
2018-03-13,0.0005227507223954,0.977481916729374,-0.1145174487360886,0.5359730751620091,0.2444297906025253,0.2444297906025253,14
2018-03-14,-0.0015308007692338,0.9363998681562394,0.3989186078648675,0.5260088000720595,0.2453852265748474,0.2453852265748474,11
2018-03-15,-0.0048866185464449,0.9002435090702461,0.2670451838692481,0.4733097587639921,0.2530801345675869,0.2530801345675869,11
2018-03-16,-0.0160545978679463,0.880020013597616,-0.0146024925634264,0.726909918786622,0.2410025871440454,0.2410025871440454,12
2018-03-19,-0.0099462005278247,0.9841024069008468,0.4905052628368139,0.3887674026856266,0.2634731130522083,0.2634731130522083,5
2018-03-20,0.0029774200184666,0.9959557401105628,0.1115019998202721,0.5250174556598752,0.2323644762424131,0.2323644762424131,6
2018-03-21,0.0030474383256294,0.9561602885135072,0.2109205092170409,0.6194346385917877,0.2774690765985066,0.2774690765985066,7
2018-03-22,-0.0039960585982851,0.9188727468743336,-0.0623344324529171,0.587243619386147,0.251308609983396,0.251308609983396,5
2018-03-23,-0.0116047001015945,0.8925825651624751,0.3953269260236993,0.4075721701269689,0.2291840530889818,0.2291840530889818,8
2018-03-26,0.0131754661607952,0.9334224568253956,-0.0569988037459552,0.3906479136317039,0.2667339078942314,0.2667339078942314,4
2018-03-27,0.0052671078846415,0.9697350135063492,0.4210366945092876,0.6849321240710458,0.3634081332866724,0.3634081332866724,6
2018-03-28,-0.0069416688147598,0.9389576042486238,0.4420428607346756,0.4396515277193092,0.3727513202288676,0.3727513202288676,7
2018-04-02,0.0096529355844099,0.929265984737114,0.4035756516137293,0.5380873807386742,0.4012517468127911,0.4012517468127911,7
2018-04-03,0.0032458864317621,0.9302887215786494,-0.0142854546196758,0.4327299657141387,0.3260198123699853,0.3260198123699853,5
2018-04-04,-0.0114463840308595,0.895033035089922,0.1012943882184724,0.750023415137281,0.281135061329142,0.281135061329142,6
2018-04-05,0.0192393067589805,0.9336607201299184,0.4889633497223258,0.3458750760714181,0.2871603774297096,0.2871603774297096,6
2018-04-06,0.0006244175835545,1.0537203620879954,0.3774617604379143,0.4401099589356692,0.2714019390745532,0.2714019390745532,7
2018-04-09,0.0046110957157475,1.0083411614293822,0.4299003509804606,0.5218248353352526,0.3726132191673276,0.3726132191673276,11
2018-04-10,0.0022039111834326,0.972459771844859,0.1807564194314181,0.5423021674352978,0.3109718331091461,0.3109718331091461,8
2018-04-11,0.0014313950343946,0.9326675744151562,0.3097608252945873,0.305632761506097,0.2974316460804807,0.2974316460804807,9
2018-04-12,0.0039759006232568,0.894352454125307,0.341535271378234,0.2893768403405425,0.2862056804148273,0.2862056804148273,8
2018-04-13,0.00209646733185,0.863487293680898,0.0394899367044369,0.0677209782096771,0.2602885607578274,0.2602885607578274,3
2018-04-16,0.0045456897177942,0.829939866722249,-0.0302596069975859,0.4200927659336689,0.1008035397105333,0.1008035397105333,9
2018-04-17,0.0019310664870136,0.8055205658997104,0.0299246146343648,0.4987825727315121,0.0384814083617594,0.0384814083617594,10
2018-04-18,-0.002135242220041,0.775237772256442,0.2683799272802259,0.5715548866723138,0.0842594064769172,0.0842594064769172,7
2018-04-19,0.0037076219486611,0.7509854451806958,0.1036617561028553,0.5767746860982087,0.1005680570519223,0.1005680570519223,13
2018-04-20,-0.000118318833714,0.7286588729230037,0.2374762266874313,0.5015597997607697,0.1218365835414583,0.1218365835414583,10
2018-04-23,0.0019528716532068,0.7027390676336878,0.0024755261838436,,0.0621673328572741,0.0621673328572741,1
2018-04-24,0.0027972417319144,0.6789345370011611,0.2265521559864282,0.5786894077014764,0.0867454128339887,0.0867454128339887,5
2018-04-25,-0.0041350082660198,0.6585712815488712,-0.4115326274186373,0.660868898775561,-0.043056357987225,-0.043056357987225,2
2018-04-26,0.0044600055402558,0.6533409962657001,-0.90556063875556,,-0.2131096947565674,-0.2131096947565674,1
2018-04-27,0.0069920183274944,0.6415355479298261,-0.1438596439547836,0.6974088191705571,-0.2463850455917417,-0.2463850455917417,6
2018-04-30,0.0043906914829232,0.6485000307741924,0.0240664700977504,,-0.2968543236454327,-0.2968543236454327,1
2018-05-02,-0.0019853115722468,0.6367194674314288,-0.4473771303892135,,-0.1295178960387905,-0.1295178960387905,1
2018-05-03,-0.0035891198524198,0.6216716665983948,-0.0838815122842788,0.291773268452674,-0.1175222697046895,-0.1175222697046895,3
2018-05-04,-0.0057658792280254,0.6161285201790899,-0.7360721528530121,,-0.2552596646361053,-0.2552596646361053,1
2018-05-07,0.0091170725845766,0.628305482277326,0.4302101296683152,0.4330418440570675,-0.1066054072541494,-0.1066054072541494,3
2018-05-08,0.0002146010849736,0.6583717091772427,-0.0783890802413225,0.3396836281561075,-0.1055069208455582,-0.1055069208455582,4
2018-05-09,0.0022274890381628,0.6366489068261546,-0.0292542368173599,0.7640875852915723,0.0358566623615722,0.0358566623615722,5
2018-05-10,-0.0023441242544579,0.6177585178710705,-0.0533288734344144,0.7284780283331147,0.0176359222084284,0.0176359222084284,6
2018-05-11,0.008358547680564,0.6056981036557272,0.3348882823251188,0.6053649752134905,0.1208252443000674,0.1208252443000674,10
2018-05-14,9.217500201396874e-06,0.6303028928889858,0.2042176600545645,0.4873106454061198,0.000424376914189,0.000424376914189,5
2018-05-15,-0.00043964284789,0.610631169357908,0.4056011778819892,0.3203272895739089,0.0922103871774697,0.0922103871774697,9
2018-05-16,-0.0056399112687945,0.5929516441454156,0.0051666004583239,,0.0262660508041107,0.0262660508041107,1
2018-05-17,-0.0054518394722826,0.6066094858923705,0.3076112940907478,1.0029519352590457,0.1162072677827544,0.1162072677827544,3
2018-05-18,-0.0081112711974543,0.6169603077180402,0.0390958325006067,0.5274474577634609,0.1923385129972465,0.1923385129972465,4
2018-05-21,-0.0075498691977662,0.6544410068287836,-0.0416799248196184,0.6724294330833988,0.2842986462016901,0.2842986462016901,4
2018-05-22,0.0018999311888009,0.6801818444384594,0.3283786225753526,0.3982994039333536,0.288452111898611,0.288452111898611,6
2018-05-23,-0.01014463160082,0.6577607576195115,0.0557604956751068,0.5986332744330074,0.291785044533511,0.291785044533511,6
2018-05-24,0.0079736104042513,0.7152654233991371,-0.6178693988670906,0.539928102102653,0.0146043152237932,0.0146043152237932,3
2018-05-25,0.0086463705716234,0.7231250622703228,-0.3659033678704873,0.6177656073456707,-0.1282627146613473,-0.1282627146613473,4
2018-05-28,0.0078426983374126,0.7364288685707914,-0.670262336730957,0.3318864122702478,-0.2366685666598467,-0.2366685666598467,2
2018-05-29,-0.0051918994055849,0.7409304557091683,0.6756315043196082,0.3837122605219659,0.0220316139774929,0.0220316139774929,5
2018-05-30,-0.0017837455774774,0.7357681145618415,0.0617814291534679,0.4475560158727354,0.107568573382284,0.107568573382284,7
2018-05-31,0.0114097658238058,0.7129969125130534,-0.0503410967066884,0.405585322063008,0.0950437516399792,0.0950437516399792,4
2018-06-01,-0.0037280317361382,0.7586595805857694,0.2825065813958645,0.3847853064262636,0.059863216286259,0.059863216286259,2
2018-06-04,-0.00634948413268,0.7426948527475176,0.346755208240615,0.5767952854355414,0.0389616711116913,0.0389616711116913,9
2018-06-05,-0.0033314696471618,0.7465685306797839,0.4560859318822622,0.3924108945208941,0.1402470768294815,0.1402470768294815,5
2018-06-06,0.0086005659099089,0.7294394040164619,0.3345556900437389,0.6564975014842683,0.1506568985590564,0.1506568985590564,7
2018-06-07,0.0078030712197688,0.741595257752466,-0.0730632729828357,0.7120331852836357,0.1185455797305183,0.1185455797305183,3
2018-06-08,-6.49348765086917e-05,0.745232422302601,0.4272830806051691,0.3518436714867797,0.2983233275577899,0.2983233275577899,6
2018-06-11,0.0017907833428202,0.7182171172947266,0.0468348916620016,0.7416146383514771,0.1957588984196385,0.1957588984196385,4
2018-06-12,0.0051687522786096,0.6931792521196853,0.4604486008692119,0.4230453385152218,0.302461273190048,0.302461273190048,9
2018-06-13,0.0012765783569831,0.6820973834320215,-0.0393731126872201,0.7397927788446041,0.2091300345315702,0.2091300345315702,6
2018-06-15,0.0008924907821071,0.6560670197149396,-0.1867482542681197,0.5783635147182775,0.1592766446785795,0.1592766446785795,6
2018-06-18,-0.0016514905857463,0.6343083253409585,0.2470779162831604,0.7508288133307386,0.1575693505505721,0.1575693505505721,4
2018-06-19,-0.0083122903559554,0.6181888845206597,0.5538336936384439,0.3096947396471926,0.276210711815705,0.276210711815705,5
2018-06-20,0.0057348798513441,0.6579674220077916,0.0590663463808596,0.0197802450149329,0.3253736319455008,0.3253736319455008,2
2018-06-21,-0.0028773301453849,0.6535136467786526,0.4739571064710617,0.3873878929715488,0.3433231141231954,0.3433231141231954,6
2018-06-22,0.0074897340489533,0.6412363273400621,0.5591251645237207,0.416822809569965,0.3786120454594493,0.3786120454594493,6
2018-06-25,-0.0055039602444048,0.652725382930158,0.260464139340911,0.4993452972756985,0.4802329449099489,0.4802329449099489,8
2018-06-26,0.0006223592623338,0.6585650734921628,0.3010406061075628,0.5561089635765143,0.4456496448372491,0.4456496448372491,6
2018-06-27,-0.0091182990836827,0.636639352938433,-0.1771707549277279,0.6891064545817359,0.2983904609469594,0.2983904609469594,9
2018-06-28,-0.0077421690317812,0.6838388307468817,0.1028020847588777,0.6523680814762775,0.2344752859337152,0.2344752859337152,8
2018-06-29,0.0117541463075279,0.7078975412290646,0.3009655803907662,0.5845714632897262,0.157620331134078,0.157620331134078,8
2018-07-02,-0.0053341945569373,0.7587914667571385,0.0298063334609781,0.7061236190256482,0.0603472254128151,0.0603472254128151,7
2018-07-03,0.0039893471097838,0.7530654749049339,-0.2415089579299092,0.627284027588511,-0.0085149831249422,-0.0085149831249422,8
2018-07-04,0.0065208102070441,0.7316768365172676,0.3685102515986987,0.4408331087103865,0.0049939511166442,0.0049939511166442,7
2018-07-05,-0.0018727438548922,0.7261480746738957,-0.1791157927364111,0.6323705073923424,-0.1860021707468798,-0.1860021707468798,5
2018-07-06,0.0021280525268188,0.704322432990263,0.2289272816851735,0.7737454838081925,0.041323823215706,0.041323823215706,4
2018-07-09,0.0074218103557948,0.6807166457094187,0.2932567894458771,0.3241226481146937,0.0559625577802459,0.0559625577802459,4
2018-07-10,0.0086559217967663,0.6873064239726829,0.171291260048747,0.7667470504493621,0.1260439683372776,0.1260439683372776,7
2018-07-11,9.589206004582807e-05,0.7048479492045114,0.3104188001404206,0.4489227051112724,0.142342272028327,0.142342272028327,3
2018-07-12,0.0068179851871449,0.6802229368426679,0.3160009117176135,0.1140134488006693,0.2223956892887751,0.2223956892887751,3
2018-07-13,-0.0003901447346433,0.6817799752053001,0.1002377482752005,0.6579540244208588,0.2382411019255718,0.2382411019255718,6
2018-07-16,-0.0074742300512774,0.6592295810241605,0.3797002404928207,0.620885184693576,0.2117810427149137,0.2117810427149137,5
2018-07-17,0.0064890199591897,0.6835219496317935,0.5311147098739942,0.3086157016688123,0.2559202246616284,0.2559202246616284,6
2018-07-18,-0.0025103689537061,0.6821845499517735,0.1281262718141079,0.6659122643177995,0.2183452966809273,0.2183452966809273,5
2018-07-19,-0.0021288243184788,0.6659634930931515,-0.038894297809086,0.7462549295890198,0.19051888746407,0.19051888746407,11
2018-07-20,0.0048345212961502,0.6493300463481035,-0.3582366313785314,0.6168021454111623,0.1283620585986611,0.1283620585986611,2
2018-07-23,0.0067481562013002,0.6399123151239103,-0.0333725071201721,0.8676864250389165,0.0830455402025219,0.0830455402025219,3
2018-07-24,0.0044601265367422,0.6449591148924942,0.0073465891182422,0.5840984587508016,0.0922937175879876,0.0922937175879876,6
2018-07-25,-0.0002065726875009,0.6338254590361115,0.1473049190826714,0.5972712870876311,0.1934020276802282,0.1934020276802282,6
2018-07-26,0.003166003819182,0.6141860462241602,-0.0116065094868342,0.9271287211467912,0.1892298603740831,0.1892298603740831,3
2018-07-27,0.0098950766569342,0.5996197684967758,0.1585386246442794,0.9240179394182289,0.0536422232476374,0.0536422232476374,2
2018-07-30,0.0036463779405013,0.6433863769456126,-0.1680159446384225,0.5711861951249403,0.1778636620335636,0.1778636620335636,7
2018-07-31,0.0032589651490718,0.6285206612176784,0.0732945146208459,0.5572746037004287,0.1948438668550996,0.1948438668550996,11
2018-08-01,-0.0009073639087465,0.6132341639739523,-0.0474877677236994,0.7867828492299141,0.1536385883815038,0.1536385883815038,3
2018-08-02,-0.008985979419681,0.5963824759368254,0.0687161229240397,0.6560763252710272,0.1552813600365766,0.1552813600365766,12
2018-08-03,0.0102718922559686,0.6484091874329717,-0.6269571762531996,0.4296455859975542,-0.1400900502140871,-0.1400900502140871,4
2018-08-06,0.002312285273185,0.6894443830703131,0.10011911219252,0.6858045402405417,-0.0222178800386331,-0.0222178800386331,7
2018-08-07,0.0002064040397692,0.6671783045400596,0.2728305580094456,0.3748209512473985,0.018605006978448,0.018605006978448,3
2018-08-08,0.0053022245304194,0.6448867322906784,0.3536927167636652,0.6032515336571409,0.2147349855818209,0.2147349855818209,6
2018-08-09,0.0018062450766348,0.638706590950243,0.0723393123064722,0.60069533649528,0.1578814254364088,0.1578814254364088,7
2018-08-10,-0.0035982427589175,0.6188939655695052,-0.0875126638316682,0.6438089646977286,0.1422938070880871,0.1422938070880871,7
2018-08-13,-0.0064735087435117,0.6136546084734962,0.1881816886365413,0.4818435239707836,0.1412723875835183,0.1412723875835183,5
2018-08-14,0.0069633147827702,0.6330922674265371,-0.005434484531482,0.5768078136987845,0.0694469473244889,0.0694469473244889,9
2018-08-16,-0.0043864642628158,0.6407054646691396,0.800348088145256,,0.2646812581643463,0.2646812581643463,1
2018-08-17,0.0074992428777844,0.6388701264909405,0.2145209703594446,0.5574929315992382,0.271653275427719,0.271653275427719,2
2018-08-20,0.0070366236698632,0.6507144045319857,0.1825330310190717,0.6140650150064997,0.2487633235131701,0.2487633235131701,6
2018-08-21,0.001656418678663,0.6570971481079044,0.3314925484359264,0.3884274257635855,0.2829318102945884,0.2829318102945884,5
2018-08-23,0.0010235630416488,0.6358443983085522,0.2566636611397068,0.5831816902061537,0.2770828554903468,0.2770828554903468,6
2018-08-24,-0.0022169894415104,0.6154574095322219,0.1226876521339783,0.6799142448869442,0.3244675032144938,0.3244675032144938,13
2018-08-27,0.01160065459554,0.603000572482972,0.5413608701899648,0.4661680296633451,0.0655954288600538,0.0655954288600538,5
2018-08-28,0.0039734504070277,0.6696767324223888,0.075676413718611,0.619826997351586,0.0293979793758347,0.0293979793758347,4
2018-08-29,-0.0039777101577748,0.6542518689447464,0.0201655301498249,0.6398466361525837,0.008893554979004,0.008893554979004,8
2018-08-30,-0.0012923772322029,0.6483545882660456,0.1160208662971854,0.4591173194833329,0.1820092972973362,0.1820092972973362,10
2018-08-31,0.0003168341695652,0.6300774353489994,0.1066780590141813,0.7492948957011248,0.1719803478739535,0.1719803478739535,9
2018-09-03,-0.0084384307760752,0.6101546880810312,0.4863411280592637,0.2853021184526081,0.1910577843329381,0.1910577843329381,7
2018-09-04,-0.0053716742853734,0.6527510704593118,0.0833539054729044,0.0025537638206056,0.184524392168082,0.184524392168082,2
2018-09-05,-0.0037699864738834,0.6574638060773647,0.3109779313206672,0.7733916665910792,0.2253843666293792,0.2253843666293792,5
2018-09-06,0.0052099348340707,0.6499500972888725,0.4106568104277054,0.735988371534146,0.3110671476079595,0.3110671476079595,3
2018-09-07,0.0045143394792379,0.642742755593511,0.3936834453294675,0.3315740109851682,0.3370026441220017,0.3370026441220017,3
2018-09-10,-0.0131151133900974,0.632077769789595,0.2229484945535659,0.4532412173112334,0.3957469690342745,0.3957469690342745,5
2018-09-11,-0.0132539353477887,0.740375829181915,-0.2063391745090484,0.4569772561475515,0.2723477720469237,0.2723477720469237,5
2018-09-12,0.0072736282619682,0.8282334369601287,0.6420405134558678,0.0240412894237507,0.3220191856722038,0.3220191856722038,2
2018-09-14,0.0126983717276078,0.8196188377698818,0.5056046191602945,0.3262515314720923,0.2144095554202795,0.2144095554202795,4
2018-09-17,-0.012008224872722,0.8657849015386616,0.4445411723107099,0.5175190578705678,0.3596202872600407,0.3596202872600407,5
2018-09-18,-0.0087259356424517,0.9153453514440624,-0.0179414789192378,0.6498870335240539,0.3744733265880496,0.3744733265880496,10
2018-09-19,-0.0039577439421343,0.922852408909468,0.1909962146698186,0.5907491980281399,0.3115516456899544,0.3115516456899544,12
2018-09-21,-0.0081555770621293,0.8961025299655546,0.4013770870864391,0.6008086104611464,0.2237550611960504,0.2237550611960504,5
2018-09-24,-0.0158931654278473,0.9003777429358978,0.0744288995241125,0.4816279749989994,0.2198144181084001,0.2198144181084001,6
2018-09-25,0.0090811137439312,0.9981631061749,0.4093107911758125,0.6292738807881844,0.2817161141770582,0.2817161141770582,12
2018-09-26,-0.0012341429492082,0.9881932804138024,0.0743384751258418,0.7959380207503194,0.2163083917849387,0.2163083917849387,8
2018-09-27,-0.0069219821576265,0.9483539818537114,0.1957792321389371,0.5193625625093888,0.2772869664293743,0.2772869664293743,11
2018-09-28,-0.0042997701241433,0.9377033355411336,-0.0338660123654537,0.605346238153016,0.14399827711985,0.14399827711985,9
2018-10-01,0.0070970256859682,0.9115837712088164,-0.2022842657752335,0.6413387639672528,0.0320246725677127,0.0320246725677127,12
2018-10-03,-0.0137243562680507,0.8948544686869013,0.3654740952815001,0.4004479941399714,-0.0481348640392892,-0.0481348640392892,13
2018-10-04,-0.0241419158184583,0.9624744723706888,0.4450429248122068,0.5490326273917795,-0.0483781826610748,-0.0483781826610748,13
2018-10-05,-0.0270435163392156,1.1876932344939382,0.4020022319940229,0.4142362134064564,0.081175285553894,0.081175285553894,6
2018-10-08,0.0030583497307539,1.4094113722854371,0.0807228684425354,0.6611307524564586,0.415035975478494,0.415035975478494,6
2018-10-09,-0.0045522644623356,1.3465845797936655,-0.0945695308619178,0.5429409671167009,0.3071134843436691,0.3071134843436691,16
2018-10-10,0.0153221686492236,1.295137393795704,0.3142816030420363,0.6005950365818341,0.2895693585532718,0.2895693585532718,10
2018-10-11,-0.0217889211657315,1.3119667470435674,0.1349131121532991,0.5985754210324261,0.2468720011902042,0.2468720011902042,8
2018-10-12,0.0229737135285507,1.4240939127872407,0.3773138245567679,0.3854322627194799,0.1625323754665442,0.1625323754665442,5
2018-10-15,0.0038122514600135,1.5141862035409364,0.1887295383494347,0.6867689228948937,0.0842770065631097,0.0842770065631097,12
2018-10-16,0.0068492606810225,1.4469858547002383,0.0328655838966369,0.6733636939107821,0.0638675009117772,0.0638675009117772,9
2018-10-17,-0.0125205028099025,1.3925225649625013,0.3679136378424508,0.5712502858843134,0.0619874635689138,0.0619874635689138,7
2018-10-19,-0.0144053060779479,1.3873945163864287,-0.10388230800163,0.3410361319566751,0.0545078447920137,0.0545078447920137,8
2018-10-22,-0.005674293551714,1.4001486642047654,0.3127477341848943,0.5090709053955069,0.1636762875468574,0.1636762875468574,9
2018-10-23,-0.0096558179456978,1.3498986214396542,-0.0205757770066459,0.7195618659516286,0.202178577770893,0.202178577770893,12
2018-10-24,0.0076528861573851,1.3258647362078702,-0.3315315175402377,0.4815606670343015,0.1566487358631714,0.1566487358631714,7
2018-10-25,-0.0098134767709648,1.282603520439268,0.2405340593042118,0.6414392961433378,0.1877764600210838,0.1877764600210838,7
2018-10-26,-0.0094171730074026,1.2652335233965344,-0.5455632383003831,0.5164620616401756,-0.0688777478716321,-0.0688777478716321,10
2018-10-29,0.0217799888950051,1.2463532242260629,-0.3495793493464589,0.4566513454561342,-0.1122426548201058,-0.1122426548201058,10
2018-10-30,-0.0051297073253929,1.348013304629341,0.0760449004980425,0.5874538486283587,-0.0307273712124497,-0.0307273712124497,12
2018-10-31,0.0182855926765914,1.2987283215494874,-0.0597303596635659,0.7035507483503096,-0.0907802550060053,-0.0907802550060053,9
2018-11-01,-0.0005922280054286,1.3474883403606663,0.3886132150888443,0.3145786349090341,0.0960550356718401,0.0960550356718401,5
2018-11-02,0.0164859314743341,1.2867828872352003,-0.0255040491286378,0.6968198991225776,0.0059688714896448,0.0059688714896448,13
2018-11-05,-0.0027518165109068,1.3166864007129755,0.0587003317972024,0.8667124268124603,0.202836649648081,0.202836649648081,3
2018-11-06,0.0005699629678378,1.2613884050299449,0.0559388976544141,0.6262116103864339,0.136301786161195,0.136301786161195,5
2018-11-07,0.0064747570397876,1.204669965475286,0.2343742857421083,0.5014422884798213,0.1882774531353443,0.1882774531353443,14
2018-11-09,-0.0012462656636175,1.1638160936244688,0.0326743885719527,0.7197667062267974,0.0731575887628077,0.0731575887628077,6
2018-11-12,-0.009778218363148,1.1139816671085674,0.187632305175066,0.2118631821412307,0.1115458805455516,0.1115458805455516,5
2018-11-13,0.0095230942540353,1.111284807486618,0.3645126489656312,0.3679777579070726,0.1876284023290057,0.1876284023290057,7
2018-11-14,-0.0005860630609673,1.0949897507313586,0.2271741866134107,0.6363134484042844,0.2265283619372972,0.2265283619372972,10
2018-11-15,0.0038126211073087,1.0480836822742745,0.1305307907517999,0.6158453340537098,0.18140631504756,0.18140631504756,10
2018-11-16,0.0061505716525058,1.007238746352326,0.1071082111448049,0.6169058077881907,0.2033916285301426,0.2033916285301426,7
2018-11-19,0.0075727031311441,0.9780443077867216,0.2767309043556452,0.523565174169556,0.142391208736226,0.142391208736226,9
2018-11-20,-0.0100096255237306,0.9591246464242816,0.0877446044081201,0.602328022874131,0.13383397146749,0.13383397146749,12
2018-11-21,-0.0052832010567947,0.974318194326658,-0.0127614178539564,0.4753890307053369,0.1098600456677377,0.1098600456677377,6
2018-11-22,-0.0069390631315694,0.95084164347361,0.258437542244792,0.8003791193415554,0.1507595678977668,0.1507595678977668,4
2018-11-26,0.0096288076690703,0.9401032720809828,0.238709770009986,0.63778233595869,0.2367614211434764,0.2367614211434764,7
2018-11-27,0.0053485599246426,0.9398704536247298,0.0347059435126456,0.6292146964983562,0.1920151013970472,0.1920151013970472,11
2018-11-28,0.0040393342237814,0.9114697397256156,0.2840722583626446,0.646436543503198,0.2040819829870308,0.2040819829870308,19
2018-11-29,0.0120302816382299,0.8797258705818051,0.3469787646317854,0.4122811309510131,0.2743156017577569,0.2743156017577569,8
2018-11-30,0.0016608635822544,0.9098632579297876,0.412277783441823,0.3486793690960669,0.2633489039917769,0.2633489039917769,8
2018-12-03,0.000643367591871,0.8730564988721393,-0.0350754208241899,0.5777465195745782,0.2951523094105109,0.2951523094105109,9
2018-12-04,-0.0013101492455916,0.8379618374065558,0.2715357387704508,0.6338653744423438,0.2926450054920723,0.2926450054920723,7
2018-12-05,-0.0079991196888217,0.8073001532104234,0.0666849501430988,0.7813558424132125,0.2365862425943349,0.2365862425943349,4
2018-12-06,-0.0169990595794747,0.819443680282956,0.6063497506082058,0.3328071250526716,0.2754006360276115,0.2754006360276115,5
2018-12-07,0.0086922786366063,0.9512783082651036,0.359732922299632,0.3191079904239601,0.2538455881994396,0.2538455881994396,7
2018-12-10,-0.0193801309422876,0.9424474827334778,0.1424699458716945,0.5286007130074503,0.4679339965597376,0.4679339965597376,11
2018-12-11,0.0057706546437928,1.0873431953164,0.3844107245095074,0.5640417448357569,0.4235461913399979,0.4235461913399979,14
2018-12-12,0.0177062390577531,1.0510051923123251,0.2333794793114066,0.6951822424748505,0.3982755027423528,0.3982755027423528,10
2018-12-13,0.0050118383410277,1.1276698273229675,0.3111980127600523,0.7040519912103632,0.2753541808000968,0.2753541808000968,13
2018-12-14,0.0012872521687673,1.0857986115489129,0.4705774063244462,0.3125468930210212,0.3084071137554214,0.3084071137554214,5
2018-12-17,0.0076427198858132,1.0387603906296692,0.4694176060147583,0.5203437052739919,0.3973497202519614,0.3973497202519614,10
2018-12-18,0.0018672794743268,1.0156012573279494,0.4850603259083899,0.5196881667786335,0.4321221828816289,0.4321221828816289,11
2018-12-19,0.0053574464743618,0.9729288748988728,0.5911999425540367,0.410504427884965,0.4562466901275471,0.4562466901275471,9
2018-12-20,-0.0014233871991216,0.942334412185038,0.4763896502554416,0.3504554532730722,0.4588070050361708,0.4588070050361708,4
2018-12-21,-0.0182169348003537,0.9055836727053178,0.2110144305042922,0.5951667567679416,0.4466163910473838,0.4466163910473838,6
2018-12-24,-0.0084510833319759,1.039055693418778,0.8837007833644748,0.0674762496751699,0.4536455424316227,0.4536455424316227,2
2018-12-26,0.0062028455871955,1.0322336379764272,0.4753495326552253,0.3882693542691979,0.4938027190908981,0.4938027190908981,13
2018-12-27,0.0046444536719637,1.0015737591301308,0.3198891107458621,0.3358272479017363,0.4925487648163182,0.4925487648163182,6
2018-12-28,0.0074031480150774,0.9662403576256978,0.1075739196191231,0.5049329162596063,0.4398707555571141,0.4398707555571141,9
2018-12-31,0.0002439332627594,0.9471608129841388,-0.093616701239212,0.5263389552779427,0.1916155664320809,0.1916155664320809,11
2019-01-02,-0.0064696271450112,0.907905353703484,0.820050141463677,0.082392763575372,0.3144513858459664,0.3144513858459664,6
2019-01-03,-0.0112045337615006,0.897411955743845,0.1013532578945159,0.7293517641493155,0.2889882978650205,0.2889882978650205,9
2019-01-04,0.0051496039312523,0.9328963180145065,0.5059438272146508,0.3016218032721221,0.3110645022608735,0.3110645022608735,8
2019-01-07,0.0041350713736188,0.9040765674377916,0.1866103806532919,0.7659857439287608,0.2587232847465202,0.2587232847465202,4
2019-01-08,0.00281363456255,0.8731358456971501,0.4235902613028884,0.3791189980742594,0.3231706854281947,0.3231706854281947,5
2019-01-09,0.0048944331833999,0.8403316285915825,0.3801036083863841,0.397410050962851,0.2980026416625413,0.2980026416625413,9
2019-01-10,-0.0030955570407573,0.8167338639738102,0.1443911088364464,0.6438668433676483,0.3214372442381841,0.3214372442381841,7
2019-01-11,-0.0024656504210332,0.7934203285761495,0.0488045932725071,,0.2366999904903036,0.2366999904903036,1
2019-01-14,-0.0053268862323603,0.769139038241344,0.5480895799895128,0.4648153277816816,0.2113616603435505,0.2113616603435505,3
2019-01-15,0.0137994642136697,0.7624399683067609,0.1255056553054601,0.4786167072892098,0.2075845696373532,0.2075845696373532,4
2019-01-16,0.0003214385839176,0.8323047409796055,0.1164633629045316,0.6695580429623131,0.2211163235637581,0.2211163235637581,7
2019-01-17,0.0013672907661065,0.7997074205860449,0.0823117665946483,0.6861661043652431,0.0541200964334642,0.0541200964334642,5
2019-01-18,0.0001604610249256,0.7691822077560585,-0.1843624301254749,0.4147949689207935,0.1376015869337356,0.1376015869337356,2
2019-01-21,0.0050208086296924,0.7404910282008866,-0.0943084780925086,0.5528461025367126,0.0388543708344537,0.0388543708344537,7
2019-01-22,-0.0035732571466164,0.7248374768326193,-0.2522417921572923,0.7909331935118011,-0.034886660177911,-0.034886660177911,4
2019-01-23,-0.0083892145371514,0.7106496317863763,-0.1950068948790431,0.8683959197953629,-0.0903503924726493,-0.0903503924726493,4
2019-01-24,0.0016880730581589,0.7383881183594664,0.1469104047864675,0.552566418737631,-0.0240958254902608,-0.0240958254902608,8
2019-01-25,-0.0064030621649687,0.711943930523085,-0.1977642228488217,0.6678094260898173,-0.1184821966382396,-0.1184821966382396,11
2019-01-28,-0.011099773244971,0.7194665275639006,-0.234196038544178,0.8760093631494215,0.1638174679570577,0.1638174679570577,5
2019-01-29,-0.0008773312978436,0.7797689507414741,-0.332743234699592,0.6124790540712917,0.0678867400598458,0.0678867400598458,8
2019-01-30,-3.758830501756102e-05,0.7518114527197308,-0.025553148964213,0.4632764552252834,0.1023289548367676,0.1023289548367676,9
2019-01-31,0.0166789208742785,0.7243595247628907,0.2573722475208342,0.3053231471122529,-0.0192719251714232,-0.0192719251714232,8
2019-02-01,0.0057722920298164,0.8467773525239916,-0.3434107517823577,0.662944467577021,-0.1357061852939012,-0.1357061852939012,4
2019-02-04,0.0017059248691862,0.8271410553084108,0.3886094535035746,0.4717874041341908,0.1386885668483696,0.1386885668483696,7
2019-02-05,0.0020231630833451,0.7952710841030314,0.2800471517257392,0.3968403119038378,0.1432235476893506,0.1432235476893506,4
2019-02-06,0.0116473337260757,0.7657490678536668,0.0419185910640018,0.5384134103459995,0.2202894162586225,0.2202894162586225,7
2019-02-07,0.0006280717930916,0.8066531448833488,-0.0108120815828442,0.5403615484969444,0.1361533087039632,0.1361533087039632,10
2019-02-08,-0.0114298051881045,0.7754926223809815,0.1146533568389713,0.4643780390768795,0.1628832943098886,0.1628832943098886,6
2019-02-11,-0.0050200547115384,0.831202460639021,0.0614034384489059,1.2186673686847227,0.2035036379409333,0.2035036379409333,2
2019-02-12,-0.0052853608316248,0.8171810246252912,0.3019884986182053,1.050253435732864,0.2660637539811433,0.2660637539811433,3
2019-02-14,-0.007911132252471,0.8060577554363999,0.0365560352802276,,0.3686552375927568,0.3686552375927568,1
2019-02-15,-0.0020166713974639,0.8174912293052023,0.4302867533018191,0.8187590674454231,0.288231756699582,0.288231756699582,3
2019-02-18,-0.0078117716203071,0.7900566702841141,0.2688428717665374,0.3581641760271666,0.3127469949486355,0.3127469949486355,8
2019-02-19,-0.0034455265383959,0.8022877524326493,-0.2463637732435017,0.8166200028316857,0.1412894287301848,0.1412894287301848,4
2019-02-20,0.012287110143627,0.7816155636726174,0.2674083958069483,0.48416219245632,0.187459900835529,0.187459900835529,3
2019-02-21,0.0050544736074349,0.8281650018047967,-0.3513219617307186,0.5253155892692856,0.0311381578290214,0.0311381578290214,7
2019-02-22,0.0001668819363047,0.8061843142457693,-0.0179017726331949,0.9027489801857844,-0.0158672480067858,-0.0158672480067858,4
2019-02-25,0.0081626735135031,0.775239992713299,0.2321257976194222,1.0066893379583883,0.083612547442317,0.083612547442317,3
2019-02-26,-0.0041260920318907,0.7785849993180072,0.2979767844080925,,0.0897262251625458,0.0897262251625458,1
2019-02-27,-0.0026475831003447,0.7633086664304757,0.0990739453583955,0.4976765314642519,0.1798054065803687,0.1798054065803687,5
2019-03-01,0.0065570977456633,0.717276283212682,0.27810914888978,0.7088167546310677,0.2390075908849636,0.2390075908849636,5
2019-03-05,0.0113451839580338,0.7133129022205889,0.4300762601196766,0.446338317877985,0.2734109290316701,0.2734109290316701,4
2019-03-06,0.0059481541776258,0.758109555031621,0.070517463920017,0.7487183379843144,0.2318925920377175,0.2318925920377175,6
2019-03-07,0.0004703675388439,0.7464543278621124,0.8763654716312885,0.0436546976801678,0.4010124384860198,0.4010124384860198,3
2019-03-08,-0.0020639291176077,0.7189965324488657,0.2008577184751629,0.4983246395091006,0.3148765732968847,0.3148765732968847,3
2019-03-11,0.0119486828487988,0.6983333280643181,-0.0630041928961873,0.7309210805528474,0.4061563207457463,0.4061563207457463,8
2019-03-12,0.0118519264539069,0.7533373179971881,0.7174696490401402,0.3094948803081424,0.3743771562275166,0.3743771562275166,8
2019-03-13,0.0035772840485137,0.7985748685583036,-0.8331237686797976,0.1283356614538172,0.1675808587965245,0.1675808587965245,2
2019-03-14,0.0001366372574386,0.7725934448190521,0.2482956923544406,0.7749663972510116,0.0519827261365329,0.0519827261365329,5
2019-03-15,0.0073429617299341,0.7437106273494172,0.3956067947049935,0.8009796203585331,0.0930488349047179,0.0930488349047179,3
2019-03-18,0.0030888668901587,0.7433242593198737,0.4666817588731646,0.6276988377232844,0.3434223102902373,0.3434223102902373,2
2019-03-20,-0.0009847191425605,0.7121103526889467,-0.918185032904148,,0.1101261652385195,0.1101261652385195,1
2019-03-22,-0.0055835773146963,0.688716836822539,0.1957546123303473,0.372184400991339,0.0701557287635903,0.0701557287635903,6
2019-03-25,-0.0090000795022271,0.691551525906355,0.7919977204874158,0.1811864212746555,-0.0740413924679159,-0.0740413924679159,2
2019-03-26,0.0112973286932164,0.729004442127,0.1142129378393292,0.3514805073657903,0.1324382016807795,0.1324382016807795,5
2019-03-27,-0.0033321468214628,0.7708872081899529,0.2743304679170251,0.7240844471951312,0.148153372798115,0.148153372798115,4
2019-03-28,0.0108582361558709,0.7519539114226078,0.3473345165451367,0.4090079068550462,0.1223693574840824,0.1223693574840824,6
2019-04-01,0.0085330995827254,0.7853515996467666,-0.0450015282258391,1.241864265754893,-0.0361371941243608,-0.0361371941243608,2
2019-04-02,0.0037677868730356,0.7909149023280677,0.5296035605482757,0.3186196035959006,0.0003166146762669,0.0003166146762669,10
2019-04-03,-0.0059296790704819,0.7660978187270655,0.4433091953396797,0.4508351762171005,-0.0290283310972153,-0.0290283310972153,5
2019-04-04,-0.0039540791366154,0.7642285378116402,0.45707325078547,0.2305273493136198,0.1967968851514161,0.1967968851514161,4
2019-04-05,0.0058416896509144,0.7490895713249056,0.507648720095555,0.5364887171637747,0.3785266397086283,0.3785266397086283,3
2019-04-08,-0.0052814051841508,0.737507664751879,-0.049886723794043,0.8570530916694663,0.3510987107393643,0.3510987107393643,5
2019-04-09,0.005795590267793,0.7333146194093005,-0.1619217738509178,0.3685243337092739,0.2300525169012447,0.2300525169012447,5
2019-04-10,-0.0075378279508354,0.7227464724806477,0.7523788111284375,0.2390072296681295,0.2891136289698383,0.2891136289698383,2
2019-04-11,0.0010698754849078,0.739915470199149,-0.0621638933662325,0.5527827205293838,0.1751511062774807,0.1751511062774807,4
2019-04-12,0.0040232151920854,0.7128801301548419,0.0369171239435672,,0.1030647088121623,0.1030647088121623,1
2019-04-16,0.008246306446581,0.6774263807490943,0.0977714918553829,1.1420225502193206,0.0789268522989005,0.0789268522989005,2
2019-04-18,-0.00291849473211,0.6920397121198874,0.6122736937055985,0.4295003834331484,0.208215302353104,0.208215302353104,3
2019-04-22,-0.013564941266796,0.676979184439817,-0.2690870054066181,,-0.1163199010615547,-0.1163199010615547,1
2019-04-23,-0.0015968652780555,0.7827723572951253,0.7815833305940032,0.0688700102163987,-0.0824579736838737,-0.0824579736838737,4
2019-04-24,0.0128917369476169,0.7563353586311757,-0.4180651125498116,0.6064759482306721,0.0198034504738947,0.0198034504738947,2
2019-04-25,-0.0072193711121506,0.8146603211152508,0.6720146834850311,,0.2199251907256743,0.2199251907256743,1
2019-04-26,0.009646887469961,0.8188360875519936,0.3996991161257028,0.683070105240828,0.2332290024496615,0.2332290024496615,3
2019-04-30,-0.0005531255807526,0.8311991503281803,-0.5797279657175144,0.4615490217252189,0.0056071325515707,0.0056071325515707,3
2019-05-02,-0.0019938224921164,0.7995215420542564,0.141585993890961,0.9347778690967604,-0.2371365144848823,-0.2371365144848823,3
2019-05-03,-0.00106668952385,0.7731866311275093,0.2085256529971957,0.378816738412322,-0.2154772186651826,-0.2154772186651826,5
2019-05-06,-0.0097810779570294,0.7460373546613749,0.1185824208272,0.4808763212727676,0.0034172408127536,0.0034172408127536,6
2019-05-07,-0.0086897806903779,0.7852062425167348,0.1937590548768639,0.7602334872422318,0.0138518530099342,0.0138518530099342,4
2019-05-08,-0.0121144301503351,0.8068753549998643,-0.016693347133696,0.0435669398041316,-0.0311919470162441,-0.0311919470162441,3
2019-05-09,-0.0050880260352891,0.866760080100488,-0.0008071381598711,,0.0261357081743578,0.0261357081743578,1
2019-05-10,-0.0020282295690185,0.8503279841504753,-0.0824787549208849,0.4583681591213436,0.0424724470979223,0.0424724470979223,4
2019-05-13,-0.011655690801341,0.820815347594936,0.1084732910884278,0.6193906515513168,-0.1451395061465778,-0.1451395061465778,7
2019-05-14,0.0066025080321108,0.8725238260720938,-0.1321260275319218,0.5658096706972102,-0.168226042226223,-0.168226042226223,5
2019-05-15,-0.0058134718372332,0.8557642137545352,0.3581124196449916,0.4754932100275796,-0.0964421306652504,-0.0964421306652504,3
2019-05-16,0.0089319023833083,0.8450281102443796,0.1625901398559411,0.59376826191807,-0.0474283517098852,-0.0474283517098852,6
2019-05-17,0.0132413800291101,0.8480736110152974,-0.0886168458188573,0.8076766428304161,0.0816865954477163,0.0816865954477163,3
2019-05-20,0.0362503520301784,0.8969219590574924,0.8893275149166584,,0.1049444143349926,0.1049444143349926,1
2019-05-21,-0.0101244541453482,1.3711644971233237,0.2408397421240806,0.3785657644801398,0.0814898788308104,0.0814898788308104,2
2019-05-22,0.0024566721316128,1.3487861490473572,-0.0936777514871209,0.5878061422206022,0.0302363005621979,0.0302363005621979,4
2019-05-23,-0.0069118255980392,1.2884073096931468,-0.4520275765098631,0.628926555005527,-0.0424458455760031,-0.0424458455760031,2
2019-05-24,0.0159186898748304,1.2515980243456677,-0.2934644346435864,0.625235428495379,0.0581994988800337,0.0581994988800337,3
2019-05-27,0.0067862518773673,1.2794918305589682,0.4286979595199227,0.5996180283850335,-0.0732630228313306,-0.0732630228313306,2
2019-05-28,0.0003353805552639,1.2352115998550013,0.0719460948370397,0.7164549515939073,0.0315317114380499,0.0315317114380499,5
2019-05-29,-0.0056873476786873,1.17995626495722,-0.0751789640635252,0.7267819616237993,0.0751888055540621,0.0751888055540621,5
2019-05-30,0.0071240509010948,1.1441080391996783,0.1235530922810236,0.4067846191944965,-0.0458110688688853,-0.0458110688688853,3
2019-05-31,-0.001935638971628,1.1104188896144518,0.0220288261771202,0.6083066869335314,0.1142094017503162,0.1142094017503162,4
2019-06-03,0.0138061904475292,1.0649552672520808,0.0910035676012436,0.9313205347183467,0.1182905523727337,0.1182905523727337,3
2019-06-04,-0.0055494840533033,1.0919956776819153,0.2165906224399805,0.7057369240102146,0.1368980584045251,0.1368980584045251,4
2019-06-06,-0.0149089211116321,1.0615102262812144,-0.1052302274232109,0.4102915895730998,-0.001984400798877,-0.001984400798877,9
2019-06-07,0.0022686976453037,1.1194909313243375,0.2413389837990204,0.5344369076174688,0.0576285002753138,0.0576285002753138,9
2019-06-10,0.0043751625083482,1.0714462632762718,0.2883225301280617,0.3799186106097245,0.2678829079263267,0.2678829079263267,5
2019-06-11,0.0035916712809597,1.0308649504441514,0.2431591221441825,0.6729838046191513,0.3375607778398054,0.3375607778398054,6
2019-06-12,-0.0049765444699523,0.990454655131243,0.0229851275682449,0.7965983720059422,0.2938900065936504,0.2938900065936504,5
2019-06-13,0.0006590703001973,0.9641012402927324,0.0299825724214315,,0.249649621086816,0.249649621086816,1
2019-06-14,-0.0076462152373002,0.9237581100264148,0.8541608415544033,,0.2877220387632649,0.2877220387632649,1
2019-06-17,-0.0128664484379438,0.9209752183509846,0.3626985754817724,0.4359674567094874,0.3450271732732654,0.3450271732732654,2
2019-06-18,0.0016563861789982,0.973361565711848,0.7201618887484074,0.1781401405594038,0.4844625255092979,0.4844625255092979,4
2019-06-19,-4.259914774167141e-06,0.932889620995009,0.4717313055880368,0.6460295880805659,0.572812272142619,0.572812272142619,2
2019-06-20,0.0119287739074267,0.8946102875765886,-0.2763884654268622,0.7153150261309249,0.3467024107463659,0.3467024107463659,2
2019-06-21,-0.0091400770377047,0.9217674323920024,-0.3079845421016216,0.6350677597897036,0.1940437524579466,0.1940437524579466,2
2019-06-24,-0.0020875587921609,0.932506314448256,0.2858857492517148,0.4650113515259529,0.042074159413044,0.042074159413044,7
2019-06-25,0.0082396950931069,0.8980180276011989,0.0029046637937426,0.8719151469251216,-0.0516911689458148,-0.0516911689458148,3
2019-06-27,-0.0005065621089227,0.8610642845480078,0.2555407158409555,0.4268461746503639,0.0546946673077487,0.0546946673077487,3
2019-06-28,-0.004460380187531,0.8275255673069556,0.1453767602464982,0.4942086268956273,0.1453669277773727,0.1453669277773727,7
2019-07-01,0.0064892882200805,0.8103823263973624,0.2490000180392102,0.7431300348286525,0.3465914971989406,0.3465914971989406,11
2019-07-02,0.0037601309797355,0.7978974681914331,0.0257123194945355,0.7442631331360943,0.3006258179296566,0.3006258179296566,6
2019-07-03,0.0005414178862205,0.772586206259083,-0.2335732157031695,0.8612986386459907,0.2248358227397231,0.2248358227397231,3
2019-07-04,0.0025143014062712,0.7435030020906523,0.8631293270736933,0.0328790120386175,0.3429064195066916,0.3429064195066916,2
2019-07-05,-0.0114152412136924,0.7181483596735443,0.0486107282340526,,0.1905758354276645,0.1905758354276645,1
2019-07-08,-0.0216143187984928,0.7830553979316908,0.3457073964178562,0.5316678971612501,0.1448061252137025,0.1448061252137025,5
2019-07-09,-0.000233551992236,1.0097579731450586,0.4807094419375062,0.4210392567472611,0.0683221481864651,0.0683221481864651,4
2019-07-10,-0.0049447502653284,0.967279991910096,0.5383967310190201,0.3032089800470108,0.1662793487434586,0.1662793487434586,2
2019-07-11,0.0072784937042869,0.9424242548761924,0.5587685406208038,,0.2043127271160484,0.2043127271160484,1
2019-07-12,-0.002628042532973,0.924418148232737,-0.2989696396980434,0.6554290675907192,0.3249224940594286,0.3249224940594286,8
2019-07-15,0.0030983856392325,0.8921315793277882,0.4059387315064668,0.5179349479897697,-0.0121534567791967,-0.0121534567791967,2
2019-07-16,0.0063868577322556,0.8588348224312728,-0.4757349085062742,0.7722641678262792,-0.2190541466046124,-0.2190541466046124,5
2019-07-17,0.0021327874810327,0.8418273475084879,-0.1278615458868444,0.4492746327364846,-0.1848325278423725,-0.1848325278423725,5
2019-07-18,-0.0077820399135673,0.8096363258516224,0.857680194079876,,0.1280849356390536,0.1280849356390536,1
2019-07-19,-0.015437326885714,0.8194575149203481,0.4394892383366823,0.7560610181886186,0.2199023419059814,0.2199023419059814,5
2019-07-22,-0.0064176244949366,0.9257625251181842,0.0537183813285082,0.747969686482293,0.233472997257486,0.233472997257486,4
2019-07-23,-0.001336175495625,0.913379437603949,-0.0006163583602756,0.6982517274921836,0.2589220347627998,0.2589220347627998,4
2019-07-24,-0.0052870732659151,0.878174246676631,-0.8995684683322906,,-0.0925276977196335,-0.0925276977196335,1
2019-07-25,-0.0017003983413219,0.8620860539074123,-0.8943249555304646,0.0103219541782252,-0.3592905364930628,-0.3592905364930628,2
2019-07-29,-0.0084633169752627,0.8007861722897182,0.0241912192432209,0.5397089254823345,-0.3279191546654328,-0.3279191546654328,8
2019-07-30,-0.0093200823653439,0.8182657806823658,0.0521306745441896,0.606821611072641,-0.3173697480845397,-0.3173697480845397,7
2019-07-31,0.0029364540769757,0.8426550256061872,-0.882812038064003,,-0.3140184620308822,-0.3140184620308822,1
2019-08-01,-0.0124899804498931,0.8120153378566628,0.3031229265034199,0.6577518029960069,-0.0745288856241053,-0.0745288856241053,6
2019-08-02,0.0015788630828991,0.8761592629225997,-0.2102295383810997,0.952433797762895,-0.1427193512308543,-0.1427193512308543,2
2019-08-05,-0.0123286385918026,0.8412494110465912,-0.0442366562783718,0.5449311876975331,0.0836956237629056,0.0836956237629056,4
2019-08-06,0.007853965566277,0.8986058204595516,0.0603170194663107,0.716931514118036,0.0351344423554838,0.0351344423554838,4
2019-08-07,-0.0085077621466028,0.8881133405169402,0.4244111906737089,0.5369748596059479,0.1620625881664455,0.1620625881664455,4
2019-08-08,0.0161690837982416,0.8964267768758881,-0.2924447559441129,0.369229045781535,0.0318727569344143,0.0318727569344143,6
2019-08-09,0.0069731873754653,0.9770353644641092,0.1816765632480383,0.3429020013727441,0.0659446722331147,0.0659446722331147,5
2019-08-13,-0.0166826297594268,0.9544958176548148,-0.0905927866697311,1.0743595834198023,0.268229112289846,0.268229112289846,2
2019-08-14,0.0094329646972824,1.0542120254976717,0.2841447763001689,0.5078182995905478,0.2887227549002721,0.2887227549002721,13
2019-08-16,0.0016668253365152,1.042062163819248,0.0996635993942618,0.5706584762821462,0.2066695054778113,0.2066695054778113,6
2019-08-19,0.0005520467691192,0.997709252541336,0.6173967601110538,0.2277184263155011,0.2084929235279561,0.2084929235279561,12
2019-08-20,-0.0033438078514244,0.9554778716911646,0.6052464001945087,0.2747694922482213,0.2530537210804012,0.2530537210804012,7
2019-08-21,-0.0089626008590573,0.923848159682915,0.3042767505560602,0.675540192016409,0.2939763513127608,0.2939763513127608,7
2019-08-22,-0.0163761903599742,0.9326808204538564,0.014456542674452,0.0027820509084758,0.3105734777060293,0.3105734777060293,2
2019-08-23,0.0081592615346459,1.0317876216020727,-0.3433985449373722,0.5714829414473913,0.2395955817197405,0.2395955817197405,4
2019-08-26,0.0208805429846769,1.0124632706227863,0.1685557449236512,0.5770835464560986,0.0262356860252718,0.0262356860252718,4
2019-08-27,0.0042863913515562,1.1429065728034309,0.2328856116668744,0.7080084681687117,0.0699214998237563,0.0699214998237563,11
2019-08-28,-0.0053495498840406,1.0977718809943948,0.2478244081139564,0.4100070612874368,0.188166090434022,0.188166090434022,3
2019-08-29,-0.0088932138970112,1.0658300276756438,-0.1800189241766929,0.6860196558821682,0.1625681440882159,0.1625681440882159,4
2019-08-30,0.006822503346491,1.0601725300121956,0.3722344484180212,0.4983184904749907,0.1682962577891621,0.1682962577891621,15
2019-09-03,-0.0206549716202419,1.030746983911281,0.0042666447433558,0.5705931168922819,0.1651250745208926,0.1651250745208926,11
2019-09-04,0.0043201998863098,1.177979705006417,0.1687606863677501,0.669245288328065,0.1244303221108384,0.1244303221108384,10
2019-09-05,0.000299642034456,1.1308758894976765,0.0942836567759513,0.7047405216282913,0.1156029042112944,0.1156029042112944,5
2019-09-06,0.0090208330367241,1.0813125704076167,0.372846744954586,0.742210712187165,0.1889476474630949,0.1889476474630949,2
2019-09-09,0.0051801074294417,1.0638949874142565,-0.0754021722823381,0.3580478799885988,0.3067388563603163,0.3067388563603163,4
2019-09-11,0.00296300057966,1.0266345429064905,-0.0124905779957771,0.8930956163272284,0.2518768437951804,0.2518768437951804,3
2019-09-12,-0.0048050950254965,0.9850167936918662,0.0848801357385057,0.6285636634597511,0.1102222375886945,0.1102222375886945,13
2019-09-13,0.0084412171097482,0.9581417346322816,0.3442495999857783,0.4275272203988351,0.1093095804693607,0.1093095804693607,5
2019-09-16,-0.0065582079983637,0.9468366785014912,0.3195969293204446,0.7005178110880794,0.0177088303496249,0.0177088303496249,6
2019-09-17,-0.0170390027633122,0.9336827451442248,0.2166011923303206,0.3283335878896927,0.0440530416679879,0.0440530416679879,3
2019-09-18,0.0021285921026311,1.042687647505366,0.1220431421883404,0.6595170585941429,-0.0003882498914996,-0.0003882498914996,5
2019-09-19,-0.0126107725834496,0.998780762294634,0.2372119508683681,0.6115967031640677,0.1936671540265282,0.1936671540265282,5
2019-09-20,0.0518247259951442,1.0373895227921888,0.7314737488826116,0.1035793563191628,0.3253853927180171,0.3253853927180171,3
2019-09-23,0.0285054094215263,1.8289099306185816,0.506564088538289,0.7367946748467133,0.4054380648831527,0.4054380648831527,5
2019-09-24,-0.001035000333708,1.9320446651788488,0.2621228897145816,0.4478884559746816,0.4104202526523954,0.4104202526523954,7
2019-09-25,-0.0128538704574952,1.841050733073737,0.460581325367093,0.4148144506589595,0.3562417679492917,0.3562417679492917,5
2019-09-26,0.011385783826013,1.8010011428571897,0.2429730210453272,0.7600111894684946,0.3961884176943984,0.3961884176943984,10
2019-09-27,-0.0050945199509384,1.7455280689838448,0.5117768347263336,,0.3968036318783249,0.3968036318783249,1
2019-09-30,-0.0033019077276591,1.6726015645594865,0.220666053187516,0.344212888595322,0.3503535202849243,0.3503535202849243,9
2019-10-01,-0.0100331967125401,1.5988444368730597,0.2612217759181346,0.5127687628146114,0.3540032712594858,0.3540032712594858,14
2019-10-03,-0.0040487479027005,1.558368434789081,0.121173620223999,0.6386507634720289,0.2836265133173457,0.2836265133173457,6
2019-10-04,-0.0123841280362274,1.4928981781809862,0.0335686651345055,0.5056959672724423,0.1956549696223321,0.1956549696223321,13
2019-10-07,-0.0043360709453904,1.4776114653277843,0.1970941125764511,0.6998617570166743,0.0356870295482879,0.0356870295482879,8
2019-10-09,0.0166583095543536,1.4176571737727477,0.21944245765917,0.5559396589698264,0.0205711041869963,0.0205711041869963,4
2019-10-10,-0.0069851734480923,1.4347279093208376,0.0224705837810268,0.5607882493931913,-0.0032590227314739,-0.0032590227314739,13
2019-10-11,0.006255677219734,1.3883760307979134,0.145983949676156,0.9496136977722538,0.0889422609171361,0.0889422609171361,5
2019-10-14,0.0031882272704231,1.3351833705746987,0.022217712794932,0.6530439352605233,0.1649029493754586,0.1649029493754586,13
2019-10-15,0.0076549797105181,1.2766152324164766,0.3645983608439564,0.3977456126541565,0.1939341300124159,0.1939341300124159,3
2019-10-16,0.0031189722795879,1.23663789186569,0.277051962679252,0.5055878058486373,0.244850405792061,0.244850405792061,8
2019-10-17,0.0106159568508184,1.183392021768289,0.438623267536362,0.6888824620424844,0.3033782693641021,0.3033782693641021,3
2019-10-18,0.0064951495568105,1.1691670440445592,-0.0803235028870403,0.5732508397022685,0.2044335601934925,0.2044335601934925,4
2019-10-22,-0.0063225475319826,1.130716379652304,-0.008152605288408,0.5708842567123963,-0.0282062034320198,-0.0282062034320198,11
2019-10-23,0.0013582008758651,1.101781179017011,0.021487296714137,0.5822017518580913,-0.0078440435117843,-0.0078440435117843,6
2019-10-24,-0.0018545120164874,1.053893872845474,-0.2155263817403465,0.4823674823702151,-0.0839757394398364,-0.0839757394398364,4
2019-10-25,0.0001122984698912,1.0115278463520598,-0.2584778303280473,0.81376508995335,-0.0771682593703382,-0.0771682593703382,4
2019-10-29,0.0173682334074765,0.9686889329169684,-0.1306052071973681,0.7542857133284224,-0.2789048192681124,-0.2789048192681124,5
2019-10-30,0.0048453501784329,1.0541048123394805,-0.132747850070397,0.6292635846153996,-0.2537588232165823,-0.2537588232165823,6
2019-10-31,0.0028118405572833,1.016197761351573,-0.3324200396559068,0.6376869603437153,-0.2307740311040764,-0.2307740311040764,14
2019-11-01,0.0011064782775295,0.9748877465226118,-0.0026259949430823,0.6159214085976116,-0.1726350660214111,-0.1726350660214111,10
2019-11-04,0.0042548242520918,0.9339909702279284,0.3263360802860309,0.6091379538581736,-0.0435092121792868,-0.0435092121792868,12
2019-11-05,-0.0020202122992972,0.9015548444421077,0.005158600397408,0.5782687680984645,0.0240065158313761,0.0240065158313761,7
2019-11-06,0.0040907060383537,0.8687902426887636,0.0415501649388008,0.7429359972979047,0.0328417478077528,0.0328417478077528,9
2019-11-07,0.0038368392142123,0.8399786664511844,0.2646948092151433,0.4706300600363921,0.1538756855246094,0.1538756855246094,12
2019-11-08,-0.0086872239057793,0.8121560104048045,-0.1658019119730362,0.5799137576088209,0.0943875485728694,0.0943875485728694,13
2019-11-11,0.0004449579074941,0.8306058389932568,0.0252579418011009,0.7250932647734278,-0.0281045066091653,-0.0281045066091653,10
2019-11-13,-0.0061463783728446,0.798058703682915,-0.4198627097066492,0.4465277764916885,-0.0819785404642327,-0.0819785404642327,4
2019-11-14,0.0026694246816312,0.7949091427195359,0.0592043364886194,0.4303599206946825,-0.0369772907719015,-0.0369772907719015,6
2019-11-15,0.0019649138125061,0.7666293735031339,0.8479889333248138,,0.1938652032986283,0.1938652032986283,1
2019-11-18,-0.0009209603886071,0.738792235291003,0.3302358359630619,0.6110286711688571,0.3493230560994042,0.3493230560994042,7
2019-11-19,0.0046674203321069,0.7135255020688813,0.1568259844207205,0.5543652642598015,0.3688473856858244,0.3688473856858244,16
2019-11-20,0.0049291639974579,0.6980970417027551,0.0605311690491031,0.5195688894997422,0.2113558328306823,0.2113558328306823,11
2019-11-21,-0.002561738649308,0.6852560503407139,0.1627172202404056,0.5663131589892686,0.138107053775419,0.138107053775419,7
2019-11-22,-0.0045220903960493,0.669035040340555,0.526120999827981,0.5474893776185813,0.2472862419002544,0.2472862419002544,10
2019-11-25,0.0132858891358918,0.665553186867689,0.2551084619481116,0.7955084376572624,0.3831482730751446,0.3831482730751446,4
2019-11-26,-0.0029902665544935,0.74553366293631,0.1901951149106025,0.6374658569595923,0.4090810622474445,0.4090810622474445,5
2019-11-27,0.0052199103527662,0.7268253637065818,0.4072327008470893,0.531329422161323,0.4579841583687812,0.4579841583687812,4
2019-11-28,0.0041605293507918,0.7133328053637666,0.0066873812013202,0.4826896656563599,0.3540974346434491,0.3540974346434491,9
2019-11-29,-0.0078572552326699,0.6955067386203259,0.410560757232209,0.717635031938175,0.2539568832278666,0.2539568832278666,6
2019-12-02,-0.0006513050314763,0.7193340843574029,0.3769748714855975,0.5099780913467261,0.349249966070056,0.349249966070056,9
2019-12-03,-0.0044920715009142,0.6947888492225428,0.3250836258133252,0.574475033101746,0.412929214992457,0.412929214992457,12
2019-12-04,0.0040769856204158,0.6887787397662636,0.0957568347454071,0.9407775109388404,0.3499684304950966,0.3499684304950966,5
2019-12-05,-0.0020613602474655,0.6723904687786566,0.0996589337009936,0.6302022996751281,0.2823885324897451,0.2823885324897451,20
2019-12-06,-0.0080953486219982,0.6550234886931933,0.3673075841894994,0.5755125971595635,0.2529563699869646,0.2529563699869646,12
2019-12-09,0.0013412131605239,0.6868698869971963,0.3328988844528794,0.481025258582796,0.270099336070319,0.270099336070319,10
2019-12-10,-0.0067831796188954,0.6633466674697877,0.1939565553847286,0.5484585415827644,0.288958860407066,0.288958860407066,9
2019-12-11,0.0044894843560396,0.6799120919042231,0.091557445221891,0.5169732163587416,0.2338088326135443,0.2338088326135443,15
2019-12-12,0.0051628573460297,0.6661682490346688,0.0859090142184868,0.5606949313365658,0.2054523454632403,0.2054523454632403,8
2019-12-13,0.0095518227839611,0.6572893031820451,0.3149544990155846,0.520957087754468,0.2038552796587141,0.2038552796587141,8
2019-12-16,-0.0027132674192033,0.688387288453264,0.2308624368160963,0.7297148691412868,0.2783711189171299,0.2783711189171299,5
2019-12-17,0.0091705529807056,0.6726233988695857,0.0669302537239023,0.5257289838776321,0.274575366818213,0.274575366818213,7
2019-12-18,0.0046460249046105,0.6973996280152593,0.3005137797445059,0.7395514035821822,0.2716872229639973,0.2716872229639973,4
2019-12-19,0.0031084751792857,0.6831013483984577,0.0905280886217951,0.6000005128627088,0.1997333645288433,0.1997333645288433,6
2019-12-20,0.0009864549951019,0.6633900248843,0.1093402570113539,0.6885355035288027,0.1596349631835308,0.1596349631835308,6
2019-12-23,-0.000737719270985,0.6411796955611903,0.0322113222043429,0.626312253543177,0.2273946944358094,0.2273946944358094,7
2019-12-24,-0.0039383639534341,0.6219879847868395,0.0029161711378643,0.5774285152609037,0.2098723109390232,0.2098723109390232,12
2019-12-26,-0.0072306004913641,0.618723516762798,0.0845062755979597,0.6851548587809346,0.1792273480334275,0.1792273480334275,8
2019-12-27,0.009785757510884,0.6456432360268994,0.0470340908750107,0.6225222645566134,0.0887611861899729,0.0887611861899729,19
2019-12-30,0.0008203370378256,0.6811307207379578,-0.1811062532942742,0.5434093095872548,-0.0438505865917085,-0.0438505865917085,8
2019-12-31,-0.007156789574995,0.6577381909071067,0.0476239675966401,0.77202207368864,-0.0512270481919724,-0.0512270481919724,12
2020-01-01,0.0011539431631088,0.678821682153469,0.2364023278156916,0.8145708602838877,-0.0133534008038362,-0.0133534008038362,3
2020-01-02,0.0081505799340132,0.6556879415929078,0.3278161027701571,0.6460667225527645,0.0643798474787867,0.0643798474787867,8
2020-01-03,-0.0045330481423355,0.6718933709051494,0.7125482773408294,0.1382152919629547,0.2286568844458088,0.2286568844458088,4
2020-01-06,-0.0192907284731414,0.6682283927103817,0.2730517590728898,0.7015118808003629,0.3634650850502242,0.3634650850502242,12
2020-01-07,0.0049821604032702,0.8831394722483383,0.1959441291168332,0.5796051138869207,0.3370906903195594,0.3370906903195594,5
2020-01-08,-0.0022925703434345,0.8569658547218895,0.159645431364576,0.7246041751489588,0.2265101211243087,0.2265101211243087,6
2020-01-09,0.0157215247601045,0.8278700790823388,-0.1254484187811613,1.1176019944767104,0.2418144339260955,0.2418144339260955,2
2020-01-10,0.003342455210374,0.9140414352565638,0.1160109349127326,0.6407066234367698,0.1238407671371741,0.1238407671371741,7
2020-01-13,0.0059179352344971,0.8800284320002612,-0.0816769860684871,0.2595053797344502,-0.0788718377195653,-0.0788718377195653,2
2020-01-14,0.0026526987425187,0.8587155404314435,0.2876025984296575,0.6058255271067221,0.0037383657225984,0.0037383657225984,8
2020-01-15,-0.0015381131440847,0.8264447986740804,0.4179602325893938,0.4410253887489107,0.0641282252579307,0.0641282252579307,10
2020-01-16,0.00098791814997,0.7970608883549454,0.6900744875892997,0.3390977725179122,0.0841162470712637,0.0841162470712637,4
2020-01-17,-0.0002550113176078,0.7665031246525508,-0.338989108800888,,0.1949942447477952,0.1949942447477952,1
2020-01-20,-0.010400087859252,0.7383805628758745,0.3488541673868894,0.6529998159111813,-0.0275926118716596,-0.0275926118716596,3
2020-01-21,-0.0044846594550091,0.7863903773651456,-0.0724944770336151,,-0.1801064047962426,-0.1801064047962426,1
2020-01-22,-0.0051859791637364,0.7726285741036906,0.1190711116263022,0.5260729547821947,-0.0884943607108046,-0.0884943607108046,6
2020-01-23,0.0060483951593072,0.7646219393595655,0.1434814144069185,0.6123335693332357,0.1243935425204631,0.1243935425204631,13
2020-01-24,0.0055591042118478,0.7530653262437156,-0.030283460393548,0.5869705935039433,0.1017257511985894,0.1017257511985894,5
2020-01-27,-0.0106086006564749,0.7394478588342934,-0.0164923745074442,0.5283124866296962,-0.1608784607928859,-0.1608784607928859,7
2020-01-28,-0.0052286132506335,0.7899859845247899,0.1333908086849583,0.6982397478430689,-0.162896581937278,-0.162896581937278,9
2020-01-29,0.0060946462552533,0.780779157421427,0.1663449592888355,0.7417849303363862,-0.1235708980008013,-0.1235708980008013,5
2020-01-30,-0.0077549764050795,0.7681906775362074,-0.07259594121327,0.6071101964611338,0.0447652337333513,0.0447652337333513,6
2020-01-31,-0.0061422398476357,0.7823036051666975,-0.4675194039009511,0.6475437781506815,-0.0513743903295742,-0.0513743903295742,2
2020-02-03,-0.0214794247492997,0.7805950311155723,-0.3866201558460791,0.922160711917888,-0.1628464349545537,-0.1628464349545537,3
2020-02-04,0.0229455485200191,1.0053338100496267,0.373153836466372,0.5568643248615569,-0.1214846595190464,-0.1214846595190464,7
2020-02-05,0.009098978920125,1.1714427234470364,0.1869234032928943,1.00613037371054,-0.0695807906178136,-0.0695807906178136,2
2020-02-06,0.0040285357723643,1.1474015723775275,0.2546029719006684,0.7144036891756129,0.0748436845425103,0.0748436845425103,9
2020-02-07,-0.0032678768209591,1.101279275154436,-0.0146533552823322,0.7139358089881874,0.0826813401063047,0.0826813401063047,7
2020-02-10,-0.0055408368875527,1.060156085370391,-0.0504422571717037,0.6504789015324021,-0.1734854034718776,-0.1734854034718776,9
2020-02-11,0.0063299538920958,1.0318830048605507,0.2461227249354124,0.4201775388840603,-0.1751814528649288,-0.1751814528649288,5
2020-02-12,0.0076761591804553,1.0018805706094986,-0.0226441923296079,0.6144206973568195,-0.1767796202743839,-0.1767796202743839,8
2020-02-13,-0.0021783703582191,0.9817610702569338,0.624656448373571,0.3763679826218406,0.1232744117552001,0.1232744117552001,4
2020-02-14,-0.0050395315698233,0.9445177914240996,-0.4132105732957522,0.8187607046574871,0.0768964301023839,0.0768964301023839,3
2020-02-17,-0.0056003863896707,0.9218580530574624,-0.2479248282810052,0.9950007088355156,-0.1057628711219876,-0.1057628711219876,3
2020-02-18,-0.0044345808537079,0.9042997402444124,0.1897381184001763,0.5290565123490273,-0.1927465371166665,-0.1927465371166665,3
2020-02-19,0.0110622386930189,0.881265660093145,-0.0151517145335674,0.5365253953751952,-0.1131347653642296,-0.1131347653642296,5
2020-02-20,-0.0037221711517002,0.9007752185006412,0.1396954506635666,0.8093452254715726,-0.0552321250736712,-0.0552321250736712,8
2020-02-24,-0.0210335307220503,0.8744502092798442,-0.2892283257097006,0.777842968067343,0.1016452451546987,0.1016452451546987,4
2020-02-25,-0.0026664085715663,1.0645773533971432,0.1922696107067167,0.6695745774783071,0.1121600771633288,0.1121600771633288,8
2020-02-26,-0.0101720381463894,1.0237465076725631,0.505217022204306,0.3813950003207245,0.351630679909916,0.351630679909916,8
2020-02-27,-0.0038778860778288,1.033572966164117,0.6779268748526063,0.4007420787194818,0.3182067170578411,0.3182067170578411,7
2020-02-28,-0.0378016423222764,0.9990379212908008,-0.2767272759228945,0.4297363000669915,0.1618915812262068,0.1618915812262068,3
2020-03-02,-0.0061788013630017,1.5029856084303568,0.4512420892715454,0.6322291484690707,0.16372258153611,0.16372258153611,2
2020-03-03,0.0152034864709549,1.4484841879557229,-0.4985181796364486,0.3938717946106436,-0.0715664293617009,-0.0715664293617009,4
2020-03-04,-0.0046376876143074,1.448564812899937,0.1811889205127954,0.6565354507875523,0.020016809925437,0.020016809925437,6
2020-03-05,0.0015985793812774,1.3913297170476229,0.3475522128865123,0.3575872863305525,0.0886031378991902,0.0886031378991902,21
2020-03-06,-0.0251198535301779,1.3279124069742905,0.3822681809196601,0.4400793595026113,0.1727466447908129,0.1727466447908129,37
2020-03-09,-0.0501949959864756,1.4872346349033274,0.3534619049727917,0.420822402953545,0.3922521278723773,0.3922521278723773,25
2020-03-11,0.0006647771623133,2.0877481614843973,0.2183835914668937,0.6375876370996416,0.3218957658689469,0.3218957658689469,18
2020-03-12,-0.0866689498179394,1.988016144883352,0.2491686457975043,0.5940573073477828,0.3016105666537252,0.3016105666537252,18
2020-03-13,0.0373584765423917,3.239518917437919,0.3466895692464378,0.5934152498001187,0.265471740761151,0.265471740761151,9
2020-03-16,-0.0791741694511037,3.272455280709788,0.3081577773361156,0.4566391711723019,0.2664024552589076,0.2664024552589076,18
2020-03-17,-0.025364151715096,3.932729425787024,0.1529306745156645,0.6711236519712144,0.2471548610025396,0.2471548610025396,10
2020-03-18,-0.0571679271151332,3.821832323848493,0.3767018424920164,0.4973985008610229,0.2531573156516554,0.2531573156516554,13
2020-03-19,-0.0245465995477513,4.030590369390463,0.4347137992994653,0.4277118184610486,0.3143292923562197,0.3143292923562197,9
2020-03-20,0.0566913879444369,3.908021621339096,0.2907205503433943,0.3642377017270594,0.3126449287973313,0.3126449287973313,9
2020-03-23,-0.139037564610512,4.079807761263771,0.1128756334073841,0.5693121589930582,0.3687903356696997,0.3687903356696997,6
2020-03-24,0.0247622921384646,5.720401276961271,0.4887047900507847,0.3745806216949059,0.3795885338199636,0.3795885338199636,6
2020-03-25,0.0641454460311805,5.486872653144861,0.0926851818803697,0.1663628889745933,0.3399814601273587,0.3399814601273587,4
2020-03-26,0.0381666543961638,5.554595568639384,0.3614899382616083,0.6166774575057345,0.2833469070649396,0.2833469070649396,6
2020-03-27,0.0021731751069639,5.400093218050129,-0.1475021080113947,0.5700702843751753,0.1816506871177505,0.1816506871177505,14
2020-03-30,-0.0447678278737022,5.134904895602993,0.3164376240223646,0.4391690453869448,0.0650945680712661,0.0650945680712661,5
2020-03-31,0.0375247784776983,5.070891188487068,0.4207131654024124,0.4472081735106513,0.0769392134994269,0.0769392134994269,5
2020-04-01,-0.0408268644244904,4.947062265919973,0.3785187844187021,0.5868904205645076,0.1821433919854463,0.1821433919854463,5
2020-04-03,-0.0208116418506999,4.867463364234162,0.2575483545660972,0.3450222228016925,0.3053884365569269,0.3053884365569269,4
2020-04-07,0.0840029521628222,4.673718927295381,0.1064676479436457,0.681195434643824,-0.2540708252849677,-0.2540708252849677,4
2020-04-08,-0.0049541539879532,5.101030391090086,0.6387719223275781,0.3141043579157097,-0.1778261117326716,-0.1778261117326716,4
2020-04-09,0.0406704613937413,4.853536356515343,0.3336664913222193,0.2720318134303123,0.0709685867962738,0.0709685867962738,4
2020-04-13,-0.0130403274235616,4.768884192266537,-0.1979946881532669,0.7829205894119375,0.0252628087057244,0.0252628087057244,5
2020-04-15,-0.0076510483286485,4.553771518388979,-0.121377815802892,0.6587331229363745,-0.0014344442955084,-0.0014344442955084,3
2020-04-16,0.0075343167835424,4.337796279209969,0.1179050467908382,0.911361383056021,-0.0281624670326708,-0.0281624670326708,2
2020-04-17,0.0300084893471159,4.13025187749296,0.0373741940129548,0.5017344894795044,-0.0220030647423117,-0.0220030647423117,8
2020-04-20,-0.0005289542483047,4.0253373220869095,0.1887320816516876,0.5004603010496738,0.2333376438636333,0.2333376438636333,5
2020-04-21,-0.0307424095868608,3.828495153192523,0.0915222294362528,0.5484553513417181,0.2280610803927162,0.2280610803927162,7
2020-04-22,0.0226607133769272,3.762374364956176,0.0448184013366699,,0.2295499218574592,0.2295499218574592,1
2020-04-23,0.0136858755813272,3.63861228066326,0.4152900991030037,0.5678440983033594,0.2227345069258341,0.2227345069258341,12
2020-04-24,-0.0172732692247864,3.4826619507198973,0.5483804331161082,0.3613740445220209,0.2577486489287445,0.2577486489287445,4
2020-04-27,0.0138746591837446,3.356723863673412,0.0284311037200192,0.3352165808565301,0.3321176223767301,0.3321176223767301,6
2020-04-28,0.010566409007242,3.2173630822545607,0.3250956957538922,0.4590173032038278,0.3881730812601746,0.3881730812601746,6
2020-04-29,0.0182160885502695,3.07487615625687,0.0361698260530829,0.9035932108686966,0.3123490266501904,0.3123490266501904,4
2020-04-30,0.0315842287594642,2.972106398619246,-0.2398295100778341,0.4266279330421846,0.1547070380114019,0.1547070380114019,5
2020-05-04,-0.0591608351265545,2.9758596919171096,0.2945240914821624,0.3841447767257335,0.0347374844551087,0.0347374844551087,5
2020-05-05,-0.0095032789725698,3.355779229193425,-0.3976999251171946,0.5724897747016213,0.0031634014472365,0.0031634014472365,2
2020-05-06,0.0070685522845568,3.2070037402411207,-0.1670839661466223,0.630826219155987,0.0466903000378183,0.0466903000378183,7
2020-05-07,-0.007780307756411,3.0567419393445903,0.0849554510787129,0.3158093811345601,-0.0372093177161045,-0.0372093177161045,6
2020-05-08,0.0056855039177872,2.919374704608493,-0.2390864256769418,0.4523719756335917,-0.0848781548759766,-0.0848781548759766,5
2020-05-11,-0.0013303775813467,2.781582984068708,0.1494307415559888,0.8243556193091649,-0.2230281948049862,-0.2230281948049862,2
2020-05-12,-0.0046269304709594,2.6474851204091747,0.8702424047514796,0.0455099707758,-0.0659708040704329,-0.0659708040704329,2
2020-05-13,0.0201297429354734,2.5245771839751927,-0.3283487148582935,0.4702728234688348,-0.0838232619067032,-0.0838232619067032,2
2020-05-14,-0.0259969199371075,2.47237253156594,-0.3934052015344302,0.4495773849856986,-0.0746443272878725,-0.0746443272878725,3
2020-05-15,-0.000645571123658,2.486748217772888,0.4932744354009628,,0.1582387330631415,0.1582387330631415,1
2020-05-18,-0.0349253614900618,2.3671424720721084,0.6773065030574799,,0.1133242892722289,0.1133242892722289,1
2020-05-19,0.0063098736505969,2.495518230495908,-0.0339635753383239,0.0964608788853539,0.1722013171762228,0.1722013171762228,3
2020-05-20,0.0208916388393265,2.380982251711234,0.1125173922628164,0.0936072956901103,0.2733858359356722,0.2733858359356722,3
2020-05-21,0.0043691955994809,2.345910661119479,0.1640313272364437,0.5998288785013133,0.2075372143027683,0.2075372143027683,6
2020-05-22,-0.0073847846008156,2.23571345542274,-0.1376860216259956,0.5162922635467355,0.1564411251184841,0.1564411251184841,6
2020-05-26,-0.0011290709703029,2.142450740862272,0.4434597622603178,0.501416328384539,-0.1210449200123548,-0.1210449200123548,2
